benchmark_id,question_id,dataset,ir_image,rgb_image,question_type,selected_question,canonical_answer,accepted_source,accepted_0_or_1,unambiguous_0_or_1,observable_in_ir_0_or_1,ir_evidence,adjudicator_comments
FBQ-0001,FBQ-0001-CANON-Q1,NWPU,images/FBQ-0001_ir.jpg,images/FBQ-0001_rgb.jpg,scene_category,What type of facility is shown?,Airport,sol,1,1,1,Broad intersecting strips and repeated lane markings form an airport layout.,
FBQ-0001,FBQ-0001-CANON-Q2,NWPU,images/FBQ-0001_ir.jpg,images/FBQ-0001_rgb.jpg,object_presence,Are rounded rectangular regions visible?,Yes,rewrite,1,1,1,Several large dark rounded rectangles are enclosed by bright strips.,
FBQ-0001,FBQ-0001-CANON-Q3,NWPU,images/FBQ-0001_ir.jpg,images/FBQ-0001_rgb.jpg,spatial_structure,Where is the largest dark region located?,Near the center,rewrite,1,1,1,The largest dark rounded rectangle occupies the central portion of the image.,
FBQ-0001,FBQ-0001-CANON-Q4,NWPU,images/FBQ-0001_ir.jpg,images/FBQ-0001_rgb.jpg,intensity_contrast,Are the linear strips brighter than the enclosed regions?,Yes,rewrite,1,1,1,The connecting strips are bright while the enclosed rounded regions are dark.,
FBQ-0002,FBQ-0002-CANON-Q1,NWPU,images/FBQ-0002_ir.jpg,images/FBQ-0002_rgb.jpg,scene_category,What type of transportation facility is shown?,Airport,sol,1,1,1,"A long runway-like strip, curved connections, and a broad rectangular area are visible.",
FBQ-0002,FBQ-0002-CANON-Q2,NWPU,images/FBQ-0002_ir.jpg,images/FBQ-0002_rgb.jpg,object_presence,Is a long runway-like strip visible?,Yes,rewrite,1,1,1,A long continuous linear strip extends along the left side.,
FBQ-0002,FBQ-0002-CANON-Q3,NWPU,images/FBQ-0002_ir.jpg,images/FBQ-0002_rgb.jpg,spatial_structure,Where is the dense textured area located?,On the right,terra,1,1,1,Irregular clustered structures occupy the right side beside the linear strips.,
FBQ-0002,FBQ-0002-CANON-Q4,NWPU,images/FBQ-0002_ir.jpg,images/FBQ-0002_rgb.jpg,intensity_contrast,Are the narrow connecting strips brighter than the large plots?,Yes,rewrite,1,1,1,The narrow strips are bright while the adjacent elongated plots are dark.,
FBQ-0003,FBQ-0003-CANON-Q1,NWPU,images/FBQ-0003_ir.jpg,images/FBQ-0003_rgb.jpg,scene_category,What type of facility dominates the scene?,Airfield,sol,1,1,1,Several long intersecting strips form a runway-and-taxiway-like layout.,
FBQ-0003,FBQ-0003-CANON-Q2,NWPU,images/FBQ-0003_ir.jpg,images/FBQ-0003_rgb.jpg,object_presence,Are multiple long linear strips present?,Yes,rewrite,1,1,1,"Several narrow, sharply bounded strips cross the image.",
FBQ-0003,FBQ-0003-CANON-Q3,NWPU,images/FBQ-0003_ir.jpg,images/FBQ-0003_rgb.jpg,spatial_structure,Where is the dense structural cluster located?,Upper right,sol,1,1,1,Numerous small irregular structures are concentrated in the upper-right quadrant.,
FBQ-0003,FBQ-0003-CANON-Q4,NWPU,images/FBQ-0003_ir.jpg,images/FBQ-0003_rgb.jpg,intensity_contrast,Is the structural cluster brighter than nearby open areas?,Yes,sol,1,1,1,The upper-right cluster contains many bright patches beside darker open regions.,
FBQ-0004,FBQ-0004-CANON-Q1,NWPU,images/FBQ-0004_ir.jpg,images/FBQ-0004_rgb.jpg,scene_category,What type of complex is shown?,Baseball complex,sol,1,1,1,Repeated fan-shaped fields with diamond infield outlines are clearly visible.,
FBQ-0004,FBQ-0004-CANON-Q2,NWPU,images/FBQ-0004_ir.jpg,images/FBQ-0004_rgb.jpg,object_presence,Are multiple baseball diamonds visible?,Yes,rewrite,1,1,1,Multiple repeated diamond-and-arc field patterns appear across the image.,
FBQ-0004,FBQ-0004-CANON-Q3,NWPU,images/FBQ-0004_ir.jpg,images/FBQ-0004_rgb.jpg,spatial_structure,Where are the largest diamonds located?,In the lower half,sol,1,1,1,The two largest curved field outlines occupy the lower central and lower-right areas.,
FBQ-0004,FBQ-0004-CANON-Q4,NWPU,images/FBQ-0004_ir.jpg,images/FBQ-0004_rgb.jpg,intensity_contrast,Do the infields contrast with the surrounding fields?,Yes,rewrite,1,1,1,The inner diamond regions have distinct intensity boundaries against their surroundings.,
FBQ-0005,FBQ-0005-CANON-Q1,NWPU,images/FBQ-0005_ir.jpg,images/FBQ-0005_rgb.jpg,scene_category,What type of open area is shown?,Sports field,rewrite_backfill,1,1,1,A large regular rectangular field with a continuous perimeter dominates the frame.,The IR image lacks distinctive markings for a reliable scene category.
FBQ-0005,FBQ-0005-CANON-Q2,NWPU,images/FBQ-0005_ir.jpg,images/FBQ-0005_rgb.jpg,object_presence,Is a large rectangular open region visible?,Yes,rewrite,1,1,1,A single large dark rectangle with continuous boundaries occupies most of the center.,The IR image lacks distinctive markings for a reliable scene category.
FBQ-0005,FBQ-0005-CANON-Q3,NWPU,images/FBQ-0005_ir.jpg,images/FBQ-0005_rgb.jpg,spatial_structure,Where are the block-like structures relative to the rectangle?,To the left,rewrite,1,1,1,Several bright-edged rectangular structures lie directly left of the central region.,The IR image lacks distinctive markings for a reliable scene category.
FBQ-0005,FBQ-0005-CANON-Q4,NWPU,images/FBQ-0005_ir.jpg,images/FBQ-0005_rgb.jpg,intensity_contrast,Is the central region darker than its border?,Yes,sol,1,1,1,The central rectangle is dark while its continuous perimeter is substantially brighter.,The IR image lacks distinctive markings for a reliable scene category.
FBQ-0006,FBQ-0006-CANON-Q1,NWPU,images/FBQ-0006_ir.jpg,images/FBQ-0006_rgb.jpg,scene_category,What type of sports facility is shown?,Basketball courts,sol,1,1,1,Two court rectangles contain center circles and repeated semicircular markings.,
FBQ-0006,FBQ-0006-CANON-Q2,NWPU,images/FBQ-0006_ir.jpg,images/FBQ-0006_rgb.jpg,object_presence,Are two adjacent courts present?,Yes,sol,1,1,1,Two side-by-side court outlines are separated by a straight central boundary.,
FBQ-0006,FBQ-0006-CANON-Q3,NWPU,images/FBQ-0006_ir.jpg,images/FBQ-0006_rgb.jpg,spatial_structure,Where are the parked vehicles relative to the courts?,Below the courts,sol,1,1,1,Several small elongated vehicle shapes form a row beneath the court area.,
FBQ-0006,FBQ-0006-CANON-Q4,NWPU,images/FBQ-0006_ir.jpg,images/FBQ-0006_rgb.jpg,intensity_contrast,Are the surrounding paths brighter than the courts?,Yes,sol,1,1,1,Paths along the right and bottom are brighter than the court interiors.,
FBQ-0007,FBQ-0007-CANON-Q1,NWPU,images/FBQ-0007_ir.jpg,images/FBQ-0007_rgb.jpg,scene_category,What type of area is shown?,Sports complex,sol,1,1,1,Four marked courts grouped beside large structures form a sports complex.,
FBQ-0007,FBQ-0007-CANON-Q2,NWPU,images/FBQ-0007_ir.jpg,images/FBQ-0007_rgb.jpg,object_presence,Are four adjoining courts visible?,Yes,sol,1,1,1,Four repeated court rectangles form a two-by-two block in the upper center.,
FBQ-0007,FBQ-0007-CANON-Q3,NWPU,images/FBQ-0007_ir.jpg,images/FBQ-0007_rgb.jpg,spatial_structure,Where is the wide roadway relative to the courts?,Below the courts,rewrite,1,1,1,Several broad parallel traffic lanes run beneath the court block.,
FBQ-0007,FBQ-0007-CANON-Q4,NWPU,images/FBQ-0007_ir.jpg,images/FBQ-0007_rgb.jpg,intensity_contrast,Is the bottom roadway brighter than adjacent ground?,Yes,sol,1,1,1,The roadway forms broad bright bands bordered by darker regions.,
FBQ-0008,FBQ-0008-CANON-Q1,NWPU,images/FBQ-0008_ir.jpg,images/FBQ-0008_rgb.jpg,scene_category,What type of geographic scene is shown?,Coastline,rewrite,1,1,1,A broad smooth region meets land along a continuous curved boundary.,"Fine detail is blurred, but the large coastal boundary remains visible."
FBQ-0008,FBQ-0008-CANON-Q2,NWPU,images/FBQ-0008_ir.jpg,images/FBQ-0008_rgb.jpg,object_presence,Is a curved shoreline boundary visible?,Yes,rewrite,1,1,1,A continuous curved intensity boundary follows the left and upper margins.,"Fine detail is blurred, but the large coastal boundary remains visible."
FBQ-0008,FBQ-0008-CANON-Q3,NWPU,images/FBQ-0008_ir.jpg,images/FBQ-0008_rgb.jpg,spatial_structure,Where is the large dark land region located?,Upper right,rewrite,1,1,1,A large dark region projects into the smoother central area from the upper right.,"Fine detail is blurred, but the large coastal boundary remains visible."
FBQ-0008,FBQ-0008-CANON-Q4,NWPU,images/FBQ-0008_ir.jpg,images/FBQ-0008_rgb.jpg,intensity_contrast,Is the upper-right region darker than the central area?,Yes,rewrite,1,1,1,The upper-right region is very dark while the broad central area is much lighter.,"Fine detail is blurred, but the large coastal boundary remains visible."
FBQ-0009,FBQ-0009-CANON-Q1,NWPU,images/FBQ-0009_ir.jpg,images/FBQ-0009_rgb.jpg,scene_category,What geographic feature dominates the scene?,Coastline,sol,1,1,1,A long diagonal boundary separates a broad smooth region from textured terrain.,
FBQ-0009,FBQ-0009-CANON-Q2,NWPU,images/FBQ-0009_ir.jpg,images/FBQ-0009_rgb.jpg,object_presence,Is a narrow shore visible?,Yes,sol,1,1,1,A thin bright band follows the diagonal boundary between the two large regions.,
FBQ-0009,FBQ-0009-CANON-Q3,NWPU,images/FBQ-0009_ir.jpg,images/FBQ-0009_rgb.jpg,spatial_structure,Where is the broad water region located?,Lower right,sol,1,1,1,The largest smooth dark region occupies the lower-right side of the boundary.,
FBQ-0009,FBQ-0009-CANON-Q4,NWPU,images/FBQ-0009_ir.jpg,images/FBQ-0009_rgb.jpg,intensity_contrast,Is the inland side brighter than the water?,Yes,sol,1,1,1,The upper-left terrain is bright and textured while the lower-right region is uniformly dark.,
FBQ-0010,FBQ-0010-CANON-Q1,NWPU,images/FBQ-0010_ir.jpg,images/FBQ-0010_rgb.jpg,scene_category,What type of crossing is shown?,Bridge crossing,sol,1,1,1,Long elevated-looking linear spans cross broad dark channels.,
FBQ-0010,FBQ-0010-CANON-Q2,NWPU,images/FBQ-0010_ir.jpg,images/FBQ-0010_rgb.jpg,object_presence,Are two long crossing spans visible?,Yes,rewrite,1,1,1,Two distinct long bright spans extend across the dark channels.,
FBQ-0010,FBQ-0010-CANON-Q3,NWPU,images/FBQ-0010_ir.jpg,images/FBQ-0010_rgb.jpg,spatial_structure,How are the two long spans arranged?,Nearly parallel,rewrite,1,1,1,Both spans follow similar diagonal directions with a narrow separation.,
FBQ-0010,FBQ-0010-CANON-Q4,NWPU,images/FBQ-0010_ir.jpg,images/FBQ-0010_rgb.jpg,intensity_contrast,Are the spans brighter than the channels?,Yes,rewrite,1,1,1,The crossing spans are bright while the elongated channels are dark.,
FBQ-0011,FBQ-0011-CANON-Q1,NWPU,images/FBQ-0011_ir.jpg,images/FBQ-0011_rgb.jpg,scene_category,What type of scene is shown?,Bridge complex over water,sol,1,1,1,Two elevated linear spans are clearly outlined over a broad dark water surface.,
FBQ-0011,FBQ-0011-CANON-Q2,NWPU,images/FBQ-0011_ir.jpg,images/FBQ-0011_rgb.jpg,object_presence,Are multiple bridges visible?,Yes,sol,1,1,1,A curved upper span and a separate nearly horizontal lower span are visible.,
FBQ-0011,FBQ-0011-CANON-Q3,NWPU,images/FBQ-0011_ir.jpg,images/FBQ-0011_rgb.jpg,spatial_structure,Where is the curved bridge relative to the straight bridge?,Above it,sol,1,1,1,The curved span occupies the upper half while the straighter span runs below.,
FBQ-0011,FBQ-0011-CANON-Q4,NWPU,images/FBQ-0011_ir.jpg,images/FBQ-0011_rgb.jpg,intensity_contrast,How do the bridges appear relative to the water?,Brighter,sol,1,1,1,Both bridge surfaces have higher grayscale intensity than the surrounding dark water.,
FBQ-0012,FBQ-0012-CANON-Q1,NWPU,images/FBQ-0012_ir.jpg,images/FBQ-0012_rgb.jpg,scene_category,What broad scene type is visible?,Open terrain with linear infrastructure,rewrite,1,1,1,Broad low-texture terrain is crossed by prominent narrow linear features.,
FBQ-0012,FBQ-0012-CANON-Q2,NWPU,images/FBQ-0012_ir.jpg,images/FBQ-0012_rgb.jpg,object_presence,Is a long diagonal linear feature visible?,Yes,rewrite,1,1,1,A continuous narrow line extends diagonally across nearly the entire frame.,
FBQ-0012,FBQ-0012-CANON-Q3,NWPU,images/FBQ-0012_ir.jpg,images/FBQ-0012_rgb.jpg,spatial_structure,In which direction does the main linear feature extend?,Lower left to upper right,rewrite,1,1,1,The dominant narrow feature connects the lower-left edge with the upper-right area.,
FBQ-0012,FBQ-0012-CANON-Q4,NWPU,images/FBQ-0012_ir.jpg,images/FBQ-0012_rgb.jpg,intensity_contrast,How does the main linear feature compare with its surroundings?,Brighter,rewrite,1,1,1,The diagonal feature has distinctly higher grayscale intensity than the adjacent terrain.,
FBQ-0013,FBQ-0013-CANON-Q1,NWPU,images/FBQ-0013_ir.jpg,images/FBQ-0013_rgb.jpg,scene_category,What scene type is shown?,Sparse shrubland,terra,1,1,1,Numerous separated rounded vegetation-like crowns occur across broad open ground.,
FBQ-0013,FBQ-0013-CANON-Q2,NWPU,images/FBQ-0013_ir.jpg,images/FBQ-0013_rgb.jpg,object_presence,Are many shrubs visible?,Yes,rewrite,1,1,1,Many small rounded shrub-like forms are individually visible across the frame.,
FBQ-0013,FBQ-0013-CANON-Q3,NWPU,images/FBQ-0013_ir.jpg,images/FBQ-0013_rgb.jpg,spatial_structure,Where are the shrubs densest?,Upper right,terra,1,1,1,The upper-right region contains the greatest concentration of rounded forms.,
FBQ-0013,FBQ-0013-CANON-Q4,NWPU,images/FBQ-0013_ir.jpg,images/FBQ-0013_rgb.jpg,intensity_contrast,How do the shrubs compare with the ground?,Brighter,rewrite,1,1,1,Most rounded shrub-like forms have higher grayscale intensity than the smoother ground.,
FBQ-0014,FBQ-0014-CANON-Q1,NWPU,images/FBQ-0014_ir.jpg,images/FBQ-0014_rgb.jpg,scene_category,What type of landscape is visible?,Open woodland,sol,1,1,1,Separated groups of crown-like forms occur amid extensive open ground.,
FBQ-0014,FBQ-0014-CANON-Q2,NWPU,images/FBQ-0014_ir.jpg,images/FBQ-0014_rgb.jpg,object_presence,Are grouped tree crowns present?,Yes,rewrite,1,1,1,Multiple irregular groups contain repeated rounded canopy-like forms.,
FBQ-0014,FBQ-0014-CANON-Q3,NWPU,images/FBQ-0014_ir.jpg,images/FBQ-0014_rgb.jpg,spatial_structure,Where is the largest dense cluster located?,Lower center,sol,1,1,1,The most extensive contiguous group of rounded forms lies below the image center.,
FBQ-0014,FBQ-0014-CANON-Q4,NWPU,images/FBQ-0014_ir.jpg,images/FBQ-0014_rgb.jpg,intensity_contrast,How do cluster interiors compare with the open ground?,Mostly darker,rewrite,1,1,1,Many clustered forms contain dark interiors against the smoother mid-gray open ground.,
FBQ-0015,FBQ-0015-CANON-Q1,NWPU,images/FBQ-0015_ir.jpg,images/FBQ-0015_rgb.jpg,scene_category,What type of landscape is shown?,Sparse woodland,sol,1,1,1,Isolated crown-like forms and small groups are widely separated by open ground.,
FBQ-0015,FBQ-0015-CANON-Q2,NWPU,images/FBQ-0015_ir.jpg,images/FBQ-0015_rgb.jpg,object_presence,Are isolated tree crowns visible?,Yes,sol,1,1,1,Many discrete rounded canopy outlines are individually distinguishable.,
FBQ-0015,FBQ-0015-CANON-Q3,NWPU,images/FBQ-0015_ir.jpg,images/FBQ-0015_rgb.jpg,spatial_structure,Are the trees continuous or scattered?,Scattered,sol,1,1,1,Large gaps of open background separate most crown-like forms.,
FBQ-0015,FBQ-0015-CANON-Q4,NWPU,images/FBQ-0015_ir.jpg,images/FBQ-0015_rgb.jpg,intensity_contrast,How do the tree crowns appear relative to the ground?,Darker,sol,1,1,1,The rounded crown forms have lower grayscale intensity than the bright background.,
FBQ-0016,FBQ-0016-CANON-Q1,NWPU,images/FBQ-0016_ir.jpg,images/FBQ-0016_rgb.jpg,scene_category,What type of scene is visible?,Building complex with parking,sol,1,1,1,A dominant roofed structure is adjacent to organized rows of vehicle-shaped forms.,
FBQ-0016,FBQ-0016-CANON-Q2,NWPU,images/FBQ-0016_ir.jpg,images/FBQ-0016_rgb.jpg,object_presence,Are parked vehicles visible?,Yes,sol,1,1,1,Repeated compact vehicle outlines appear in rows at the upper right.,
FBQ-0016,FBQ-0016-CANON-Q3,NWPU,images/FBQ-0016_ir.jpg,images/FBQ-0016_rgb.jpg,spatial_structure,Where is the parking area relative to the main building?,Upper right,sol,1,1,1,The vehicle rows lie above and to the right of the central roof.,
FBQ-0016,FBQ-0016-CANON-Q4,NWPU,images/FBQ-0016_ir.jpg,images/FBQ-0016_rgb.jpg,intensity_contrast,How do most vehicles appear against the pavement?,Darker,sol,1,1,1,Most vehicle interiors have lower grayscale intensity than the surrounding paved surface.,
FBQ-0017,FBQ-0017-CANON-Q1,NWPU,images/FBQ-0017_ir.jpg,images/FBQ-0017_rgb.jpg,scene_category,What broad scene type is shown?,Dense urban area,sol,1,1,1,Closely packed angular building outlines occupy nearly all space around the circular roofs.,
FBQ-0017,FBQ-0017-CANON-Q2,NWPU,images/FBQ-0017_ir.jpg,images/FBQ-0017_rgb.jpg,object_presence,Is a large circular roof visible?,Yes,sol,1,1,1,A sharply bounded circular structure with radial lines dominates the center-right area.,
FBQ-0017,FBQ-0017-CANON-Q3,NWPU,images/FBQ-0017_ir.jpg,images/FBQ-0017_rgb.jpg,spatial_structure,Where is the smaller dome relative to the large roof?,Lower left,sol,1,1,1,The smaller circular form adjoins the large roof on its lower-left side.,
FBQ-0017,FBQ-0017-CANON-Q4,NWPU,images/FBQ-0017_ir.jpg,images/FBQ-0017_rgb.jpg,intensity_contrast,Is the main circular roof internally uniform?,No,sol,1,1,1,Alternating radial intensity lines extend from the roof center toward its perimeter.,
FBQ-0018,FBQ-0018-CANON-Q1,NWPU,images/FBQ-0018_ir.jpg,images/FBQ-0018_rgb.jpg,scene_category,What type of landscape is visible?,Agricultural fields,sol,1,1,1,Numerous large rectilinear parcels form a regular field grid.,
FBQ-0018,FBQ-0018-CANON-Q2,NWPU,images/FBQ-0018_ir.jpg,images/FBQ-0018_rgb.jpg,object_presence,Is a circular field visible?,Yes,sol,1,1,1,A large nearly complete circular outline is clearly visible above and right of center.,
FBQ-0018,FBQ-0018-CANON-Q3,NWPU,images/FBQ-0018_ir.jpg,images/FBQ-0018_rgb.jpg,spatial_structure,Where is the circular field located?,Upper right,sol,1,1,1,The prominent circular boundary lies above and right of the image center.,
FBQ-0018,FBQ-0018-CANON-Q4,NWPU,images/FBQ-0018_ir.jpg,images/FBQ-0018_rgb.jpg,intensity_contrast,Do neighboring field parcels have different intensities?,Yes,sol,1,1,1,Adjacent grid cells visibly alternate between darker and lighter grayscale regions.,
FBQ-0019,FBQ-0019-CANON-Q1,NWPU,images/FBQ-0019_ir.jpg,images/FBQ-0019_rgb.jpg,scene_category,What type of landscape is shown?,Agricultural landscape,sol,1,1,1,A continuous mosaic of bounded field-like parcels covers nearly the entire image.,
FBQ-0019,FBQ-0019-CANON-Q2,NWPU,images/FBQ-0019_ir.jpg,images/FBQ-0019_rgb.jpg,object_presence,Are multiple field parcels visible?,Yes,sol,1,1,1,Numerous adjoining regions are separated by visible straight and curved boundaries.,
FBQ-0019,FBQ-0019-CANON-Q3,NWPU,images/FBQ-0019_ir.jpg,images/FBQ-0019_rgb.jpg,spatial_structure,What pattern do the parcels form?,A dense patchwork,sol,1,1,1,Many differently sized bounded regions tile the frame without large gaps.,
FBQ-0019,FBQ-0019-CANON-Q4,NWPU,images/FBQ-0019_ir.jpg,images/FBQ-0019_rgb.jpg,intensity_contrast,Do the parcels vary in grayscale intensity?,Yes,sol,1,1,1,"Neighboring parcels visibly alternate among dark, mid-gray, and light tones.",
FBQ-0020,FBQ-0020-CANON-Q1,NWPU,images/FBQ-0020_ir.jpg,images/FBQ-0020_rgb.jpg,scene_category,What type of landscape is visible?,Agricultural fields,sol,1,1,1,Multiple regularly bounded circular and rectangular parcels dominate the image.,
FBQ-0020,FBQ-0020-CANON-Q2,NWPU,images/FBQ-0020_ir.jpg,images/FBQ-0020_rgb.jpg,object_presence,Are circular fields present?,Yes,sol,1,1,1,Many large circular outlines are clearly distinguishable across the scene.,
FBQ-0020,FBQ-0020-CANON-Q3,NWPU,images/FBQ-0020_ir.jpg,images/FBQ-0020_rgb.jpg,spatial_structure,Where are most circular fields concentrated?,Lower half,sol,1,1,1,The greatest number of complete circular regions lies below the image center.,
FBQ-0020,FBQ-0020-CANON-Q4,NWPU,images/FBQ-0020_ir.jpg,images/FBQ-0020_rgb.jpg,intensity_contrast,Do adjacent circular fields differ in intensity?,Yes,rewrite,1,1,1,Neighboring circular regions range from bright to dark grayscale levels.,
FBQ-0021,FBQ-0021-CANON-Q1,NWPU,images/FBQ-0021_ir.jpg,images/FBQ-0021_rgb.jpg,scene_category,What type of scene is shown?,Cloud-filled sky,rewrite_backfill,1,1,1,Broad overlapping diffuse masses with soft irregular boundaries fill the frame.,IR过度模糊，无法可靠判定场景类别。
FBQ-0021,FBQ-0021-CANON-Q2,NWPU,images/FBQ-0021_ir.jpg,images/FBQ-0021_rgb.jpg,object_presence,Is a broad diffuse region visible near the top?,Yes,rewrite,1,1,1,A broad diffuse low-intensity region spans the upper center-right.,IR过度模糊，无法可靠判定场景类别。
FBQ-0021,FBQ-0021-CANON-Q3,NWPU,images/FBQ-0021_ir.jpg,images/FBQ-0021_rgb.jpg,spatial_structure,Where is the largest dark region located?,Upper center-right,sol,1,1,1,The most extensive low-intensity area lies above the image center.,IR过度模糊，无法可靠判定场景类别。
FBQ-0021,FBQ-0021-CANON-Q4,NWPU,images/FBQ-0021_ir.jpg,images/FBQ-0021_rgb.jpg,intensity_contrast,Is the lower region brighter than the upper center?,Yes,sol,1,1,1,The bottom band is pale while the upper-center mass is dark.,IR过度模糊，无法可靠判定场景类别。
FBQ-0022,FBQ-0022-CANON-Q1,NWPU,images/FBQ-0022_ir.jpg,images/FBQ-0022_rgb.jpg,scene_category,What type of scene is shown?,Cloud-dominated scene,rewrite_backfill,1,1,1,Large diffuse masses with soft blurred boundaries dominate the center and right.,IR缺少足够清晰的语义结构，场景类别被拒绝。
FBQ-0022,FBQ-0022-CANON-Q2,NWPU,images/FBQ-0022_ir.jpg,images/FBQ-0022_rgb.jpg,object_presence,Is a broad diffuse region visible?,Yes,rewrite,1,1,1,A large diffuse region occupies the center and right side.,IR缺少足够清晰的语义结构，场景类别被拒绝。
FBQ-0022,FBQ-0022-CANON-Q3,NWPU,images/FBQ-0022_ir.jpg,images/FBQ-0022_rgb.jpg,spatial_structure,Where is the brightest textured region?,Along the lower-left edge,luna,1,1,1,The lower-left portion contains the most distinct bright branching texture.,IR缺少足够清晰的语义结构，场景类别被拒绝。
FBQ-0022,FBQ-0022-CANON-Q4,NWPU,images/FBQ-0022_ir.jpg,images/FBQ-0022_rgb.jpg,intensity_contrast,Are the dominant boundaries sharp or soft?,Mostly soft,rewrite,1,1,1,Most transitions between adjacent grayscale regions are gradual and blurred.,IR缺少足够清晰的语义结构，场景类别被拒绝。
FBQ-0023,FBQ-0023-CANON-Q1,NWPU,images/FBQ-0023_ir.jpg,images/FBQ-0023_rgb.jpg,scene_category,What broad scene type is visible?,Cloud-covered natural landscape,rewrite_backfill,1,1,1,A continuous mottled surface is partly obscured by broad soft-edged patches.,IR细节过弱，只能可靠标注粗粒度强度结构。
FBQ-0023,FBQ-0023-CANON-Q2,NWPU,images/FBQ-0023_ir.jpg,images/FBQ-0023_rgb.jpg,object_presence,Is a small bright spot visible left of center?,Yes,sol,1,1,1,A compact pale spot appears slightly left of the image center.,IR细节过弱，只能可靠标注粗粒度强度结构。
FBQ-0023,FBQ-0023-CANON-Q3,NWPU,images/FBQ-0023_ir.jpg,images/FBQ-0023_rgb.jpg,spatial_structure,Where is the broadest dark area?,Center-right,sol,1,1,1,The largest contiguous darker patch occupies the center-right.,IR细节过弱，只能可靠标注粗粒度强度结构。
FBQ-0023,FBQ-0023-CANON-Q4,NWPU,images/FBQ-0023_ir.jpg,images/FBQ-0023_rgb.jpg,intensity_contrast,Do the small bright spots contrast with the background?,Yes,sol,1,1,1,Several compact pale spots stand out against the mid-gray field.,IR细节过弱，只能可靠标注粗粒度强度结构。
FBQ-0024,FBQ-0024-CANON-Q1,NWPU,images/FBQ-0024_ir.jpg,images/FBQ-0024_rgb.jpg,scene_category,What type of scene is shown?,Industrial complex,sol,1,1,1,"Multiple large rectangular structures, yards, and connecting linear routes form a developed complex.",四类问题均有清晰IR依据。
FBQ-0024,FBQ-0024-CANON-Q2,NWPU,images/FBQ-0024_ir.jpg,images/FBQ-0024_rgb.jpg,object_presence,Are several large rectangular buildings visible?,Yes,sol,1,1,1,Several prominent building-shaped rectangles are clearly outlined across the image.,四类问题均有清晰IR依据。
FBQ-0024,FBQ-0024-CANON-Q3,NWPU,images/FBQ-0024_ir.jpg,images/FBQ-0024_rgb.jpg,spatial_structure,Where is the longest rectangular structure located?,Upper left,sol,1,1,1,A long narrow rectangular structure occupies much of the upper-left quadrant.,四类问题均有清晰IR依据。
FBQ-0024,FBQ-0024-CANON-Q4,NWPU,images/FBQ-0024_ir.jpg,images/FBQ-0024_rgb.jpg,intensity_contrast,Are the upper dark plots darker than the central yard?,Yes,sol,1,1,1,Large upper plots are nearly black while the central open yard is mid-gray.,四类问题均有清晰IR依据。
FBQ-0025,FBQ-0025-CANON-Q1,NWPU,images/FBQ-0025_ir.jpg,images/FBQ-0025_rgb.jpg,scene_category,What type of scene is shown?,Building rooftops,terra,1,1,1,Two large rectilinear roof outlines dominate the image.,两座主要屋顶及其相对位置在IR中清晰可辨。
FBQ-0025,FBQ-0025-CANON-Q2,NWPU,images/FBQ-0025_ir.jpg,images/FBQ-0025_rgb.jpg,object_presence,Are two large rectangular roofs present?,Yes,terra,1,1,1,Two prominent long rectangular roof regions are visible.,两座主要屋顶及其相对位置在IR中清晰可辨。
FBQ-0025,FBQ-0025-CANON-Q3,NWPU,images/FBQ-0025_ir.jpg,images/FBQ-0025_rgb.jpg,spatial_structure,Are the two largest roofs vertically stacked?,Yes,terra,1,1,1,One large roof occupies the upper half and another occupies the lower half.,两座主要屋顶及其相对位置在IR中清晰可辨。
FBQ-0025,FBQ-0025-CANON-Q4,NWPU,images/FBQ-0025_ir.jpg,images/FBQ-0025_rgb.jpg,intensity_contrast,Are the roof grids darker than surroundings?,Yes,terra,1,1,1,The parallel-lined roof interiors are much darker than the surrounding surfaces.,两座主要屋顶及其相对位置在IR中清晰可辨。
FBQ-0026,FBQ-0026-CANON-Q1,NWPU,images/FBQ-0026_ir.jpg,images/FBQ-0026_rgb.jpg,scene_category,What type of scene is shown?,Dense urban block,sol,1,1,1,Closely spaced building-shaped blocks and intersecting linear corridors form a compact urban layout.,IR中的建筑轮廓、中心布局和强度差异均明确。
FBQ-0026,FBQ-0026-CANON-Q2,NWPU,images/FBQ-0026_ir.jpg,images/FBQ-0026_rgb.jpg,object_presence,Are multiple large buildings visible?,Yes,sol,1,1,1,Several large dark polygonal and rectangular roof outlines are distinct.,IR中的建筑轮廓、中心布局和强度差异均明确。
FBQ-0026,FBQ-0026-CANON-Q3,NWPU,images/FBQ-0026_ir.jpg,images/FBQ-0026_rgb.jpg,spatial_structure,Where is the largest building footprint?,Near the image center,luna,1,1,1,The largest connected dark rectangular footprint occupies the central region.,IR中的建筑轮廓、中心布局和强度差异均明确。
FBQ-0026,FBQ-0026-CANON-Q4,NWPU,images/FBQ-0026_ir.jpg,images/FBQ-0026_rgb.jpg,intensity_contrast,Are the open corridors brighter than the large roofs?,Yes,sol,1,1,1,The corridors appear pale while the largest roof regions appear dark.,IR中的建筑轮廓、中心布局和强度差异均明确。
FBQ-0027,FBQ-0027-CANON-Q1,NWPU,images/FBQ-0027_ir.jpg,images/FBQ-0027_rgb.jpg,scene_category,What type of scene is shown?,Dense urban area,sol,1,1,1,Numerous repeated building-like blocks fill nearly the entire frame.,虽有模糊，但密集街区结构和下半部高强度点仍可辨。
FBQ-0027,FBQ-0027-CANON-Q2,NWPU,images/FBQ-0027_ir.jpg,images/FBQ-0027_rgb.jpg,object_presence,Is a large rectangular structure present?,Yes,terra,1,1,1,A conspicuous light rectangular structure appears left of center.,虽有模糊，但密集街区结构和下半部高强度点仍可辨。
FBQ-0027,FBQ-0027-CANON-Q3,NWPU,images/FBQ-0027_ir.jpg,images/FBQ-0027_rgb.jpg,spatial_structure,Where are the smallest repeated blocks most concentrated?,Lower half,sol,1,1,1,The lower half contains the densest field of small repeated shapes.,虽有模糊，但密集街区结构和下半部高强度点仍可辨。
FBQ-0027,FBQ-0027-CANON-Q4,NWPU,images/FBQ-0027_ir.jpg,images/FBQ-0027_rgb.jpg,intensity_contrast,Are bright points concentrated in the lower half?,Yes,sol,1,1,1,Many compact high-intensity points cluster below the horizontal midpoint.,虽有模糊，但密集街区结构和下半部高强度点仍可辨。
FBQ-0028,FBQ-0028-CANON-Q1,NWPU,images/FBQ-0028_ir.jpg,images/FBQ-0028_rgb.jpg,scene_category,What type of scene is shown?,Residential neighborhood,terra,1,1,1,"Compact building groups, parcel-like spaces, and narrow connecting corridors are visible.",IR清楚呈现紧凑建筑群、分隔走廊和轮廓对比。
FBQ-0028,FBQ-0028-CANON-Q2,NWPU,images/FBQ-0028_ir.jpg,images/FBQ-0028_rgb.jpg,object_presence,Are rectangular building outlines present?,Yes,terra,1,1,1,Several strong rectilinear outlined structures are visible.,IR清楚呈现紧凑建筑群、分隔走廊和轮廓对比。
FBQ-0028,FBQ-0028-CANON-Q3,NWPU,images/FBQ-0028_ir.jpg,images/FBQ-0028_rgb.jpg,spatial_structure,Are building groups separated by narrow corridors?,Yes,terra,1,1,1,Thin bright linear corridors divide the larger building groups.,IR清楚呈现紧凑建筑群、分隔走廊和轮廓对比。
FBQ-0028,FBQ-0028-CANON-Q4,NWPU,images/FBQ-0028_ir.jpg,images/FBQ-0028_rgb.jpg,intensity_contrast,Are building edges brighter than interiors?,Yes,terra,1,1,1,Bright sharp outlines surround comparatively darker building interiors.,IR清楚呈现紧凑建筑群、分隔走廊和轮廓对比。
FBQ-0029,FBQ-0029-CANON-Q1,NWPU,images/FBQ-0029_ir.jpg,images/FBQ-0029_rgb.jpg,scene_category,What type of scene is shown?,Residential development,terra,1,1,1,Repeated house-sized rectangular units are arranged in a planned grid.,规则住宅单元、平行行列和边界对比均在IR中明确。
FBQ-0029,FBQ-0029-CANON-Q2,NWPU,images/FBQ-0029_ir.jpg,images/FBQ-0029_rgb.jpg,object_presence,Are repeated house-sized units present?,Yes,terra,1,1,1,Many similarly sized rectangular units repeat across the image.,规则住宅单元、平行行列和边界对比均在IR中明确。
FBQ-0029,FBQ-0029-CANON-Q3,NWPU,images/FBQ-0029_ir.jpg,images/FBQ-0029_rgb.jpg,spatial_structure,Are the units arranged in rows?,Yes,terra,1,1,1,The small rectangular units form multiple clear parallel rows.,规则住宅单元、平行行列和边界对比均在IR中明确。
FBQ-0029,FBQ-0029-CANON-Q4,NWPU,images/FBQ-0029_ir.jpg,images/FBQ-0029_rgb.jpg,intensity_contrast,Are unit interiors darker than their borders?,Yes,terra,1,1,1,Dark rectangular interiors are enclosed by bright outlines.,规则住宅单元、平行行列和边界对比均在IR中明确。
FBQ-0030,FBQ-0030-CANON-Q1,NWPU,images/FBQ-0030_ir.jpg,images/FBQ-0030_rgb.jpg,scene_category,What type of landscape is shown?,Arid drainage landscape,rewrite_backfill,1,1,1,Broad feature-sparse terrain surrounds a narrow branching channel-like feature.,IR可支持分支形态和强度关系，但不足以独立确认场景类别。
FBQ-0030,FBQ-0030-CANON-Q2,NWPU,images/FBQ-0030_ir.jpg,images/FBQ-0030_rgb.jpg,object_presence,Is a narrow branching feature visible?,Yes,sol,1,1,1,A thin forked feature runs through the lower central portion.,IR可支持分支形态和强度关系，但不足以独立确认场景类别。
FBQ-0030,FBQ-0030-CANON-Q3,NWPU,images/FBQ-0030_ir.jpg,images/FBQ-0030_rgb.jpg,spatial_structure,Where does the narrow feature branch?,Near the lower center,rewrite,1,1,1,The narrow feature divides into multiple arms near the bottom center.,IR可支持分支形态和强度关系，但不足以独立确认场景类别。
FBQ-0030,FBQ-0030-CANON-Q4,NWPU,images/FBQ-0030_ir.jpg,images/FBQ-0030_rgb.jpg,intensity_contrast,Is the central-right region darker than the left edge?,Yes,sol,1,1,1,A broad dark mass occupies the center-right while the left edge is pale.,IR可支持分支形态和强度关系，但不足以独立确认场景类别。
FBQ-0031,FBQ-0031-CANON-Q1,NWPU,images/FBQ-0031_ir.jpg,images/FBQ-0031_rgb.jpg,scene_category,What type of surface is shown?,Water surface,rewrite_backfill,1,1,1,Closely spaced wave-like ripples extend across nearly the entire frame.,The IR pattern alone does not safely establish a scene category.
FBQ-0031,FBQ-0031-CANON-Q2,NWPU,images/FBQ-0031_ir.jpg,images/FBQ-0031_rgb.jpg,object_presence,Are isolated dark marks visible?,Yes,rewrite,1,1,1,Several compact dark marks are visible near the upper and right edges.,The IR pattern alone does not safely establish a scene category.
FBQ-0031,FBQ-0031-CANON-Q3,NWPU,images/FBQ-0031_ir.jpg,images/FBQ-0031_rgb.jpg,spatial_structure,How are the broad surface bands oriented?,Diagonally across the frame,luna,1,1,1,Alternating broad bands extend diagonally from the lower-left toward the upper-right.,The IR pattern alone does not safely establish a scene category.
FBQ-0031,FBQ-0031-CANON-Q4,NWPU,images/FBQ-0031_ir.jpg,images/FBQ-0031_rgb.jpg,intensity_contrast,Are the isolated marks darker than nearby areas?,Yes,rewrite,1,1,1,The compact edge marks have visibly lower intensity than the surrounding bands.,The IR pattern alone does not safely establish a scene category.
FBQ-0032,FBQ-0032-CANON-Q1,NWPU,images/FBQ-0032_ir.jpg,images/FBQ-0032_rgb.jpg,scene_category,What broad scene type is shown?,Rugged open terrain,luna,1,1,1,Irregular mottled terrain patterns cover the frame without organized road or building structures.,"Fine details are blurred, but the four selected cues remain distinguishable."
FBQ-0032,FBQ-0032-CANON-Q2,NWPU,images/FBQ-0032_ir.jpg,images/FBQ-0032_rgb.jpg,object_presence,Is a compact bright feature visible?,Yes,terra,1,1,1,A small high-intensity spot is visible left of center in the lower half.,"Fine details are blurred, but the four selected cues remain distinguishable."
FBQ-0032,FBQ-0032-CANON-Q3,NWPU,images/FBQ-0032_ir.jpg,images/FBQ-0032_rgb.jpg,spatial_structure,Where is the compact bright feature located?,Lower-left quadrant,sol,1,1,1,The distinct compact spot lies left of center and below the midpoint.,"Fine details are blurred, but the four selected cues remain distinguishable."
FBQ-0032,FBQ-0032-CANON-Q4,NWPU,images/FBQ-0032_ir.jpg,images/FBQ-0032_rgb.jpg,intensity_contrast,Is the compact feature brighter than its surroundings?,Yes,terra,1,1,1,The compact spot has substantially higher intensity than the adjacent mottled terrain.,"Fine details are blurred, but the four selected cues remain distinguishable."
FBQ-0033,FBQ-0033-CANON-Q1,NWPU,images/FBQ-0033_ir.jpg,images/FBQ-0033_rgb.jpg,scene_category,What broad scene type is shown?,Forested landscape,sol,1,1,1,Dense canopy-like texture covers most of the frame around several smooth openings.,
FBQ-0033,FBQ-0033-CANON-Q2,NWPU,images/FBQ-0033_ir.jpg,images/FBQ-0033_rgb.jpg,object_presence,Is a large clearing visible?,Yes,sol,1,1,1,A large smooth region interrupts the dense texture on the right.,
FBQ-0033,FBQ-0033-CANON-Q3,NWPU,images/FBQ-0033_ir.jpg,images/FBQ-0033_rgb.jpg,spatial_structure,Which side contains the largest smooth clearing?,Right side,sol,1,1,1,"The broadest smooth, sharply bounded area occupies the right half.",
FBQ-0033,FBQ-0033-CANON-Q4,NWPU,images/FBQ-0033_ir.jpg,images/FBQ-0033_rgb.jpg,intensity_contrast,Is the right-side clearing brighter than surrounding texture?,Yes,rewrite,1,1,1,The smooth right-side region has visibly higher intensity than the adjacent textured area.,
FBQ-0034,FBQ-0034-CANON-Q1,NWPU,images/FBQ-0034_ir.jpg,images/FBQ-0034_rgb.jpg,scene_category,What broad scene type is visible?,Dense woodland,sol,1,1,1,"Closely packed, irregular canopy-like texture fills nearly the entire frame.",
FBQ-0034,FBQ-0034-CANON-Q2,NWPU,images/FBQ-0034_ir.jpg,images/FBQ-0034_rgb.jpg,object_presence,Are narrow dark gaps present?,Yes,sol,1,1,1,Several elongated dark gaps cut through the mottled background.,
FBQ-0034,FBQ-0034-CANON-Q3,NWPU,images/FBQ-0034_ir.jpg,images/FBQ-0034_rgb.jpg,spatial_structure,Where is the largest dark opening located?,Lower-central area,sol,1,1,1,The widest connected dark opening lies below the image center.,
FBQ-0034,FBQ-0034-CANON-Q4,NWPU,images/FBQ-0034_ir.jpg,images/FBQ-0034_rgb.jpg,intensity_contrast,Are the gaps darker than the surrounding texture?,Yes,sol,1,1,1,The branching gaps have substantially lower intensity than adjacent mottling.,
FBQ-0035,FBQ-0035-CANON-Q1,NWPU,images/FBQ-0035_ir.jpg,images/FBQ-0035_rgb.jpg,scene_category,What broad scene type is shown?,Wooded clearing,sol,1,1,1,An open region is bordered by dense canopy-like texture and clustered rounded forms.,
FBQ-0035,FBQ-0035-CANON-Q2,NWPU,images/FBQ-0035_ir.jpg,images/FBQ-0035_rgb.jpg,object_presence,Is a large irregular tree cluster visible?,Yes,sol,1,1,1,A connected branching cluster with several rounded crowns is clearly outlined.,
FBQ-0035,FBQ-0035-CANON-Q3,NWPU,images/FBQ-0035_ir.jpg,images/FBQ-0035_rgb.jpg,spatial_structure,Where is the dense tree cluster located?,Upper-right area,sol,1,1,1,The largest connected dark mass occupies the upper-right quadrant.,
FBQ-0035,FBQ-0035-CANON-Q4,NWPU,images/FBQ-0035_ir.jpg,images/FBQ-0035_rgb.jpg,intensity_contrast,Is the tree cluster darker than the clearing?,Yes,sol,1,1,1,The upper-right cluster has lower intensity than the surrounding open region.,
FBQ-0036,FBQ-0036-CANON-Q1,NWPU,images/FBQ-0036_ir.jpg,images/FBQ-0036_rgb.jpg,scene_category,What scene category is shown?,Divided highway,terra,1,1,1,Two parallel road bands separated by a narrow median cross the frame.,
FBQ-0036,FBQ-0036-CANON-Q2,NWPU,images/FBQ-0036_ir.jpg,images/FBQ-0036_rgb.jpg,object_presence,Are vehicles visible on the roadway?,Yes,terra,1,1,1,Several compact elongated vehicle shapes lie within the roadway lanes.,
FBQ-0036,FBQ-0036-CANON-Q3,NWPU,images/FBQ-0036_ir.jpg,images/FBQ-0036_rgb.jpg,spatial_structure,What direction does the highway run?,Lower left to upper right,terra,1,1,1,The parallel roadway bands extend diagonally from the lower-left toward the upper-right.,
FBQ-0036,FBQ-0036-CANON-Q4,NWPU,images/FBQ-0036_ir.jpg,images/FBQ-0036_rgb.jpg,intensity_contrast,Are the vehicles brighter than the road lanes?,Yes,terra,1,1,1,The compact vehicle shapes have higher intensity than the surrounding road bands.,
FBQ-0037,FBQ-0037-CANON-Q1,NWPU,images/FBQ-0037_ir.jpg,images/FBQ-0037_rgb.jpg,scene_category,What type of scene is visible?,Divided roadway,sol,1,1,1,Two parallel smooth road bands separated by a narrow median cross the frame.,
FBQ-0037,FBQ-0037-CANON-Q2,NWPU,images/FBQ-0037_ir.jpg,images/FBQ-0037_rgb.jpg,object_presence,How many vehicles are clearly visible?,Two,sol,1,1,1,Two isolated compact vehicle shapes are visible on separate carriageways.,
FBQ-0037,FBQ-0037-CANON-Q3,NWPU,images/FBQ-0037_ir.jpg,images/FBQ-0037_rgb.jpg,spatial_structure,Where does the roadway cross the image?,Across the lower-middle,sol,1,1,1,The parallel road bands extend left-to-right below the image center.,
FBQ-0037,FBQ-0037-CANON-Q4,NWPU,images/FBQ-0037_ir.jpg,images/FBQ-0037_rgb.jpg,intensity_contrast,Are the vehicles brighter than the roadway?,Yes,sol,1,1,1,Both compact vehicle shapes have higher intensity than the smooth roadway.,
FBQ-0038,FBQ-0038-CANON-Q1,NWPU,images/FBQ-0038_ir.jpg,images/FBQ-0038_rgb.jpg,scene_category,What type of scene is shown?,Multi-lane highway,sol,1,1,1,Several parallel traffic lanes form a broad divided road corridor.,
FBQ-0038,FBQ-0038-CANON-Q2,NWPU,images/FBQ-0038_ir.jpg,images/FBQ-0038_rgb.jpg,object_presence,Are multiple vehicles visible?,Yes,sol,1,1,1,Numerous compact elongated shapes are distributed along the traffic lanes.,
FBQ-0038,FBQ-0038-CANON-Q3,NWPU,images/FBQ-0038_ir.jpg,images/FBQ-0038_rgb.jpg,spatial_structure,How is the main highway oriented?,Upper right to lower left,sol,1,1,1,The broad lane corridor extends diagonally between the upper-right and lower-left.,
FBQ-0038,FBQ-0038-CANON-Q4,NWPU,images/FBQ-0038_ir.jpg,images/FBQ-0038_rgb.jpg,intensity_contrast,Are most vehicles brighter than the roadway?,Yes,sol,1,1,1,Most vehicle outlines have higher intensity than the surrounding dark lanes.,
FBQ-0039,FBQ-0039-CANON-Q1,NWPU,images/FBQ-0039_ir.jpg,images/FBQ-0039_rgb.jpg,scene_category,What type of landscape is shown?,Golf course,sol,1,1,1,"Repeated winding fairway-like bands, small oval features, and a bounded rounded region form a course layout.",
FBQ-0039,FBQ-0039-CANON-Q2,NWPU,images/FBQ-0039_ir.jpg,images/FBQ-0039_rgb.jpg,object_presence,Are multiple small oval features visible?,Yes,sol,1,1,1,Several compact pale ovals are distributed beside the broad winding bands.,
FBQ-0039,FBQ-0039-CANON-Q3,NWPU,images/FBQ-0039_ir.jpg,images/FBQ-0039_rgb.jpg,spatial_structure,Where is the largest rounded region located?,Right side,sol,1,1,1,A sharply bounded rounded region occupies the right-central area.,
FBQ-0039,FBQ-0039-CANON-Q4,NWPU,images/FBQ-0039_ir.jpg,images/FBQ-0039_rgb.jpg,intensity_contrast,Is the large rounded region brighter than its surroundings?,Yes,sol,1,1,1,The right-central rounded area has much higher intensity than adjacent terrain.,
FBQ-0040,FBQ-0040-CANON-Q1,NWPU,images/FBQ-0040_ir.jpg,images/FBQ-0040_rgb.jpg,scene_category,What type of landscape is visible?,Golf course,sol,1,1,1,"Open grounds, repeated tree-like rows, and clustered irregular patches form a course-like layout.",
FBQ-0040,FBQ-0040-CANON-Q2,NWPU,images/FBQ-0040_ir.jpg,images/FBQ-0040_rgb.jpg,object_presence,Are several irregular bright patches present?,Yes,sol,1,1,1,At least three sharply bounded bright patches are visible near the center.,
FBQ-0040,FBQ-0040-CANON-Q3,NWPU,images/FBQ-0040_ir.jpg,images/FBQ-0040_rgb.jpg,spatial_structure,Where are the bright irregular patches concentrated?,Central area,sol,1,1,1,The distinct bright patches lie around the image center between rows of rounded spots.,
FBQ-0040,FBQ-0040-CANON-Q4,NWPU,images/FBQ-0040_ir.jpg,images/FBQ-0040_rgb.jpg,intensity_contrast,Are the tree-like spots darker than the open ground?,Yes,sol,1,1,1,Repeated rounded spots have lower intensity than the surrounding smooth background.,
FBQ-0041,FBQ-0041-CANON-Q1,NWPU,images/FBQ-0041_ir.jpg,images/FBQ-0041_rgb.jpg,scene_category,What recreational landscape is shown?,A golf course,terra,1,1,1,Broad winding clearings and rounded patches cross densely mottled terrain.,"The scene is blurred, but its winding clearings and rounded internal patches remain distinguishable."
FBQ-0041,FBQ-0041-CANON-Q2,NWPU,images/FBQ-0041_ir.jpg,images/FBQ-0041_rgb.jpg,object_presence,Are dense textured clusters visible?,Yes,rewrite,1,1,1,Large densely mottled regions occupy both sides of the smooth clearings.,"The scene is blurred, but its winding clearings and rounded internal patches remain distinguishable."
FBQ-0041,FBQ-0041-CANON-Q3,NWPU,images/FBQ-0041_ir.jpg,images/FBQ-0041_rgb.jpg,spatial_structure,Where are the dark rounded patches?,Along the central clearing,terra,1,1,1,Several dark rounded patches occur within and beside the central smooth corridor.,"The scene is blurred, but its winding clearings and rounded internal patches remain distinguishable."
FBQ-0041,FBQ-0041-CANON-Q4,NWPU,images/FBQ-0041_ir.jpg,images/FBQ-0041_rgb.jpg,intensity_contrast,How do the clearings compare with surrounding terrain?,They are brighter,terra,1,1,1,The smooth winding corridors appear lighter than the adjacent mottled regions.,"The scene is blurred, but its winding clearings and rounded internal patches remain distinguishable."
FBQ-0042,FBQ-0042-CANON-Q1,NWPU,images/FBQ-0042_ir.jpg,images/FBQ-0042_rgb.jpg,scene_category,What sports facility occupies the center?,An athletics stadium,sol,1,1,1,A closed oval band encloses a large rectangular central area.,
FBQ-0042,FBQ-0042-CANON-Q2,NWPU,images/FBQ-0042_ir.jpg,images/FBQ-0042_rgb.jpg,object_presence,Is an oval track visible?,Yes,terra,1,1,1,A continuous oval band surrounds the central rectangular area.,
FBQ-0042,FBQ-0042-CANON-Q3,NWPU,images/FBQ-0042_ir.jpg,images/FBQ-0042_rgb.jpg,spatial_structure,What surrounds the central field?,An oval track,terra,1,1,1,The rectangular center is directly enclosed by a closed oval boundary.,
FBQ-0042,FBQ-0042-CANON-Q4,NWPU,images/FBQ-0042_ir.jpg,images/FBQ-0042_rgb.jpg,intensity_contrast,How does the central field compare with the track?,The field is darker,rewrite,1,1,1,The central rectangle has lower intensity than the surrounding oval band.,
FBQ-0043,FBQ-0043-CANON-Q1,NWPU,images/FBQ-0043_ir.jpg,images/FBQ-0043_rgb.jpg,scene_category,What facility is shown?,An oval track facility,terra,1,1,1,A large closed elongated loop with a distinct rim dominates the image.,"Fine surrounding details are blurred, but the closed oval structure is distinct."
FBQ-0043,FBQ-0043-CANON-Q2,NWPU,images/FBQ-0043_ir.jpg,images/FBQ-0043_rgb.jpg,object_presence,Is a closed oval track visible?,Yes,terra,1,1,1,A continuous light outline forms a clearly closed elongated loop.,"Fine surrounding details are blurred, but the closed oval structure is distinct."
FBQ-0043,FBQ-0043-CANON-Q3,NWPU,images/FBQ-0043_ir.jpg,images/FBQ-0043_rgb.jpg,spatial_structure,What lies inside the oval loop?,A dark interior area,terra,1,1,1,The loop encloses a broad region of consistently lower intensity.,"Fine surrounding details are blurred, but the closed oval structure is distinct."
FBQ-0043,FBQ-0043-CANON-Q4,NWPU,images/FBQ-0043_ir.jpg,images/FBQ-0043_rgb.jpg,intensity_contrast,How does the oval rim compare with its interior?,The rim is brighter,rewrite,1,1,1,The loop rim is pale against the darker enclosed area.,"Fine surrounding details are blurred, but the closed oval structure is distinct."
FBQ-0044,FBQ-0044-CANON-Q1,NWPU,images/FBQ-0044_ir.jpg,images/FBQ-0044_rgb.jpg,scene_category,What waterfront facility is shown?,A marina,sol,1,1,1,Numerous narrow vessel shapes line repeated docks within an enclosed basin.,
FBQ-0044,FBQ-0044-CANON-Q2,NWPU,images/FBQ-0044_ir.jpg,images/FBQ-0044_rgb.jpg,object_presence,Are many boats visible in the basin?,Yes,sol,1,1,1,Multiple bright elongated shapes repeat in organized rows across the basin.,
FBQ-0044,FBQ-0044-CANON-Q3,NWPU,images/FBQ-0044_ir.jpg,images/FBQ-0044_rgb.jpg,spatial_structure,How are the boats arranged?,In parallel rows,sol,1,1,1,The elongated shapes align along several evenly spaced linear docks.,
FBQ-0044,FBQ-0044-CANON-Q4,NWPU,images/FBQ-0044_ir.jpg,images/FBQ-0044_rgb.jpg,intensity_contrast,"Which is darker, the basin or surrounding structures?",The basin,rewrite,1,1,1,The broad basin has lower intensity than the bright angular structures around it.,
FBQ-0045,FBQ-0045-CANON-Q1,NWPU,images/FBQ-0045_ir.jpg,images/FBQ-0045_rgb.jpg,scene_category,What waterfront facility contains the boat rows?,A marina,rewrite,1,1,1,Dense rows of vessel-like shapes occupy a basin bounded by long curved arms.,
FBQ-0045,FBQ-0045-CANON-Q2,NWPU,images/FBQ-0045_ir.jpg,images/FBQ-0045_rgb.jpg,object_presence,Are curved harbor arms visible?,Yes,rewrite,1,1,1,Two long pale curved strips project into and partly enclose the basin.,
FBQ-0045,FBQ-0045-CANON-Q3,NWPU,images/FBQ-0045_ir.jpg,images/FBQ-0045_rgb.jpg,spatial_structure,Where are the boat rows located?,Inside the enclosed basin,rewrite,1,1,1,The repeated narrow shapes lie within the area bounded by the curved arms.,
FBQ-0045,FBQ-0045-CANON-Q4,NWPU,images/FBQ-0045_ir.jpg,images/FBQ-0045_rgb.jpg,intensity_contrast,"Which is darker, open water or the harbor arms?",Open water,rewrite,1,1,1,The broad open region is nearly black while the enclosing arms are pale.,
FBQ-0046,FBQ-0046-CANON-Q1,NWPU,images/FBQ-0046_ir.jpg,images/FBQ-0046_rgb.jpg,scene_category,What waterfront facility fills the image?,A marina,sol,1,1,1,Many narrow vessel outlines occur along regularly spaced docks in a basin.,
FBQ-0046,FBQ-0046-CANON-Q2,NWPU,images/FBQ-0046_ir.jpg,images/FBQ-0046_rgb.jpg,object_presence,Are numerous boats visible?,Yes,sol,1,1,1,Dozens of small bright elongated shapes appear across the dark basin.,
FBQ-0046,FBQ-0046-CANON-Q3,NWPU,images/FBQ-0046_ir.jpg,images/FBQ-0046_rgb.jpg,spatial_structure,How are most boats arranged?,Along parallel docks,sol,1,1,1,The vessel marks form several separated parallel rows extending from the shoreline.,
FBQ-0046,FBQ-0046-CANON-Q4,NWPU,images/FBQ-0046_ir.jpg,images/FBQ-0046_rgb.jpg,intensity_contrast,"Which is brighter, the boats or surrounding water?",The boats,sol,1,1,1,The small vessel outlines have higher intensity than the basin around them.,
FBQ-0047,FBQ-0047-CANON-Q1,NWPU,images/FBQ-0047_ir.jpg,images/FBQ-0047_rgb.jpg,scene_category,What built setting occupies the center?,A building compound,rewrite,1,1,1,Several grouped rectangular roof outlines enclose shared open spaces.,The compound's specific function is not inferable from the IR image.
FBQ-0047,FBQ-0047-CANON-Q2,NWPU,images/FBQ-0047_ir.jpg,images/FBQ-0047_rgb.jpg,object_presence,Are multiple buildings visible?,Yes,sol,1,1,1,Several distinct bright-edged rectangular structures occupy the central area.,The compound's specific function is not inferable from the IR image.
FBQ-0047,FBQ-0047-CANON-Q3,NWPU,images/FBQ-0047_ir.jpg,images/FBQ-0047_rgb.jpg,spatial_structure,Where is the broad linear corridor?,Along the left side,sol,1,1,1,A wide straight dark strip runs diagonally beside the compound's left edge.,The compound's specific function is not inferable from the IR image.
FBQ-0047,FBQ-0047-CANON-Q4,NWPU,images/FBQ-0047_ir.jpg,images/FBQ-0047_rgb.jpg,intensity_contrast,"Which is darker, the corridor or building edges?",The corridor,sol,1,1,1,The diagonal corridor has lower intensity than the bright rectangular boundaries.,The compound's specific function is not inferable from the IR image.
FBQ-0048,FBQ-0048-CANON-Q1,NWPU,images/FBQ-0048_ir.jpg,images/FBQ-0048_rgb.jpg,scene_category,What built setting dominates the image?,A large building complex,rewrite,1,1,1,Several adjoining rectangular roof sections occupy most of the central frame.,Generic geometric wording avoids assigning an uncertain function to the right-side parallel lines.
FBQ-0048,FBQ-0048-CANON-Q2,NWPU,images/FBQ-0048_ir.jpg,images/FBQ-0048_rgb.jpg,object_presence,Are multiple parallel lines visible?,Yes,rewrite,1,1,1,Several long closely spaced linear bands run along the right side.,Generic geometric wording avoids assigning an uncertain function to the right-side parallel lines.
FBQ-0048,FBQ-0048-CANON-Q3,NWPU,images/FBQ-0048_ir.jpg,images/FBQ-0048_rgb.jpg,spatial_structure,Where are the parallel lines relative to the building?,To the right,rewrite,1,1,1,The line bundle lies immediately beside the central building's right edge.,Generic geometric wording avoids assigning an uncertain function to the right-side parallel lines.
FBQ-0048,FBQ-0048-CANON-Q4,NWPU,images/FBQ-0048_ir.jpg,images/FBQ-0048_rgb.jpg,intensity_contrast,"Which is brighter, the roof edges or adjacent corridors?",The roof edges,sol,1,1,1,The roof boundaries appear pale against the darker linear areas beside them.,Generic geometric wording avoids assigning an uncertain function to the right-side parallel lines.
FBQ-0049,FBQ-0049-CANON-Q1,NWPU,images/FBQ-0049_ir.jpg,images/FBQ-0049_rgb.jpg,scene_category,What road feature is shown?,A road intersection,terra,1,1,1,Two broad perpendicular road corridors meet near the image center.,
FBQ-0049,FBQ-0049-CANON-Q2,NWPU,images/FBQ-0049_ir.jpg,images/FBQ-0049_rgb.jpg,object_presence,Are crosswalk markings visible?,Yes,terra,1,1,1,Repeated bright transverse stripes appear along several intersection approaches.,
FBQ-0049,FBQ-0049-CANON-Q3,NWPU,images/FBQ-0049_ir.jpg,images/FBQ-0049_rgb.jpg,spatial_structure,How do the two main roads meet?,At right angles,sol,1,1,1,The vertical and horizontal corridors form a cross-shaped junction.,
FBQ-0049,FBQ-0049-CANON-Q4,NWPU,images/FBQ-0049_ir.jpg,images/FBQ-0049_rgb.jpg,intensity_contrast,How do the crosswalk stripes compare with the roadway?,They are brighter,rewrite,1,1,1,The pale repeated stripes stand out against smoother lower-intensity road surfaces.,
FBQ-0050,FBQ-0050-CANON-Q1,NWPU,images/FBQ-0050_ir.jpg,images/FBQ-0050_rgb.jpg,scene_category,What road feature is shown?,An urban intersection,sol,1,1,1,Multiple broad road branches converge beside several striped crossing bands.,
FBQ-0050,FBQ-0050-CANON-Q2,NWPU,images/FBQ-0050_ir.jpg,images/FBQ-0050_rgb.jpg,object_presence,Are striped crosswalks visible?,Yes,sol,1,1,1,Several groups of closely spaced bright bars cross the road approaches.,
FBQ-0050,FBQ-0050-CANON-Q3,NWPU,images/FBQ-0050_ir.jpg,images/FBQ-0050_rgb.jpg,spatial_structure,Where is the largest building relative to the intersection?,Upper right,sol,1,1,1,A large rectangular structure borders the junction in the upper-right area.,
FBQ-0050,FBQ-0050-CANON-Q4,NWPU,images/FBQ-0050_ir.jpg,images/FBQ-0050_rgb.jpg,intensity_contrast,"Which is brighter, the crosswalk stripes or roads?",The crosswalk stripes,sol,1,1,1,The repeated crossing bars have higher intensity than the adjoining road bands.,
FBQ-0051,FBQ-0051-CANON-Q1,NWPU,images/FBQ-0051_ir.jpg,images/FBQ-0051_rgb.jpg,scene_category,What type of scene is shown?,An island,rewrite,1,1,1,An elongated textured landform has a closed boundary surrounded by a continuous smooth region.,
FBQ-0051,FBQ-0051-CANON-Q2,NWPU,images/FBQ-0051_ir.jpg,images/FBQ-0051_rgb.jpg,object_presence,Is a large island visible?,Yes,rewrite,1,1,1,One large enclosed landform occupies most of the IR frame.,
FBQ-0051,FBQ-0051-CANON-Q3,NWPU,images/FBQ-0051_ir.jpg,images/FBQ-0051_rgb.jpg,spatial_structure,What surrounds the island?,Open water,rewrite,1,1,1,A continuous smooth region borders the landform on every visible side.,
FBQ-0051,FBQ-0051-CANON-Q4,NWPU,images/FBQ-0051_ir.jpg,images/FBQ-0051_rgb.jpg,intensity_contrast,Is the island lighter or darker than its border?,Lighter,rewrite,1,1,1,The island interior has higher intensity than its narrow surrounding border.,
FBQ-0052,FBQ-0052-CANON-Q1,NWPU,images/FBQ-0052_ir.jpg,images/FBQ-0052_rgb.jpg,scene_category,What type of scene is shown?,A small islet,rewrite,1,1,1,A compact enclosed landform is isolated within a continuous smooth surrounding region.,
FBQ-0052,FBQ-0052-CANON-Q2,NWPU,images/FBQ-0052_ir.jpg,images/FBQ-0052_rgb.jpg,object_presence,Is an isolated islet present?,Yes,rewrite,1,1,1,One compact island-shaped feature is clearly separated from the background.,
FBQ-0052,FBQ-0052-CANON-Q3,NWPU,images/FBQ-0052_ir.jpg,images/FBQ-0052_rgb.jpg,spatial_structure,What surrounds the islet?,Open water,rewrite,1,1,1,The islet is enclosed on all sides by one continuous low-intensity region.,
FBQ-0052,FBQ-0052-CANON-Q4,NWPU,images/FBQ-0052_ir.jpg,images/FBQ-0052_rgb.jpg,intensity_contrast,How does the islet compare with its surroundings?,Much brighter,rewrite,1,1,1,The islet has substantially higher intensity than the surrounding region.,
FBQ-0053,FBQ-0053-CANON-Q1,NWPU,images/FBQ-0053_ir.jpg,images/FBQ-0053_rgb.jpg,scene_category,What type of scene is depicted?,A compact island,rewrite,1,1,1,A compact textured landform is enclosed by a continuous shoreline-like boundary.,
FBQ-0053,FBQ-0053-CANON-Q2,NWPU,images/FBQ-0053_ir.jpg,images/FBQ-0053_rgb.jpg,object_presence,Is a narrow shoreline rim visible?,Yes,rewrite,1,1,1,A narrow high-intensity band traces most of the island perimeter.,
FBQ-0053,FBQ-0053-CANON-Q3,NWPU,images/FBQ-0053_ir.jpg,images/FBQ-0053_rgb.jpg,spatial_structure,What encloses the textured island interior?,A narrow bright rim,rewrite,1,1,1,The narrow rim forms a closed boundary around the textured central region.,
FBQ-0053,FBQ-0053-CANON-Q4,NWPU,images/FBQ-0053_ir.jpg,images/FBQ-0053_rgb.jpg,intensity_contrast,Is the rim brighter than the interior?,Yes,rewrite,1,1,1,The perimeter band has visibly higher intensity than the enclosed interior.,
FBQ-0054,FBQ-0054-CANON-Q1,NWPU,images/FBQ-0054_ir.jpg,images/FBQ-0054_rgb.jpg,scene_category,What type of scene is shown?,An inland lake,rewrite,1,1,1,A large smooth enclosed region has a continuous irregular shoreline.,
FBQ-0054,FBQ-0054-CANON-Q2,NWPU,images/FBQ-0054_ir.jpg,images/FBQ-0054_rgb.jpg,object_presence,Is a large lake visible?,Yes,rewrite,1,1,1,One dominant enclosed region occupies the center of the IR image.,
FBQ-0054,FBQ-0054-CANON-Q3,NWPU,images/FBQ-0054_ir.jpg,images/FBQ-0054_rgb.jpg,spatial_structure,What surrounds the lake?,Textured land,rewrite,1,1,1,Mottled terrain forms a continuous perimeter around the smooth central region.,
FBQ-0054,FBQ-0054-CANON-Q4,NWPU,images/FBQ-0054_ir.jpg,images/FBQ-0054_rgb.jpg,intensity_contrast,"Which is more uniform, the lake or surrounding land?",The lake,rewrite,1,1,1,"The lake has nearly even intensity, while the surrounding terrain is strongly mottled.",
FBQ-0055,FBQ-0055-CANON-Q1,NWPU,images/FBQ-0055_ir.jpg,images/FBQ-0055_rgb.jpg,scene_category,What type of scene dominates the image?,A lake,rewrite,1,1,1,A large enclosed region with an irregular shoreline dominates the IR frame.,
FBQ-0055,FBQ-0055-CANON-Q2,NWPU,images/FBQ-0055_ir.jpg,images/FBQ-0055_rgb.jpg,object_presence,Does the lake have a narrow extension?,Yes,rewrite,1,1,1,The main lake region continues upward through a visibly narrow neck.,
FBQ-0055,FBQ-0055-CANON-Q3,NWPU,images/FBQ-0055_ir.jpg,images/FBQ-0055_rgb.jpg,spatial_structure,Where is the narrow lake extension?,At the top,rewrite,1,1,1,A thin connected section projects from the main basin toward the upper edge.,
FBQ-0055,FBQ-0055-CANON-Q4,NWPU,images/FBQ-0055_ir.jpg,images/FBQ-0055_rgb.jpg,intensity_contrast,Is the lake brighter than nearby terrain?,Yes,rewrite,1,1,1,The lake has substantially higher intensity than most adjacent terrain.,
FBQ-0056,FBQ-0056-CANON-Q1,NWPU,images/FBQ-0056_ir.jpg,images/FBQ-0056_rgb.jpg,scene_category,What type of scene is shown?,An urban waterfront,rewrite,1,1,1,Dense fine-grained development borders a broad smooth water region.,
FBQ-0056,FBQ-0056-CANON-Q2,NWPU,images/FBQ-0056_ir.jpg,images/FBQ-0056_rgb.jpg,object_presence,Is a water body visible?,Yes,rewrite,1,1,1,A broad smooth low-intensity region with a shoreline-like boundary spans the upper middle.,
FBQ-0056,FBQ-0056-CANON-Q3,NWPU,images/FBQ-0056_ir.jpg,images/FBQ-0056_rgb.jpg,spatial_structure,Where is the dense urban area?,Below the water body,rewrite,1,1,1,The densely textured expanse lies directly beneath the smooth water region.,
FBQ-0056,FBQ-0056-CANON-Q4,NWPU,images/FBQ-0056_ir.jpg,images/FBQ-0056_rgb.jpg,intensity_contrast,Is the water darker than the urban area?,Yes,rewrite,1,1,1,The water has lower intensity than the densely textured area below it.,
FBQ-0057,FBQ-0057-CANON-Q1,NWPU,images/FBQ-0057_ir.jpg,images/FBQ-0057_rgb.jpg,scene_category,What type of scene is shown?,An open field,rewrite,1,1,1,"A broad, nearly uniform open area dominates the IR image.","The IR image is blurred, but the field and road remain distinguishable."
FBQ-0057,FBQ-0057-CANON-Q2,NWPU,images/FBQ-0057_ir.jpg,images/FBQ-0057_rgb.jpg,object_presence,Is a straight road visible?,Yes,rewrite,1,1,1,A narrow corridor with parallel edges runs vertically near the right side.,"The IR image is blurred, but the field and road remain distinguishable."
FBQ-0057,FBQ-0057-CANON-Q3,NWPU,images/FBQ-0057_ir.jpg,images/FBQ-0057_rgb.jpg,spatial_structure,Where is the straight road located?,Along the right side,rewrite,1,1,1,The vertical parallel-edged corridor lies close to the right image boundary.,"The IR image is blurred, but the field and road remain distinguishable."
FBQ-0057,FBQ-0057-CANON-Q4,NWPU,images/FBQ-0057_ir.jpg,images/FBQ-0057_rgb.jpg,intensity_contrast,Is the road brighter than the central field?,Yes,rewrite,1,1,1,The road corridor has higher intensity than the broad adjacent field.,"The IR image is blurred, but the field and road remain distinguishable."
FBQ-0058,FBQ-0058-CANON-Q1,NWPU,images/FBQ-0058_ir.jpg,images/FBQ-0058_rgb.jpg,scene_category,What type of scene is shown?,An open field,rewrite,1,1,1,A broad open region with sparse compact features fills most of the IR frame.,"The IR image has limited detail, but all selected features are directly visible."
FBQ-0058,FBQ-0058-CANON-Q2,NWPU,images/FBQ-0058_ir.jpg,images/FBQ-0058_rgb.jpg,object_presence,Is a curved path visible?,Yes,rewrite,1,1,1,A broad curved linear band crosses the lower part of the image.,"The IR image has limited detail, but all selected features are directly visible."
FBQ-0058,FBQ-0058-CANON-Q3,NWPU,images/FBQ-0058_ir.jpg,images/FBQ-0058_rgb.jpg,spatial_structure,Where does the curved path run?,Across the lower portion,rewrite,1,1,1,The curved band extends across the image below the central open region.,"The IR image has limited detail, but all selected features are directly visible."
FBQ-0058,FBQ-0058-CANON-Q4,NWPU,images/FBQ-0058_ir.jpg,images/FBQ-0058_rgb.jpg,intensity_contrast,Are several small spots brighter than the field?,Yes,rewrite,1,1,1,Multiple compact high-intensity spots stand out within the smoother field.,"The IR image has limited detail, but all selected features are directly visible."
FBQ-0059,FBQ-0059-CANON-Q1,NWPU,images/FBQ-0059_ir.jpg,images/FBQ-0059_rgb.jpg,scene_category,What type of scene is shown?,An open field,rewrite,1,1,1,Irregular speckled ground texture extends across most of the IR image.,
FBQ-0059,FBQ-0059-CANON-Q2,NWPU,images/FBQ-0059_ir.jpg,images/FBQ-0059_rgb.jpg,object_presence,Are loop-shaped tracks visible?,Yes,rewrite,1,1,1,Several narrow low-intensity lines form visible loops across the field.,
FBQ-0059,FBQ-0059-CANON-Q3,NWPU,images/FBQ-0059_ir.jpg,images/FBQ-0059_rgb.jpg,spatial_structure,Where is the long dark corridor?,Along the upper-right side,rewrite,1,1,1,A broad linear strip runs diagonally beside the upper-right boundary.,
FBQ-0059,FBQ-0059-CANON-Q4,NWPU,images/FBQ-0059_ir.jpg,images/FBQ-0059_rgb.jpg,intensity_contrast,Is the upper-right corridor darker than the field?,Yes,rewrite,1,1,1,The corridor has markedly lower intensity than the adjacent speckled terrain.,
FBQ-0060,FBQ-0060-CANON-Q1,NWPU,images/FBQ-0060_ir.jpg,images/FBQ-0060_rgb.jpg,scene_category,What type of scene is shown?,A residential neighborhood,rewrite,1,1,1,"Multiple detached rectangular buildings, roads, yards, and small vehicles are resolved in IR.",
FBQ-0060,FBQ-0060-CANON-Q2,NWPU,images/FBQ-0060_ir.jpg,images/FBQ-0060_rgb.jpg,object_presence,Are parked vehicles visible?,Yes,rewrite,1,1,1,Several small elongated vehicle-shaped objects appear beside the right-side road.,
FBQ-0060,FBQ-0060-CANON-Q3,NWPU,images/FBQ-0060_ir.jpg,images/FBQ-0060_rgb.jpg,spatial_structure,Where are most parked vehicles clustered?,Along the right-side road,rewrite,1,1,1,A row of small vehicle-shaped objects follows the road near the right edge.,
FBQ-0060,FBQ-0060-CANON-Q4,NWPU,images/FBQ-0060_ir.jpg,images/FBQ-0060_rgb.jpg,intensity_contrast,Are the main rooftops darker than the roads?,Yes,rewrite,1,1,1,The largest rectangular rooftops have lower intensity than the adjacent roads.,
FBQ-0061,FBQ-0061-CANON-Q1,NWPU,images/FBQ-0061_ir.jpg,images/FBQ-0061_rgb.jpg,scene_category,What type of area is shown?,A residential neighborhood,sol,1,1,1,Numerous small roof outlines are densely clustered around narrow intervening paths.,
FBQ-0061,FBQ-0061-CANON-Q2,NWPU,images/FBQ-0061_ir.jpg,images/FBQ-0061_rgb.jpg,object_presence,Are numerous building roofs visible?,Yes,sol,1,1,1,Many distinct dark rectangular roof shapes appear across the image.,
FBQ-0061,FBQ-0061-CANON-Q3,NWPU,images/FBQ-0061_ir.jpg,images/FBQ-0061_rgb.jpg,spatial_structure,Where is the broad road relative to the houses?,Along the right edge,sol,1,1,1,A wide smooth linear strip borders the dense roof cluster on the right.,
FBQ-0061,FBQ-0061-CANON-Q4,NWPU,images/FBQ-0061_ir.jpg,images/FBQ-0061_rgb.jpg,intensity_contrast,What is darker than the surrounding ground?,Many building roofs,sol,1,1,1,Multiple roof rectangles have substantially darker grayscale values than adjacent ground.,
FBQ-0062,FBQ-0062-CANON-Q1,NWPU,images/FBQ-0062_ir.jpg,images/FBQ-0062_rgb.jpg,scene_category,What type of scene is shown?,Residential settlement,rewrite_backfill,1,1,1,Many repeated elongated structures are arranged along intersecting access lanes.,The blurred IR structure does not support a reliable scene identity.
FBQ-0062,FBQ-0062-CANON-Q2,NWPU,images/FBQ-0062_ir.jpg,images/FBQ-0062_rgb.jpg,object_presence,Are repeated rectangular openings visible?,Yes,rewrite,1,1,1,A dark central rectilinear mass contains many lighter rectangular gaps.,The blurred IR structure does not support a reliable scene identity.
FBQ-0062,FBQ-0062-CANON-Q3,NWPU,images/FBQ-0062_ir.jpg,images/FBQ-0062_rgb.jpg,spatial_structure,How are the openings arranged?,In roughly parallel rows,rewrite,1,1,1,The lighter rectangular gaps repeat along several similarly oriented alignments.,The blurred IR structure does not support a reliable scene identity.
FBQ-0062,FBQ-0062-CANON-Q4,NWPU,images/FBQ-0062_ir.jpg,images/FBQ-0062_rgb.jpg,intensity_contrast,How does the central structure compare with the background?,Darker than the background,rewrite,1,1,1,The central rectilinear mass is substantially darker than the surrounding smooth field.,The blurred IR structure does not support a reliable scene identity.
FBQ-0063,FBQ-0063-CANON-Q1,NWPU,images/FBQ-0063_ir.jpg,images/FBQ-0063_rgb.jpg,scene_category,What type of settlement is shown?,A mobile-home park,sol,1,1,1,"Numerous similarly sized elongated units form dense, regular residential rows.",
FBQ-0063,FBQ-0063-CANON-Q2,NWPU,images/FBQ-0063_ir.jpg,images/FBQ-0063_rgb.jpg,object_presence,Are repeated elongated units visible?,Yes,sol,1,1,1,Many narrow rectangular forms repeat throughout the central area.,
FBQ-0063,FBQ-0063-CANON-Q3,NWPU,images/FBQ-0063_ir.jpg,images/FBQ-0063_rgb.jpg,spatial_structure,How are the residential units arranged?,In parallel rows,sol,1,1,1,"The elongated forms align in several nearly vertical, evenly separated bands.",
FBQ-0063,FBQ-0063-CANON-Q4,NWPU,images/FBQ-0063_ir.jpg,images/FBQ-0063_rgb.jpg,intensity_contrast,Is there a dark strip along the bottom?,Yes,terra,1,1,1,A broad continuous dark band spans the lower edge.,
FBQ-0064,FBQ-0064-CANON-Q1,NWPU,images/FBQ-0064_ir.jpg,images/FBQ-0064_rgb.jpg,scene_category,What type of terrain is shown?,Rugged natural terrain,rewrite_backfill,1,1,1,Irregular branching ridge-like forms and uneven coarse textures fill the frame.,The IR texture is too ambiguous for a reliable landscape category.
FBQ-0064,FBQ-0064-CANON-Q2,NWPU,images/FBQ-0064_ir.jpg,images/FBQ-0064_rgb.jpg,object_presence,Are branching outlines visible?,Yes,rewrite,1,1,1,Numerous irregular branching outlines are visible across the central and right areas.,The IR texture is too ambiguous for a reliable landscape category.
FBQ-0064,FBQ-0064-CANON-Q3,NWPU,images/FBQ-0064_ir.jpg,images/FBQ-0064_rgb.jpg,spatial_structure,Where is the densest textured cluster?,On the right half,rewrite,1,1,1,The most closely packed branching and rounded forms occupy the right half.,The IR texture is too ambiguous for a reliable landscape category.
FBQ-0064,FBQ-0064-CANON-Q4,NWPU,images/FBQ-0064_ir.jpg,images/FBQ-0064_rgb.jpg,intensity_contrast,Is strong light-dark contrast present?,Yes,rewrite,1,1,1,Deep dark patches directly border very bright irregular outlines throughout the image.,The IR texture is too ambiguous for a reliable landscape category.
FBQ-0065,FBQ-0065-CANON-Q1,NWPU,images/FBQ-0065_ir.jpg,images/FBQ-0065_rgb.jpg,scene_category,What type of landscape is shown?,Terraced landscape,rewrite_backfill,1,1,1,Repeated curved contour-like bands form broad stepped terrain across the frame.,The IR forms do not safely establish the terraced landscape identity.
FBQ-0065,FBQ-0065-CANON-Q2,NWPU,images/FBQ-0065_ir.jpg,images/FBQ-0065_rgb.jpg,object_presence,Are overlapping rounded forms visible?,Yes,rewrite,1,1,1,Several large irregular rounded forms are visibly layered across the frame.,The IR forms do not safely establish the terraced landscape identity.
FBQ-0065,FBQ-0065-CANON-Q3,NWPU,images/FBQ-0065_ir.jpg,images/FBQ-0065_rgb.jpg,spatial_structure,How are the rounded forms positioned?,Overlapping across the center,rewrite,1,1,1,Multiple rounded boundaries intersect and partially obscure one another near the center.,The IR forms do not safely establish the terraced landscape identity.
FBQ-0065,FBQ-0065-CANON-Q4,NWPU,images/FBQ-0065_ir.jpg,images/FBQ-0065_rgb.jpg,intensity_contrast,Do dark bands cross some lighter forms?,Yes,rewrite,1,1,1,"Several dark curved bands traverse lighter rounded regions, especially on the right.",The IR forms do not safely establish the terraced landscape identity.
FBQ-0066,FBQ-0066-CANON-Q1,NWPU,images/FBQ-0066_ir.jpg,images/FBQ-0066_rgb.jpg,scene_category,What transportation scene is shown?,An elevated highway,sol,1,1,1,A wide multilane roadway spans the full image with urban structures visible beneath and beside it.,
FBQ-0066,FBQ-0066-CANON-Q2,NWPU,images/FBQ-0066_ir.jpg,images/FBQ-0066_rgb.jpg,object_presence,Are vehicles visible on the highway?,Yes,sol,1,1,1,Several small bright oval and rectangular vehicle shapes occur within the roadway lanes.,
FBQ-0066,FBQ-0066-CANON-Q3,NWPU,images/FBQ-0066_ir.jpg,images/FBQ-0066_rgb.jpg,spatial_structure,How does the highway cross the image?,Horizontally through the center,sol,1,1,1,The broad roadway extends continuously from left to right across the middle.,
FBQ-0066,FBQ-0066-CANON-Q4,NWPU,images/FBQ-0066_ir.jpg,images/FBQ-0066_rgb.jpg,intensity_contrast,What appears brighter than the roadway surface?,Vehicles and lane markings,sol,1,1,1,Small vehicle shapes and short lane marks stand out brightly against the darker pavement.,
FBQ-0067,FBQ-0067-CANON-Q1,NWPU,images/FBQ-0067_ir.jpg,images/FBQ-0067_rgb.jpg,scene_category,What type of road scene is visible?,A highway interchange,sol,1,1,1,Multiple broad roads intersect through connecting ramps and large curved loops.,
FBQ-0067,FBQ-0067-CANON-Q2,NWPU,images/FBQ-0067_ir.jpg,images/FBQ-0067_rgb.jpg,object_presence,Are curved loop ramps present?,Yes,sol,1,1,1,Two large rounded roadway loops are clearly outlined on the right side.,
FBQ-0067,FBQ-0067-CANON-Q3,NWPU,images/FBQ-0067_ir.jpg,images/FBQ-0067_rgb.jpg,spatial_structure,Where do the main roads cross?,Near the image center,sol,1,1,1,Diagonal and nearly vertical road bands overlap around the central region.,
FBQ-0067,FBQ-0067-CANON-Q4,NWPU,images/FBQ-0067_ir.jpg,images/FBQ-0067_rgb.jpg,intensity_contrast,Where is the largest uniformly dark region?,In the upper-left corner,sol,1,1,1,A broad nearly black patch occupies much of the upper-left area beside the roads.,
FBQ-0068,FBQ-0068-CANON-Q1,NWPU,images/FBQ-0068_ir.jpg,images/FBQ-0068_rgb.jpg,scene_category,What general scene category is visible?,A dense urban complex,sol,1,1,1,Numerous closely spaced rectilinear structures fill a bounded city block.,
FBQ-0068,FBQ-0068-CANON-Q2,NWPU,images/FBQ-0068_ir.jpg,images/FBQ-0068_rgb.jpg,object_presence,Are multiple rectangular buildings visible?,Yes,sol,1,1,1,Repeated elongated and block-shaped outlines are visible throughout the central area.,
FBQ-0068,FBQ-0068-CANON-Q3,NWPU,images/FBQ-0068_ir.jpg,images/FBQ-0068_rgb.jpg,spatial_structure,Where is the broadest bordering road?,Along the bottom edge,sol,1,1,1,A wide smooth linear band runs across the lower boundary of the complex.,
FBQ-0068,FBQ-0068-CANON-Q4,NWPU,images/FBQ-0068_ir.jpg,images/FBQ-0068_rgb.jpg,intensity_contrast,Which structures have the darkest tones?,Several elongated roof sections,sol,1,1,1,Multiple long rectangular regions appear nearly black against the lighter complex.,
FBQ-0069,FBQ-0069-CANON-Q1,NWPU,images/FBQ-0069_ir.jpg,images/FBQ-0069_rgb.jpg,scene_category,What general scene category is shown?,A large building complex,sol,1,1,1,Connected rectilinear roof sections occupy most of the image and enclose multiple open areas.,
FBQ-0069,FBQ-0069-CANON-Q2,NWPU,images/FBQ-0069_ir.jpg,images/FBQ-0069_rgb.jpg,object_presence,Are enclosed courtyards visible?,Yes,sol,1,1,1,Several dark rectangular spaces are fully or mostly surrounded by bright building outlines.,
FBQ-0069,FBQ-0069-CANON-Q3,NWPU,images/FBQ-0069_ir.jpg,images/FBQ-0069_rgb.jpg,spatial_structure,Where is the broad dark strip relative to the complex?,Along the left edge,rewrite,1,1,1,A continuous dark vertical strip directly borders the complex on its left side.,
FBQ-0069,FBQ-0069-CANON-Q4,NWPU,images/FBQ-0069_ir.jpg,images/FBQ-0069_rgb.jpg,intensity_contrast,What is darker than the surrounding roofs?,The enclosed courtyards,sol,1,1,1,The rectangular interior spaces have darker grayscale values than their bright roof boundaries.,
FBQ-0070,FBQ-0070-CANON-Q1,NWPU,images/FBQ-0070_ir.jpg,images/FBQ-0070_rgb.jpg,scene_category,What general scene category is visible?,An architectural complex,sol,1,1,1,"Multiple large, formally aligned rectilinear structures occupy the central vertical axis.",
FBQ-0070,FBQ-0070-CANON-Q2,NWPU,images/FBQ-0070_ir.jpg,images/FBQ-0070_rgb.jpg,object_presence,Is a square central structure visible?,Yes,sol,1,1,1,A prominent nested square outline appears in the upper-central portion.,
FBQ-0070,FBQ-0070-CANON-Q3,NWPU,images/FBQ-0070_ir.jpg,images/FBQ-0070_rgb.jpg,spatial_structure,Where is the elongated building relative to the square structure?,Directly below it,sol,1,1,1,A long horizontal rectangular form is vertically aligned beneath the nested square.,
FBQ-0070,FBQ-0070-CANON-Q4,NWPU,images/FBQ-0070_ir.jpg,images/FBQ-0070_rgb.jpg,intensity_contrast,What is darker than the square enclosure?,The central inner square,sol,1,1,1,The inner square is nearly black while its surrounding rectangular boundary is much brighter.,
FBQ-0071,FBQ-0071-CANON-Q1,NWPU,images/FBQ-0071_ir.jpg,images/FBQ-0071_rgb.jpg,scene_category,What type of area is shown?,Parking lot,terra,1,1,1,A broad paved area contains repeated vehicle-sized marks in organized rows.,
FBQ-0071,FBQ-0071-CANON-Q2,NWPU,images/FBQ-0071_ir.jpg,images/FBQ-0071_rgb.jpg,object_presence,Are many vehicles visible?,Yes,sol,1,1,1,Many small elongated vehicle outlines are visible across the paved area.,
FBQ-0071,FBQ-0071-CANON-Q3,NWPU,images/FBQ-0071_ir.jpg,images/FBQ-0071_rgb.jpg,spatial_structure,How are the vehicles arranged?,In parallel rows,terra,1,1,1,"Vehicle-sized marks align along multiple straight, parallel rows.",
FBQ-0071,FBQ-0071-CANON-Q4,NWPU,images/FBQ-0071_ir.jpg,images/FBQ-0071_rgb.jpg,intensity_contrast,What is darker than the pavement?,Parked vehicles,terra,1,1,1,Most vehicle-shaped marks have lower grayscale intensity than the surrounding pavement.,
FBQ-0072,FBQ-0072-CANON-Q1,NWPU,images/FBQ-0072_ir.jpg,images/FBQ-0072_rgb.jpg,scene_category,What type of area is shown?,Parking lot,terra,1,1,1,Several marked parking sections contain repeated vehicle-sized outlines.,
FBQ-0072,FBQ-0072-CANON-Q2,NWPU,images/FBQ-0072_ir.jpg,images/FBQ-0072_rgb.jpg,object_presence,Are parked vehicles present?,Yes,sol,1,1,1,Small elongated vehicle outlines occupy spaces in multiple parking sections.,
FBQ-0072,FBQ-0072-CANON-Q3,NWPU,images/FBQ-0072_ir.jpg,images/FBQ-0072_rgb.jpg,spatial_structure,What separates the parking groups?,Drive aisles,terra,1,1,1,Broad linear corridors run between the groups of parked vehicles.,
FBQ-0072,FBQ-0072-CANON-Q4,NWPU,images/FBQ-0072_ir.jpg,images/FBQ-0072_rgb.jpg,intensity_contrast,What appears darker than the parking surface?,Tree canopies,terra,1,1,1,Irregular canopy regions are distinctly darker than the adjacent pavement.,
FBQ-0073,FBQ-0073-CANON-Q1,NWPU,images/FBQ-0073_ir.jpg,images/FBQ-0073_rgb.jpg,scene_category,What type of site is shown?,Vehicle storage yard,terra,1,1,1,Numerous vehicle-shaped objects are densely grouped across an open yard.,
FBQ-0073,FBQ-0073-CANON-Q2,NWPU,images/FBQ-0073_ir.jpg,images/FBQ-0073_rgb.jpg,object_presence,Are many vehicles visible in the yard?,Yes,sol,1,1,1,Many small elongated vehicle outlines fill the open yard.,
FBQ-0073,FBQ-0073-CANON-Q3,NWPU,images/FBQ-0073_ir.jpg,images/FBQ-0073_rgb.jpg,spatial_structure,How are the vehicles distributed?,In rows and clusters,sol,1,1,1,Repeated vehicle shapes form linear rows and tightly packed groups.,
FBQ-0073,FBQ-0073-CANON-Q4,NWPU,images/FBQ-0073_ir.jpg,images/FBQ-0073_rgb.jpg,intensity_contrast,How do the vehicles contrast with the yard surface?,They appear brighter,sol,1,1,1,Many vehicle outlines have higher grayscale intensity than the open yard surface.,
FBQ-0074,FBQ-0074-CANON-Q1,NWPU,images/FBQ-0074_ir.jpg,images/FBQ-0074_rgb.jpg,scene_category,What transportation scene dominates the image?,A railway corridor,sol,1,1,1,A wide diagonal corridor contains many closely spaced parallel track-like lines.,
FBQ-0074,FBQ-0074-CANON-Q2,NWPU,images/FBQ-0074_ir.jpg,images/FBQ-0074_rgb.jpg,object_presence,Are multiple railway tracks visible?,Yes,sol,1,1,1,Numerous thin parallel linear features extend across the central corridor.,
FBQ-0074,FBQ-0074-CANON-Q3,NWPU,images/FBQ-0074_ir.jpg,images/FBQ-0074_rgb.jpg,spatial_structure,How do the tracks run?,Diagonally in parallel,luna,1,1,1,The track-like bands extend diagonally across the image with similar orientations.,
FBQ-0074,FBQ-0074-CANON-Q4,NWPU,images/FBQ-0074_ir.jpg,images/FBQ-0074_rgb.jpg,intensity_contrast,Which region appears darkest overall?,The central rail corridor,sol,1,1,1,The broad central diagonal corridor has lower intensity than adjacent built-up regions.,
FBQ-0075,FBQ-0075-CANON-Q1,NWPU,images/FBQ-0075_ir.jpg,images/FBQ-0075_rgb.jpg,scene_category,What type of transportation facility is shown?,A railway yard,sol,1,1,1,Multiple parallel tracks and elongated rail vehicles occupy much of the image.,
FBQ-0075,FBQ-0075-CANON-Q2,NWPU,images/FBQ-0075_ir.jpg,images/FBQ-0075_rgb.jpg,object_presence,Are trains visible on the tracks?,Yes,sol,1,1,1,Several long segmented vehicle outlines follow the parallel track lines.,
FBQ-0075,FBQ-0075-CANON-Q3,NWPU,images/FBQ-0075_ir.jpg,images/FBQ-0075_rgb.jpg,spatial_structure,Where are the tracks relative to the large building?,Below the building,sol,1,1,1,The parallel track network occupies the area beneath the large rectangular roof outline.,
FBQ-0075,FBQ-0075-CANON-Q4,NWPU,images/FBQ-0075_ir.jpg,images/FBQ-0075_rgb.jpg,intensity_contrast,How do the train roofs contrast with the tracks?,They appear brighter,sol,1,1,1,Several elongated train roofs have higher grayscale intensity than the track bed.,
FBQ-0076,FBQ-0076-CANON-Q1,NWPU,images/FBQ-0076_ir.jpg,images/FBQ-0076_rgb.jpg,scene_category,What facility occupies the center?,A railway yard,sol,1,1,1,The elongated central area contains numerous closely spaced parallel track-like lines.,
FBQ-0076,FBQ-0076-CANON-Q2,NWPU,images/FBQ-0076_ir.jpg,images/FBQ-0076_rgb.jpg,object_presence,Are many parallel tracks visible?,Yes,sol,1,1,1,Multiple narrow linear features run lengthwise through the central yard.,
FBQ-0076,FBQ-0076-CANON-Q3,NWPU,images/FBQ-0076_ir.jpg,images/FBQ-0076_rgb.jpg,spatial_structure,What surrounds the central yard?,Curving roads,sol,1,1,1,Broad curving linear routes wrap around several sides of the central region.,
FBQ-0076,FBQ-0076-CANON-Q4,NWPU,images/FBQ-0076_ir.jpg,images/FBQ-0076_rgb.jpg,intensity_contrast,How does the central yard compare with the surrounding roads?,The yard is darker,sol,1,1,1,The central elongated surface has lower intensity than the pale roads around it.,
FBQ-0077,FBQ-0077-CANON-Q1,NWPU,images/FBQ-0077_ir.jpg,images/FBQ-0077_rgb.jpg,scene_category,What type of waterfront facility is visible?,A marina,sol,1,1,1,Numerous small boat-shaped marks line constructed edges within a sheltered water area.,
FBQ-0077,FBQ-0077-CANON-Q2,NWPU,images/FBQ-0077_ir.jpg,images/FBQ-0077_rgb.jpg,object_presence,Are boats visible in the water?,Yes,sol,1,1,1,Repeated small elongated outlines appear along docks inside the water region.,
FBQ-0077,FBQ-0077-CANON-Q3,NWPU,images/FBQ-0077_ir.jpg,images/FBQ-0077_rgb.jpg,spatial_structure,Where is the water relative to the railway corridor?,Below the railway corridor,sol,1,1,1,The water occupies the lower image beneath the band of parallel track lines.,
FBQ-0077,FBQ-0077-CANON-Q4,NWPU,images/FBQ-0077_ir.jpg,images/FBQ-0077_rgb.jpg,intensity_contrast,How does the water contrast with surrounding structures?,The water is darker,rewrite,1,1,1,The lower water region has substantially lower intensity than adjacent docks and structures.,
FBQ-0078,FBQ-0078-CANON-Q1,NWPU,images/FBQ-0078_ir.jpg,images/FBQ-0078_rgb.jpg,scene_category,What general scene is shown?,An isolated building complex,sol,1,1,1,A prominent angular built structure occupies the center of otherwise open terrain.,"Fine structural details remain blurred, but all selected cues are directly visible in IR."
FBQ-0078,FBQ-0078-CANON-Q2,NWPU,images/FBQ-0078_ir.jpg,images/FBQ-0078_rgb.jpg,object_presence,Is a large rectangular structure visible?,Yes,sol,1,1,1,A prominent rectangular outline with straight edges is visible near the center.,"Fine structural details remain blurred, but all selected cues are directly visible in IR."
FBQ-0078,FBQ-0078-CANON-Q3,NWPU,images/FBQ-0078_ir.jpg,images/FBQ-0078_rgb.jpg,spatial_structure,Where is the main structure located?,Near the center,sol,1,1,1,The dominant rectangular structure lies centrally among surrounding linear tracks.,"Fine structural details remain blurred, but all selected cues are directly visible in IR."
FBQ-0078,FBQ-0078-CANON-Q4,NWPU,images/FBQ-0078_ir.jpg,images/FBQ-0078_rgb.jpg,intensity_contrast,How does the main structure contrast with its surroundings?,It appears brighter,sol,1,1,1,The central structure has markedly higher grayscale intensity than most adjacent ground.,"Fine structural details remain blurred, but all selected cues are directly visible in IR."
FBQ-0079,FBQ-0079-CANON-Q1,NWPU,images/FBQ-0079_ir.jpg,images/FBQ-0079_rgb.jpg,scene_category,What type of landscape dominates the image?,Agricultural farmland,sol,1,1,1,Large adjoining polygonal parcels divided by narrow boundaries cover most of the image.,
FBQ-0079,FBQ-0079-CANON-Q2,NWPU,images/FBQ-0079_ir.jpg,images/FBQ-0079_rgb.jpg,object_presence,Are multiple field parcels visible?,Yes,sol,1,1,1,Numerous large regions with distinct boundaries form a parcel mosaic.,
FBQ-0079,FBQ-0079-CANON-Q3,NWPU,images/FBQ-0079_ir.jpg,images/FBQ-0079_rgb.jpg,spatial_structure,What divides many of the fields?,Narrow roads and boundaries,sol,1,1,1,Thin linear features wind between and outline the polygonal parcels.,
FBQ-0079,FBQ-0079-CANON-Q4,NWPU,images/FBQ-0079_ir.jpg,images/FBQ-0079_rgb.jpg,intensity_contrast,Which field region is notably brighter?,The large lower-central field,sol,1,1,1,A broad lower-central parcel has higher grayscale intensity than most neighboring fields.,
FBQ-0080,FBQ-0080-CANON-Q1,NWPU,images/FBQ-0080_ir.jpg,images/FBQ-0080_rgb.jpg,scene_category,What type of landscape is shown?,Agricultural farmland,sol,1,1,1,Large adjoining geometric parcels with clear dividing boundaries dominate the image.,
FBQ-0080,FBQ-0080-CANON-Q2,NWPU,images/FBQ-0080_ir.jpg,images/FBQ-0080_rgb.jpg,object_presence,Are several field parcels visible?,Yes,sol,1,1,1,Multiple large polygonal regions are enclosed by narrow linear borders.,
FBQ-0080,FBQ-0080-CANON-Q3,NWPU,images/FBQ-0080_ir.jpg,images/FBQ-0080_rgb.jpg,spatial_structure,What separates the field parcels?,Roads and narrow boundaries,sol,1,1,1,Linear features outline the parcels and meet near a central junction.,
FBQ-0080,FBQ-0080-CANON-Q4,NWPU,images/FBQ-0080_ir.jpg,images/FBQ-0080_rgb.jpg,intensity_contrast,How does the large upper-central parcel compare with adjacent fields?,It appears brighter,sol,1,1,1,The broad upper-central parcel has substantially higher intensity than surrounding parcels.,
FBQ-0081,FBQ-0081-CANON-Q1,NWPU,images/FBQ-0081_ir.jpg,images/FBQ-0081_rgb.jpg,scene_category,What type of landscape is shown?,River landscape,sol,1,1,1,A continuous branching channel winds through the surrounding terrain.,
FBQ-0081,FBQ-0081-CANON-Q2,NWPU,images/FBQ-0081_ir.jpg,images/FBQ-0081_rgb.jpg,object_presence,Is an elongated island enclosed by the channel?,Yes,sol,1,1,1,A bounded lighter landform lies inside the dark channel.,
FBQ-0081,FBQ-0081-CANON-Q3,NWPU,images/FBQ-0081_ir.jpg,images/FBQ-0081_rgb.jpg,spatial_structure,How does the channel relate to the island?,It splits around the island,sol,1,1,1,Two dark branches separate and reconnect around the central landform.,
FBQ-0081,FBQ-0081-CANON-Q4,NWPU,images/FBQ-0081_ir.jpg,images/FBQ-0081_rgb.jpg,intensity_contrast,Is the channel darker or brighter than nearby land?,Darker,sol,1,1,1,The channel has substantially lower grayscale intensity than its banks.,
FBQ-0082,FBQ-0082-CANON-Q1,NWPU,images/FBQ-0082_ir.jpg,images/FBQ-0082_rgb.jpg,scene_category,What broad scene pattern is visible?,A linear corridor,rewrite,1,1,1,A wide continuous band with defined opposing boundaries crosses the scene.,Scene identity and fine infrastructure are not independently reliable in the blurred IR image.
FBQ-0082,FBQ-0082-CANON-Q2,NWPU,images/FBQ-0082_ir.jpg,images/FBQ-0082_rgb.jpg,object_presence,Is a broad smooth band present?,Yes,rewrite,1,1,1,"A broad, relatively uniform band spans most of the image width.",Scene identity and fine infrastructure are not independently reliable in the blurred IR image.
FBQ-0082,FBQ-0082-CANON-Q3,NWPU,images/FBQ-0082_ir.jpg,images/FBQ-0082_rgb.jpg,spatial_structure,Where does the broad band extend?,Across the image center,rewrite,1,1,1,The band runs horizontally through the middle portion of the image.,Scene identity and fine infrastructure are not independently reliable in the blurred IR image.
FBQ-0082,FBQ-0082-CANON-Q4,NWPU,images/FBQ-0082_ir.jpg,images/FBQ-0082_rgb.jpg,intensity_contrast,How does the broad band compare with the upper region?,Brighter,rewrite,1,1,1,The broad central band has higher grayscale intensity than the upper developed area.,Scene identity and fine infrastructure are not independently reliable in the blurred IR image.
FBQ-0083,FBQ-0083-CANON-Q1,NWPU,images/FBQ-0083_ir.jpg,images/FBQ-0083_rgb.jpg,scene_category,What road feature is visible?,Roundabout,terra,1,1,1,A closed road loop surrounds a large oval center.,
FBQ-0083,FBQ-0083-CANON-Q2,NWPU,images/FBQ-0083_ir.jpg,images/FBQ-0083_rgb.jpg,object_presence,Is an oval central island visible?,Yes,terra,1,1,1,A large oval region is clearly enclosed by the road loop.,
FBQ-0083,FBQ-0083-CANON-Q3,NWPU,images/FBQ-0083_ir.jpg,images/FBQ-0083_rgb.jpg,spatial_structure,What surrounds the oval center?,A looping road,terra,1,1,1,A continuous bright curved path encloses the dark oval.,
FBQ-0083,FBQ-0083-CANON-Q4,NWPU,images/FBQ-0083_ir.jpg,images/FBQ-0083_rgb.jpg,intensity_contrast,How does the oval center compare with the road?,Darker,terra,1,1,1,The oval interior is darker than the bright surrounding road.,
FBQ-0084,FBQ-0084-CANON-Q1,NWPU,images/FBQ-0084_ir.jpg,images/FBQ-0084_rgb.jpg,scene_category,What road feature is at the center?,Roundabout,terra,1,1,1,A circular junction is clearly visible at the image center.,
FBQ-0084,FBQ-0084-CANON-Q2,NWPU,images/FBQ-0084_ir.jpg,images/FBQ-0084_rgb.jpg,object_presence,Are large rectangular buildings present?,Yes,sol,1,1,1,Several large straight-edged rectangular structures appear around the roads.,
FBQ-0084,FBQ-0084-CANON-Q3,NWPU,images/FBQ-0084_ir.jpg,images/FBQ-0084_rgb.jpg,spatial_structure,How are the roads arranged at the center?,They radiate from a roundabout,sol,1,1,1,Multiple road branches join the central circular roadway from different directions.,
FBQ-0084,FBQ-0084-CANON-Q4,NWPU,images/FBQ-0084_ir.jpg,images/FBQ-0084_rgb.jpg,intensity_contrast,How does the central island compare with the roads?,Lighter,rewrite,1,1,1,The circular central area has higher grayscale intensity than the surrounding roadway.,
FBQ-0085,FBQ-0085-CANON-Q1,NWPU,images/FBQ-0085_ir.jpg,images/FBQ-0085_rgb.jpg,scene_category,What type of facility is shown?,Airfield runway,sol,1,1,1,A long paved strip with repeated threshold markings is visible.,
FBQ-0085,FBQ-0085-CANON-Q2,NWPU,images/FBQ-0085_ir.jpg,images/FBQ-0085_rgb.jpg,object_presence,Are threshold stripes visible?,Yes,sol,1,1,1,Closely spaced parallel bars cross the strip near its upper end.,
FBQ-0085,FBQ-0085-CANON-Q3,NWPU,images/FBQ-0085_ir.jpg,images/FBQ-0085_rgb.jpg,spatial_structure,What is the runway's main orientation?,Vertical,sol,1,1,1,The long straight strip extends from the bottom toward the top.,
FBQ-0085,FBQ-0085-CANON-Q4,NWPU,images/FBQ-0085_ir.jpg,images/FBQ-0085_rgb.jpg,intensity_contrast,Is the runway brighter or darker than adjacent ground?,Brighter,sol,1,1,1,The runway forms a high-intensity strip against darker surrounding areas.,
FBQ-0086,FBQ-0086-CANON-Q1,NWPU,images/FBQ-0086_ir.jpg,images/FBQ-0086_rgb.jpg,scene_category,What type of transport feature is shown?,Runway,sol,1,1,1,A long straight paved strip with threshold-style markings crosses the image.,
FBQ-0086,FBQ-0086-CANON-Q2,NWPU,images/FBQ-0086_ir.jpg,images/FBQ-0086_rgb.jpg,object_presence,Are parallel threshold markings present?,Yes,sol,1,1,1,Repeated narrow parallel bars cross the lower-right end of the strip.,
FBQ-0086,FBQ-0086-CANON-Q3,NWPU,images/FBQ-0086_ir.jpg,images/FBQ-0086_rgb.jpg,spatial_structure,How is the runway oriented in the image?,Diagonally,sol,1,1,1,The strip extends from the upper left toward the lower right.,
FBQ-0086,FBQ-0086-CANON-Q4,NWPU,images/FBQ-0086_ir.jpg,images/FBQ-0086_rgb.jpg,intensity_contrast,Is the runway darker or brighter than its surroundings?,Darker,sol,1,1,1,The runway has lower grayscale intensity than the broad adjacent terrain.,
FBQ-0087,FBQ-0087-CANON-Q1,NWPU,images/FBQ-0087_ir.jpg,images/FBQ-0087_rgb.jpg,scene_category,What type of scene is shown?,Ice-covered water,rewrite_backfill,1,1,1,Numerous separate bright irregular floes are scattered across a continuous dark surface.,IR supports the patch pattern but not a unique surface category.
FBQ-0087,FBQ-0087-CANON-Q2,NWPU,images/FBQ-0087_ir.jpg,images/FBQ-0087_rgb.jpg,object_presence,Are numerous irregular patches visible?,Yes,rewrite,1,1,1,Many isolated bright irregular shapes are visible across the field.,IR supports the patch pattern but not a unique surface category.
FBQ-0087,FBQ-0087-CANON-Q3,NWPU,images/FBQ-0087_ir.jpg,images/FBQ-0087_rgb.jpg,spatial_structure,How are the patches arranged?,Scattered throughout,terra,1,1,1,Separated patches are distributed across nearly the entire image.,IR supports the patch pattern but not a unique surface category.
FBQ-0087,FBQ-0087-CANON-Q4,NWPU,images/FBQ-0087_ir.jpg,images/FBQ-0087_rgb.jpg,intensity_contrast,How do the patches compare with the background?,Brighter,rewrite,1,1,1,The irregular patches have higher intensity than the dark background.,IR supports the patch pattern but not a unique surface category.
FBQ-0088,FBQ-0088-CANON-Q2,NWPU,images/FBQ-0088_ir.jpg,images/FBQ-0088_rgb.jpg,object_presence,Is a broad elongated form visible?,Yes,luna,1,1,1,A broad pale diagonal form is visible in the upper-right region.,Strong blur prevents reliable scene or object identity. Retry18 adjudication: IR is too diffuse for a meaningful scene category. Retry9 adjudication: IR过度模糊，无法辨认有意义的场景类别。
FBQ-0088,FBQ-0088-CANON-Q3,NWPU,images/FBQ-0088_ir.jpg,images/FBQ-0088_rgb.jpg,spatial_structure,Where is the broad form?,In the upper-right area,luna,1,1,1,The dominant elongated intensity structure occupies the upper-right portion.,Strong blur prevents reliable scene or object identity. Retry18 adjudication: IR is too diffuse for a meaningful scene category. Retry9 adjudication: IR过度模糊，无法辨认有意义的场景类别。
FBQ-0088,FBQ-0088-CANON-Q4,NWPU,images/FBQ-0088_ir.jpg,images/FBQ-0088_rgb.jpg,intensity_contrast,How does the broad form compare with its surroundings?,Brighter,rewrite,1,1,1,The broad form has higher grayscale intensity than the diffuse surrounding field.,Strong blur prevents reliable scene or object identity. Retry18 adjudication: IR is too diffuse for a meaningful scene category. Retry9 adjudication: IR过度模糊，无法辨认有意义的场景类别。
FBQ-0089,FBQ-0089-CANON-Q1,NWPU,images/FBQ-0089_ir.jpg,images/FBQ-0089_rgb.jpg,scene_category,What type of scene is shown?,Harbor,sol,1,1,1,A vessel-shaped outline lies beside a straight-edged waterfront platform.,
FBQ-0089,FBQ-0089-CANON-Q2,NWPU,images/FBQ-0089_ir.jpg,images/FBQ-0089_rgb.jpg,object_presence,Is a large ship present?,Yes,sol,1,1,1,A long hull-like shape with a pointed end is clearly visible.,
FBQ-0089,FBQ-0089-CANON-Q3,NWPU,images/FBQ-0089_ir.jpg,images/FBQ-0089_rgb.jpg,spatial_structure,Where is the ship relative to the quay?,Alongside the quay,sol,1,1,1,The vessel's long side directly parallels the platform edge.,
FBQ-0089,FBQ-0089-CANON-Q4,NWPU,images/FBQ-0089_ir.jpg,images/FBQ-0089_rgb.jpg,intensity_contrast,Is the ship brighter or darker than the water?,Brighter,rewrite,1,1,1,The vessel has higher grayscale intensity than the adjacent water region.,
FBQ-0090,FBQ-0090-CANON-Q1,NWPU,images/FBQ-0090_ir.jpg,images/FBQ-0090_rgb.jpg,scene_category,What broad scene layout is shown?,A linear channel corridor,rewrite,1,1,1,A long dark band is bounded by nearly parallel developed edges.,"IR supports the corridor geometry and compact object, but not a specific vessel identity."
FBQ-0090,FBQ-0090-CANON-Q2,NWPU,images/FBQ-0090_ir.jpg,images/FBQ-0090_rgb.jpg,object_presence,Is a compact bright object visible within the corridor?,Yes,rewrite,1,1,1,A small contrasting elongated form appears inside the dark band.,"IR supports the corridor geometry and compact object, but not a specific vessel identity."
FBQ-0090,FBQ-0090-CANON-Q3,NWPU,images/FBQ-0090_ir.jpg,images/FBQ-0090_rgb.jpg,spatial_structure,Where is the compact object located?,Near the lower center,rewrite,1,1,1,The contrasting object lies inside the corridor near the lower center.,"IR supports the corridor geometry and compact object, but not a specific vessel identity."
FBQ-0090,FBQ-0090-CANON-Q4,NWPU,images/FBQ-0090_ir.jpg,images/FBQ-0090_rgb.jpg,intensity_contrast,How does the corridor compare with its bordering regions?,Darker,rewrite,1,1,1,The central band has lower grayscale intensity than both bordering regions.,"IR supports the corridor geometry and compact object, but not a specific vessel identity."
FBQ-0091,FBQ-0091-CANON-Q1,NWPU,images/FBQ-0091_ir.jpg,images/FBQ-0091_rgb.jpg,scene_category,What type of natural landscape is shown?,rugged rocky terrain,sol,1,1,1,The IR image shows an uneven surface with irregular rock-like boundaries and crevices.,Fine terrain details are softened in IR.
FBQ-0091,FBQ-0091-CANON-Q2,NWPU,images/FBQ-0091_ir.jpg,images/FBQ-0091_rgb.jpg,object_presence,Are large irregular surface patches visible?,yes,sol,1,1,1,"Several large, sharply contrasting patches occupy most of the IR frame.",Fine terrain details are softened in IR.
FBQ-0091,FBQ-0091-CANON-Q3,NWPU,images/FBQ-0091_ir.jpg,images/FBQ-0091_rgb.jpg,spatial_structure,What separates the bright surface patches?,dark branching gaps,sol,1,1,1,Dark interconnected gaps run between the brighter irregular regions.,Fine terrain details are softened in IR.
FBQ-0091,FBQ-0091-CANON-Q4,NWPU,images/FBQ-0091_ir.jpg,images/FBQ-0091_rgb.jpg,intensity_contrast,How do the patches compare with the crevices?,the patches are brighter,sol,1,1,1,The broad patches have much higher grayscale intensity than the intervening crevices.,Fine terrain details are softened in IR.
FBQ-0092,FBQ-0092-CANON-Q1,NWPU,images/FBQ-0092_ir.jpg,images/FBQ-0092_rgb.jpg,scene_category,What type of facility dominates the scene?,sports stadium,sol,1,1,1,A large oval enclosure with tiered edges and an open central field is clearly visible.,
FBQ-0092,FBQ-0092-CANON-Q2,NWPU,images/FBQ-0092_ir.jpg,images/FBQ-0092_rgb.jpg,object_presence,Is an oval stadium visible?,yes,sol,1,1,1,A prominent oval structure occupies the center and upper-right area.,
FBQ-0092,FBQ-0092-CANON-Q3,NWPU,images/FBQ-0092_ir.jpg,images/FBQ-0092_rgb.jpg,spatial_structure,What lies inside the oval structure?,a segmented rectangular field,sol,1,1,1,Parallel rectangular bands are enclosed by the stadium's oval boundary.,
FBQ-0092,FBQ-0092-CANON-Q4,NWPU,images/FBQ-0092_ir.jpg,images/FBQ-0092_rgb.jpg,intensity_contrast,"Which is brighter, the curved roof or interior field?",the curved roof,sol,1,1,1,The right curved roof segment is brighter than the enclosed field.,
FBQ-0093,FBQ-0093-CANON-Q1,NWPU,images/FBQ-0093_ir.jpg,images/FBQ-0093_rgb.jpg,scene_category,What kind of facility is depicted?,industrial tank facility,sol,1,1,1,Numerous large circular structures are regularly arranged within a bounded compound.,
FBQ-0093,FBQ-0093-CANON-Q2,NWPU,images/FBQ-0093_ir.jpg,images/FBQ-0093_rgb.jpg,object_presence,Are multiple circular tanks visible?,yes,sol,1,1,1,Several large circular tank outlines are clearly distinguishable in the IR image.,
FBQ-0093,FBQ-0093-CANON-Q3,NWPU,images/FBQ-0093_ir.jpg,images/FBQ-0093_rgb.jpg,spatial_structure,How are the large tanks arranged?,in two parallel rows,sol,1,1,1,The prominent circular forms occupy two lengthwise rows on the right side.,
FBQ-0093,FBQ-0093-CANON-Q4,NWPU,images/FBQ-0093_ir.jpg,images/FBQ-0093_rgb.jpg,intensity_contrast,How do the tank tops compare with the compound surface?,the tank tops are brighter,sol,1,1,1,The circular tank tops have higher intensity than the surrounding surface.,
FBQ-0094,FBQ-0094-CANON-Q1,NWPU,images/FBQ-0094_ir.jpg,images/FBQ-0094_rgb.jpg,scene_category,What type of site is visible?,storage tank facility,sol,1,1,1,Multiple large circular structures dominate an organized compound.,Some smaller structures have weak IR boundaries.
FBQ-0094,FBQ-0094-CANON-Q2,NWPU,images/FBQ-0094_ir.jpg,images/FBQ-0094_rgb.jpg,object_presence,Are large circular tanks present?,yes,sol,1,1,1,Several broad circular outlines with bright interiors are clearly visible.,Some smaller structures have weak IR boundaries.
FBQ-0094,FBQ-0094-CANON-Q3,NWPU,images/FBQ-0094_ir.jpg,images/FBQ-0094_rgb.jpg,spatial_structure,Where are the largest circular structures concentrated?,near the image center,sol,1,1,1,The largest circular forms create a compact cluster around the central region.,Some smaller structures have weak IR boundaries.
FBQ-0094,FBQ-0094-CANON-Q4,NWPU,images/FBQ-0094_ir.jpg,images/FBQ-0094_rgb.jpg,intensity_contrast,How do the large circles compare with the background?,the circles are brighter,sol,1,1,1,The circular structures have distinctly higher intensity than the surrounding compound.,Some smaller structures have weak IR boundaries.
FBQ-0095,FBQ-0095-CANON-Q1,NWPU,images/FBQ-0095_ir.jpg,images/FBQ-0095_rgb.jpg,scene_category,What transportation scene is shown?,multilane highway,sol,1,1,1,Several long parallel lanes with repeated vehicle-sized shapes form a divided roadway.,
FBQ-0095,FBQ-0095-CANON-Q2,NWPU,images/FBQ-0095_ir.jpg,images/FBQ-0095_rgb.jpg,object_presence,Are vehicles visible on the roadway?,yes,sol,1,1,1,Numerous small elongated shapes appear at intervals within the roadway lanes.,
FBQ-0095,FBQ-0095-CANON-Q3,NWPU,images/FBQ-0095_ir.jpg,images/FBQ-0095_rgb.jpg,spatial_structure,How are the roadway lanes oriented?,parallel and diagonal,sol,1,1,1,The lane boundaries run parallel from the lower left toward the upper right.,
FBQ-0095,FBQ-0095-CANON-Q4,NWPU,images/FBQ-0095_ir.jpg,images/FBQ-0095_rgb.jpg,intensity_contrast,How do most vehicles compare with the road surface?,the vehicles are brighter,sol,1,1,1,Most vehicle shapes have higher intensity than the dark lane surfaces beneath them.,
FBQ-0096,FBQ-0096-CANON-Q1,NWPU,images/FBQ-0096_ir.jpg,images/FBQ-0096_rgb.jpg,scene_category,What broad scene type is shown?,rugged natural terrain,rewrite,1,1,1,"The IR image shows a broad, uneven natural surface with coarse irregular texture.",Strong saturation obscures fine terrain details.
FBQ-0096,FBQ-0096-CANON-Q2,NWPU,images/FBQ-0096_ir.jpg,images/FBQ-0096_rgb.jpg,object_presence,Are multiple irregular dark patches visible?,yes,rewrite,1,1,1,Numerous distinct dark patches are visible throughout the IR frame.,Strong saturation obscures fine terrain details.
FBQ-0096,FBQ-0096-CANON-Q3,NWPU,images/FBQ-0096_ir.jpg,images/FBQ-0096_rgb.jpg,spatial_structure,How are the dark patches distributed?,scattered across the terrain,rewrite,1,1,1,Dark patches occur at separated locations across the entire image.,Strong saturation obscures fine terrain details.
FBQ-0096,FBQ-0096-CANON-Q4,NWPU,images/FBQ-0096_ir.jpg,images/FBQ-0096_rgb.jpg,intensity_contrast,How do the irregular patches compare with their surroundings?,the patches are darker,rewrite,1,1,1,The irregular patches have much lower intensity than the surrounding surface.,Strong saturation obscures fine terrain details.
FBQ-0097,FBQ-0097-CANON-Q1,NWPU,images/FBQ-0097_ir.jpg,images/FBQ-0097_rgb.jpg,scene_category,What type of scene is shown?,rugged terrain,terra,1,1,1,"The image is dominated by uneven, textured natural landforms.","IR boundaries are blurred, so the dark region is not assigned a function."
FBQ-0097,FBQ-0097-CANON-Q2,NWPU,images/FBQ-0097_ir.jpg,images/FBQ-0097_rgb.jpg,object_presence,Is a large elongated dark region visible?,yes,sol,1,1,1,A prominent elongated dark region extends vertically through the central image.,"IR boundaries are blurred, so the dark region is not assigned a function."
FBQ-0097,FBQ-0097-CANON-Q3,NWPU,images/FBQ-0097_ir.jpg,images/FBQ-0097_rgb.jpg,spatial_structure,Where is the elongated region located?,near the center,sol,1,1,1,The elongated region is bordered by brighter textured terrain on both sides.,"IR boundaries are blurred, so the dark region is not assigned a function."
FBQ-0097,FBQ-0097-CANON-Q4,NWPU,images/FBQ-0097_ir.jpg,images/FBQ-0097_rgb.jpg,intensity_contrast,How does the central region compare with surrounding terrain?,the central region is darker,sol,1,1,1,The central elongated area has substantially lower intensity than its surroundings.,"IR boundaries are blurred, so the dark region is not assigned a function."
FBQ-0098,FBQ-0098-CANON-Q1,NWPU,images/FBQ-0098_ir.jpg,images/FBQ-0098_rgb.jpg,scene_category,What type of transportation facility is shown?,airport apron,sol,1,1,1,Multiple aircraft outlines occupy a broad paved surface with organized ground markings.,
FBQ-0098,FBQ-0098-CANON-Q2,NWPU,images/FBQ-0098_ir.jpg,images/FBQ-0098_rgb.jpg,object_presence,Are four aircraft visible?,yes,sol,1,1,1,"Four distinct winged silhouettes appear at the upper left, upper right, center right, and lower left.",
FBQ-0098,FBQ-0098-CANON-Q3,NWPU,images/FBQ-0098_ir.jpg,images/FBQ-0098_rgb.jpg,spatial_structure,How are the aircraft positioned?,dispersed around the apron,sol,1,1,1,The four aircraft occupy separated positions around the central marked area.,
FBQ-0098,FBQ-0098-CANON-Q4,NWPU,images/FBQ-0098_ir.jpg,images/FBQ-0098_rgb.jpg,intensity_contrast,How do the aircraft bodies compare with the apron?,the aircraft bodies are brighter,sol,1,1,1,The fuselages and wings have higher intensity than the surrounding paved surface.,
FBQ-0099,FBQ-0099-CANON-Q1,NWPU,images/FBQ-0099_ir.jpg,images/FBQ-0099_rgb.jpg,scene_category,What kind of scene contains these aircraft?,airport apron,sol,1,1,1,Several stationary aircraft occupy a broad paved area with apron markings.,
FBQ-0099,FBQ-0099-CANON-Q2,NWPU,images/FBQ-0099_ir.jpg,images/FBQ-0099_rgb.jpg,object_presence,Are multiple aircraft present?,yes,sol,1,1,1,Four separate fuselage-and-wing outlines are visible across the frame.,
FBQ-0099,FBQ-0099-CANON-Q3,NWPU,images/FBQ-0099_ir.jpg,images/FBQ-0099_rgb.jpg,spatial_structure,Are the aircraft clustered or separated?,separated,sol,1,1,1,Substantial open apron space lies between the aircraft outlines.,
FBQ-0099,FBQ-0099-CANON-Q4,NWPU,images/FBQ-0099_ir.jpg,images/FBQ-0099_rgb.jpg,intensity_contrast,How do the aircraft compare with the apron surface?,the aircraft are brighter,sol,1,1,1,Most aircraft bodies and wings have higher intensity than the dark pavement.,
FBQ-0100,FBQ-0100-CANON-Q1,NWPU,images/FBQ-0100_ir.jpg,images/FBQ-0100_rgb.jpg,scene_category,What type of facility contains the three silhouettes?,airport apron,sol,1,1,1,Three recognizable aircraft outlines sit on a large paved rectangular area.,"The IR image is blurred, but all three aircraft outlines remain identifiable."
FBQ-0100,FBQ-0100-CANON-Q2,NWPU,images/FBQ-0100_ir.jpg,images/FBQ-0100_rgb.jpg,object_presence,Are three aircraft visible?,yes,sol,1,1,1,Three separate fuselage-and-wing silhouettes are visible across the apron.,"The IR image is blurred, but all three aircraft outlines remain identifiable."
FBQ-0100,FBQ-0100-CANON-Q3,NWPU,images/FBQ-0100_ir.jpg,images/FBQ-0100_rgb.jpg,spatial_structure,How are the aircraft arranged?,in a loose row,sol,1,1,1,The three aircraft occupy successive positions across the rectangular apron.,"The IR image is blurred, but all three aircraft outlines remain identifiable."
FBQ-0100,FBQ-0100-CANON-Q4,NWPU,images/FBQ-0100_ir.jpg,images/FBQ-0100_rgb.jpg,intensity_contrast,How do the aircraft silhouettes compare with the apron?,the silhouettes are darker,sol,1,1,1,Each aircraft outline has lower intensity than the broad bright surface beneath it.,"The IR image is blurred, but all three aircraft outlines remain identifiable."
FBQ-0101,FBQ-0101-CANON-Q1,RS5M,images/FBQ-0101_ir.jpg,images/FBQ-0101_rgb.jpg,scene_category,Is the scene mostly open or densely built?,Mostly open.,sol,1,1,1,"An uninterrupted foreground plane dominates the IR frame, with no dense structures.",The small object's identity remains unspecified.
FBQ-0101,FBQ-0101-CANON-Q2,RS5M,images/FBQ-0101_ir.jpg,images/FBQ-0101_rgb.jpg,object_presence,Is a small isolated upright object visible?,Yes.,sol,1,1,1,A distinct small upright mark appears near the center-right.,The small object's identity remains unspecified.
FBQ-0101,FBQ-0101-CANON-Q3,RS5M,images/FBQ-0101_ir.jpg,images/FBQ-0101_rgb.jpg,spatial_structure,Where is the distant ridge relative to the foreground?,Above the foreground.,sol,1,1,1,A horizontal ridge spans the upper portion above the broad foreground plane.,The small object's identity remains unspecified.
FBQ-0101,FBQ-0101-CANON-Q4,RS5M,images/FBQ-0101_ir.jpg,images/FBQ-0101_rgb.jpg,intensity_contrast,"Which is brighter, the foreground or distant ridge?",The foreground.,sol,1,1,1,The foreground is light-toned while the distant ridge is substantially darker.,The small object's identity remains unspecified.
FBQ-0102,FBQ-0102-CANON-Q1,RS5M,images/FBQ-0102_ir.jpg,images/FBQ-0102_rgb.jpg,scene_category,What type of scene is shown?,Open marked ground.,luna,1,1,1,A broad unobstructed surface crossed by long linear markings fills the IR frame.,The central cluster's exact identity is uncertain.
FBQ-0102,FBQ-0102-CANON-Q2,RS5M,images/FBQ-0102_ir.jpg,images/FBQ-0102_rgb.jpg,object_presence,Is a central object cluster visible?,Yes.,luna,1,1,1,A compact cluster with sharply differing intensities is visible near the center.,The central cluster's exact identity is uncertain.
FBQ-0102,FBQ-0102-CANON-Q3,RS5M,images/FBQ-0102_ir.jpg,images/FBQ-0102_rgb.jpg,spatial_structure,Where is the object cluster located?,Near the image center.,luna,1,1,1,The compact cluster lies close to the middle of the marked surface.,The central cluster's exact identity is uncertain.
FBQ-0102,FBQ-0102-CANON-Q4,RS5M,images/FBQ-0102_ir.jpg,images/FBQ-0102_rgb.jpg,intensity_contrast,Does the central cluster contain bright and dark regions?,Yes.,sol,1,1,1,A bright patch and an adjacent dark shape are both visible within the cluster.,The central cluster's exact identity is uncertain.
FBQ-0103,FBQ-0103-CANON-Q1,RS5M,images/FBQ-0103_ir.jpg,images/FBQ-0103_rgb.jpg,scene_category,What type of scene is shown?,Wooded property.,terra,1,1,1,"The overhead IR view contains textured vegetation, rectangular structures, and a road.",
FBQ-0103,FBQ-0103-CANON-Q2,RS5M,images/FBQ-0103_ir.jpg,images/FBQ-0103_rgb.jpg,object_presence,Is a curved road visible?,Yes.,sol,1,1,1,A smooth continuous strip curves across the lower portion of the IR image.,
FBQ-0103,FBQ-0103-CANON-Q3,RS5M,images/FBQ-0103_ir.jpg,images/FBQ-0103_rgb.jpg,spatial_structure,Where is the curved road relative to the buildings?,Below the buildings.,rewrite,1,1,1,The curved strip lies below the rectangular structures in the upper portion.,
FBQ-0103,FBQ-0103-CANON-Q4,RS5M,images/FBQ-0103_ir.jpg,images/FBQ-0103_rgb.jpg,intensity_contrast,"Which appears darker, dense vegetation or open ground?",Dense vegetation.,sol,1,1,1,"Vegetation forms mottled dark clusters against smoother, lighter open areas.",
FBQ-0104,FBQ-0104-CANON-Q1,RS5M,images/FBQ-0104_ir.jpg,images/FBQ-0104_rgb.jpg,scene_category,What broad scene type is shown?,Residential property.,sol,1,1,1,"A central house, broad lawn, and surrounding trees form a residential layout.",
FBQ-0104,FBQ-0104-CANON-Q2,RS5M,images/FBQ-0104_ir.jpg,images/FBQ-0104_rgb.jpg,object_presence,Is a house visible?,Yes.,sol,1,1,1,A rectangular two-level structure with a roof and window divisions is centered.,
FBQ-0104,FBQ-0104-CANON-Q3,RS5M,images/FBQ-0104_ir.jpg,images/FBQ-0104_rgb.jpg,spatial_structure,Where is the house relative to the lawn?,Beyond the lawn.,sol,1,1,1,The open foreground lawn extends toward the house near the upper center.,
FBQ-0104,FBQ-0104-CANON-Q4,RS5M,images/FBQ-0104_ir.jpg,images/FBQ-0104_rgb.jpg,intensity_contrast,"Which appears brighter, the house or sky?",The house.,sol,1,1,1,The house is pale and strongly outlined against the predominantly dark sky.,
FBQ-0105,FBQ-0105-CANON-Q1,RS5M,images/FBQ-0105_ir.jpg,images/FBQ-0105_rgb.jpg,scene_category,What landscape pattern is shown?,Circular agricultural fields.,sol,1,1,1,Two large circular land divisions with concentric bands dominate the overhead view.,
FBQ-0105,FBQ-0105-CANON-Q2,RS5M,images/FBQ-0105_ir.jpg,images/FBQ-0105_rgb.jpg,object_presence,Are two large circular plots visible?,Yes.,sol,1,1,1,Two complete adjacent circular outlines occupy most of the IR frame.,
FBQ-0105,FBQ-0105-CANON-Q3,RS5M,images/FBQ-0105_ir.jpg,images/FBQ-0105_rgb.jpg,spatial_structure,How are the circular plots arranged?,Side by side.,sol,1,1,1,One circular plot occupies the left half and the other the right half.,
FBQ-0105,FBQ-0105-CANON-Q4,RS5M,images/FBQ-0105_ir.jpg,images/FBQ-0105_rgb.jpg,intensity_contrast,Which half of the right circle is brighter?,The upper half.,sol,1,1,1,A horizontal boundary separates the pale upper semicircle from the darker lower semicircle.,
FBQ-0106,FBQ-0106-CANON-Q1,RS5M,images/FBQ-0106_ir.jpg,images/FBQ-0106_rgb.jpg,scene_category,What broad scene type is visible?,Dense urban cityscape.,sol,1,1,1,Numerous tall rectangular structures and road corridors densely fill the IR frame.,
FBQ-0106,FBQ-0106-CANON-Q2,RS5M,images/FBQ-0106_ir.jpg,images/FBQ-0106_rgb.jpg,object_presence,Are multiple high-rise buildings visible?,Yes.,sol,1,1,1,Several tall rectangular forms with repeated facade divisions are clearly outlined.,
FBQ-0106,FBQ-0106-CANON-Q3,RS5M,images/FBQ-0106_ir.jpg,images/FBQ-0106_rgb.jpg,spatial_structure,Where does the main roadway run?,Through the center.,sol,1,1,1,A long linear corridor extends between buildings through the central region.,
FBQ-0106,FBQ-0106-CANON-Q4,RS5M,images/FBQ-0106_ir.jpg,images/FBQ-0106_rgb.jpg,intensity_contrast,"Which is brighter, outlined structures or the sky?",The outlined structures.,sol,1,1,1,Building edges and window bands are pale against the much darker upper background.,
FBQ-0107,FBQ-0107-CANON-Q1,RS5M,images/FBQ-0107_ir.jpg,images/FBQ-0107_rgb.jpg,scene_category,What type of scene is shown?,Bridge crossing.,rewrite,1,1,1,A long elevated deck with repeated truss segments dominates the IR frame.,
FBQ-0107,FBQ-0107-CANON-Q2,RS5M,images/FBQ-0107_ir.jpg,images/FBQ-0107_rgb.jpg,object_presence,Is a truss bridge visible?,Yes.,sol,1,1,1,Repeated triangular and arched framework segments line the elevated deck.,
FBQ-0107,FBQ-0107-CANON-Q3,RS5M,images/FBQ-0107_ir.jpg,images/FBQ-0107_rgb.jpg,spatial_structure,How is the bridge oriented?,Diagonally across the frame.,sol,1,1,1,The bridge extends from the upper-left toward the lower-right region.,
FBQ-0107,FBQ-0107-CANON-Q4,RS5M,images/FBQ-0107_ir.jpg,images/FBQ-0107_rgb.jpg,intensity_contrast,"Which is brighter, the bridge or surrounding region?",The bridge.,rewrite,1,1,1,The truss and deck are pale against a substantially darker surrounding region.,
FBQ-0108,FBQ-0108-CANON-Q1,RS5M,images/FBQ-0108_ir.jpg,images/FBQ-0108_rgb.jpg,scene_category,What broad terrain type is visible?,Vegetated terrain.,rewrite,1,1,1,Coarse canopy-like texture and irregular clustered forms cover most of the IR frame.,Fine semantic detail is limited by blur.
FBQ-0108,FBQ-0108-CANON-Q2,RS5M,images/FBQ-0108_ir.jpg,images/FBQ-0108_rgb.jpg,object_presence,Are several irregular dark patches visible?,Yes.,sol,1,1,1,Multiple dark non-geometric patches interrupt the brighter textured background.,Fine semantic detail is limited by blur.
FBQ-0108,FBQ-0108-CANON-Q3,RS5M,images/FBQ-0108_ir.jpg,images/FBQ-0108_rgb.jpg,spatial_structure,Where is the largest dark cluster located?,On the right side.,sol,1,1,1,The most extensive dark clustered region touches the right edge of the frame.,Fine semantic detail is limited by blur.
FBQ-0108,FBQ-0108-CANON-Q4,RS5M,images/FBQ-0108_ir.jpg,images/FBQ-0108_rgb.jpg,intensity_contrast,"Which are darker, irregular patches or surrounding ground?",The irregular patches.,rewrite,1,1,1,The patches are dark gray against a much brighter mottled surrounding surface.,Fine semantic detail is limited by blur.
FBQ-0109,FBQ-0109-CANON-Q1,RS5M,images/FBQ-0109_ir.jpg,images/FBQ-0109_rgb.jpg,scene_category,What coastal feature is visible?,A curved shoreline.,rewrite,1,1,1,A broad curved intensity boundary separates two smooth regions in the IR frame.,The small spots cannot be identified reliably.
FBQ-0109,FBQ-0109-CANON-Q2,RS5M,images/FBQ-0109_ir.jpg,images/FBQ-0109_rgb.jpg,object_presence,Are several small isolated spots visible?,Yes.,sol,1,1,1,Multiple tiny bright marks are scattered across the central and right portions.,The small spots cannot be identified reliably.
FBQ-0109,FBQ-0109-CANON-Q3,RS5M,images/FBQ-0109_ir.jpg,images/FBQ-0109_rgb.jpg,spatial_structure,How does the shoreline extend?,In a broad curve.,luna,1,1,1,The principal boundary arcs from the left side toward the upper-right area.,The small spots cannot be identified reliably.
FBQ-0109,FBQ-0109-CANON-Q4,RS5M,images/FBQ-0109_ir.jpg,images/FBQ-0109_rgb.jpg,intensity_contrast,"Which are brighter, the small spots or surrounding surface?",The small spots.,rewrite,1,1,1,The isolated spots are pale against the more uniform mid-intensity surface.,The small spots cannot be identified reliably.
FBQ-0110,FBQ-0110-CANON-Q1,RS5M,images/FBQ-0110_ir.jpg,images/FBQ-0110_rgb.jpg,scene_category,What broad scene type is visible?,Waterfront city.,rewrite,1,1,1,A dense building mass directly borders a broad smooth harbor-like region.,The paired images have different framing.
FBQ-0110,FBQ-0110-CANON-Q2,RS5M,images/FBQ-0110_ir.jpg,images/FBQ-0110_rgb.jpg,object_presence,Are numerous high-rise buildings visible?,Yes.,sol,1,1,1,Many tall rectangular structures with repeated roof and facade divisions crowd the frame.,The paired images have different framing.
FBQ-0110,FBQ-0110-CANON-Q3,RS5M,images/FBQ-0110_ir.jpg,images/FBQ-0110_rgb.jpg,spatial_structure,Where is the water relative to the buildings?,Above the buildings.,rewrite,1,1,1,The smooth dark region occupies the upper portion beyond the dense building mass.,The paired images have different framing.
FBQ-0110,FBQ-0110-CANON-Q4,RS5M,images/FBQ-0110_ir.jpg,images/FBQ-0110_rgb.jpg,intensity_contrast,"Which appears brighter, city structures or water?",The city structures.,sol,1,1,1,Structures have pale faces and bright edges while the water region is much darker.,The paired images have different framing.
FBQ-0111,FBQ-0111-CANON-Q1,RS5M,images/FBQ-0111_ir.jpg,images/FBQ-0111_rgb.jpg,scene_category,What type of place is shown?,Residential backyard,terra,1,1,1,A fenced open yard and adjacent small structures are clearly visible.,
FBQ-0111,FBQ-0111-CANON-Q2,RS5M,images/FBQ-0111_ir.jpg,images/FBQ-0111_rgb.jpg,object_presence,Is a circular ring-like feature visible?,Yes,rewrite,1,1,1,A distinct dark circular outline appears within the open yard.,
FBQ-0111,FBQ-0111-CANON-Q3,RS5M,images/FBQ-0111_ir.jpg,images/FBQ-0111_rgb.jpg,spatial_structure,Where is the outbuilding relative to the yard?,On the right,sol,1,1,1,An angular structure occupies the right side beside the open yard.,
FBQ-0111,FBQ-0111-CANON-Q4,RS5M,images/FBQ-0111_ir.jpg,images/FBQ-0111_rgb.jpg,intensity_contrast,"Which is darker, the circular feature or the yard?",The circular feature,rewrite,1,1,1,The circular outline is dark against the much brighter surrounding yard.,
FBQ-0112,FBQ-0112-CANON-Q1,RS5M,images/FBQ-0112_ir.jpg,images/FBQ-0112_rgb.jpg,scene_category,What type of landscape is shown?,River valley,terra,1,1,1,A wide continuous channel lies between elevated textured terrain.,
FBQ-0112,FBQ-0112-CANON-Q2,RS5M,images/FBQ-0112_ir.jpg,images/FBQ-0112_rgb.jpg,object_presence,Is a boat visible on the river?,Yes,sol,1,1,1,A small bright elongated object is visible within the dark channel.,
FBQ-0112,FBQ-0112-CANON-Q3,RS5M,images/FBQ-0112_ir.jpg,images/FBQ-0112_rgb.jpg,spatial_structure,Where does the river run relative to the slopes?,Between the slopes,sol,1,1,1,The channel passes diagonally between textured elevated areas.,
FBQ-0112,FBQ-0112-CANON-Q4,RS5M,images/FBQ-0112_ir.jpg,images/FBQ-0112_rgb.jpg,intensity_contrast,Is the river darker than the surrounding terrain?,Yes,sol,1,1,1,The river forms a dark band against substantially brighter banks and slopes.,
FBQ-0113,FBQ-0113-CANON-Q1,RS5M,images/FBQ-0113_ir.jpg,images/FBQ-0113_rgb.jpg,scene_category,What type of landscape is shown?,Flooded river plain,terra,1,1,1,A winding channel adjoins several broad water-covered regions.,"Fine details are blurred, but the selected cues remain visible."
FBQ-0113,FBQ-0113-CANON-Q2,RS5M,images/FBQ-0113_ir.jpg,images/FBQ-0113_rgb.jpg,object_presence,Is a bridge visible?,Yes,sol,1,1,1,A narrow straight structure crosses the channel near the center-left.,"Fine details are blurred, but the selected cues remain visible."
FBQ-0113,FBQ-0113-CANON-Q3,RS5M,images/FBQ-0113_ir.jpg,images/FBQ-0113_rgb.jpg,spatial_structure,What does the bridge cross?,The river channel,terra,1,1,1,The straight crossing connects opposite sides of the winding channel.,"Fine details are blurred, but the selected cues remain visible."
FBQ-0113,FBQ-0113-CANON-Q4,RS5M,images/FBQ-0113_ir.jpg,images/FBQ-0113_rgb.jpg,intensity_contrast,Which regions appear darkest?,The open water regions,rewrite,1,1,1,Broad smooth water regions form the darkest contiguous areas.,"Fine details are blurred, but the selected cues remain visible."
FBQ-0114,FBQ-0114-CANON-Q1,RS5M,images/FBQ-0114_ir.jpg,images/FBQ-0114_rgb.jpg,scene_category,What type of landscape is shown?,Forested mountain landscape,sol,1,1,1,A textured foreground extends toward a clearly outlined distant ridge.,
FBQ-0114,FBQ-0114-CANON-Q2,RS5M,images/FBQ-0114_ir.jpg,images/FBQ-0114_rgb.jpg,object_presence,Are large clouds visible?,Yes,sol,1,1,1,Several large irregular cloud forms occupy the upper half.,
FBQ-0114,FBQ-0114-CANON-Q3,RS5M,images/FBQ-0114_ir.jpg,images/FBQ-0114_rgb.jpg,spatial_structure,Where are the clouds relative to the ridge?,Above the ridge,sol,1,1,1,The cloud masses lie above the low undulating horizon.,
FBQ-0114,FBQ-0114-CANON-Q4,RS5M,images/FBQ-0114_ir.jpg,images/FBQ-0114_rgb.jpg,intensity_contrast,"Which appears brighter, the clouds or the sky?",The clouds,sol,1,1,1,The clouds are bright shapes against a markedly darker sky.,
FBQ-0115,FBQ-0115-CANON-Q1,RS5M,images/FBQ-0115_ir.jpg,images/FBQ-0115_rgb.jpg,scene_category,What type of landscape is shown?,Coastal landscape,sol,1,1,1,An irregular shoreline separates textured land from an extensive smooth water region.,
FBQ-0115,FBQ-0115-CANON-Q2,RS5M,images/FBQ-0115_ir.jpg,images/FBQ-0115_rgb.jpg,object_presence,Are buildings visible near the coast?,Yes,sol,1,1,1,Several small angular roof-like outlines appear on the lower-left land area.,
FBQ-0115,FBQ-0115-CANON-Q3,RS5M,images/FBQ-0115_ir.jpg,images/FBQ-0115_rgb.jpg,spatial_structure,Where is the water relative to the land?,To the right,sol,1,1,1,The broad water region occupies the right side of the curved shoreline.,
FBQ-0115,FBQ-0115-CANON-Q4,RS5M,images/FBQ-0115_ir.jpg,images/FBQ-0115_rgb.jpg,intensity_contrast,"Which appears darker, the water or the coast?",The water,sol,1,1,1,The water forms a broad dark field beside the brighter textured coast.,
FBQ-0116,FBQ-0116-CANON-Q1,RS5M,images/FBQ-0116_ir.jpg,images/FBQ-0116_rgb.jpg,scene_category,What type of scene is shown?,Dense urban settlement,sol,1,1,1,Tightly packed repeated rectangular roof outlines cover nearly the entire image.,
FBQ-0116,FBQ-0116-CANON-Q2,RS5M,images/FBQ-0116_ir.jpg,images/FBQ-0116_rgb.jpg,object_presence,Are densely packed buildings visible?,Yes,sol,1,1,1,Closely spaced rectangular structures create a continuous built texture.,
FBQ-0116,FBQ-0116-CANON-Q3,RS5M,images/FBQ-0116_ir.jpg,images/FBQ-0116_rgb.jpg,spatial_structure,What separates the two dense settlement clusters?,A less dense corridor,sol,1,1,1,An irregular strip with fewer repeated rectangles runs between the clusters.,
FBQ-0116,FBQ-0116-CANON-Q4,RS5M,images/FBQ-0116_ir.jpg,images/FBQ-0116_rgb.jpg,intensity_contrast,"Which is brighter, the central corridor or the clusters?",The central corridor,sol,1,1,1,The separating central strip is lighter than the adjacent dense masses.,
FBQ-0117,FBQ-0117-CANON-Q1,RS5M,images/FBQ-0117_ir.jpg,images/FBQ-0117_rgb.jpg,scene_category,What type of scene is shown?,Built-up area,retry9_sol,1,1,1,Several large straight-edged and angular structures are visible across the frame.,Severe saturation prevents reliable scene classification. Retry18 adjudication: Severe saturation obscures scene-defining evidence. Retry9 adjudication: IR仅支持宽泛的建成环境类别。
FBQ-0117,FBQ-0117-CANON-Q2,RS5M,images/FBQ-0117_ir.jpg,images/FBQ-0117_rgb.jpg,object_presence,Are multiple block-like regions visible?,Yes,rewrite,1,1,1,Several distinct dark angular regions remain visible despite severe saturation.,Severe saturation prevents reliable scene classification. Retry18 adjudication: Severe saturation obscures scene-defining evidence. Retry9 adjudication: IR仅支持宽泛的建成环境类别。
FBQ-0117,FBQ-0117-CANON-Q3,RS5M,images/FBQ-0117_ir.jpg,images/FBQ-0117_rgb.jpg,spatial_structure,Where are the largest block-like regions?,In the lower half,rewrite,1,1,1,The largest dark angular regions occupy the lower portion of the frame.,Severe saturation prevents reliable scene classification. Retry18 adjudication: Severe saturation obscures scene-defining evidence. Retry9 adjudication: IR仅支持宽泛的建成环境类别。
FBQ-0117,FBQ-0117-CANON-Q4,RS5M,images/FBQ-0117_ir.jpg,images/FBQ-0117_rgb.jpg,intensity_contrast,Are the block-like regions darker than their surroundings?,Yes,rewrite,1,1,1,The angular regions are dark against a nearly uniform bright field.,Severe saturation prevents reliable scene classification. Retry18 adjudication: Severe saturation obscures scene-defining evidence. Retry9 adjudication: IR仅支持宽泛的建成环境类别。
FBQ-0118,FBQ-0118-CANON-Q1,RS5M,images/FBQ-0118_ir.jpg,images/FBQ-0118_rgb.jpg,scene_category,What type of weather system is shown?,Spiral storm system,terra,1,1,1,Curving cloud bands form a large organized spiral-like structure.,
FBQ-0118,FBQ-0118-CANON-Q2,RS5M,images/FBQ-0118_ir.jpg,images/FBQ-0118_rgb.jpg,object_presence,Are curved cloud bands visible?,Yes,terra,1,1,1,Multiple broad curved bands are visible across the scene.,
FBQ-0118,FBQ-0118-CANON-Q3,RS5M,images/FBQ-0118_ir.jpg,images/FBQ-0118_rgb.jpg,spatial_structure,Where is the brightest cloud region?,In the lower right,terra,1,1,1,The most intense bright cloud area occupies the lower-right portion.,
FBQ-0118,FBQ-0118-CANON-Q4,RS5M,images/FBQ-0118_ir.jpg,images/FBQ-0118_rgb.jpg,intensity_contrast,Are the cloud bands brighter than their surroundings?,Yes,terra,1,1,1,The bands are bright against adjacent darker regions.,
FBQ-0119,FBQ-0119-CANON-Q1,RS5M,images/FBQ-0119_ir.jpg,images/FBQ-0119_rgb.jpg,scene_category,What type of scene is shown?,Urban river corridor,terra,1,1,1,A broad channel passes between dense angular structural outlines.,"The image is blurred, but the river and crossing geometry remain discernible."
FBQ-0119,FBQ-0119-CANON-Q2,RS5M,images/FBQ-0119_ir.jpg,images/FBQ-0119_rgb.jpg,object_presence,Are bridges visible?,Yes,terra,1,1,1,Several narrow linear structures cross the wide dark river.,"The image is blurred, but the river and crossing geometry remain discernible."
FBQ-0119,FBQ-0119-CANON-Q3,RS5M,images/FBQ-0119_ir.jpg,images/FBQ-0119_rgb.jpg,spatial_structure,What crosses the river?,Several bridges,terra,1,1,1,Repeated crosswise spans connect the two riverbanks.,"The image is blurred, but the river and crossing geometry remain discernible."
FBQ-0119,FBQ-0119-CANON-Q4,RS5M,images/FBQ-0119_ir.jpg,images/FBQ-0119_rgb.jpg,intensity_contrast,Is the river darker than the built banks?,Yes,rewrite,1,1,1,The river is a continuous dark region between brighter textured banks.,"The image is blurred, but the river and crossing geometry remain discernible."
FBQ-0120,FBQ-0120-CANON-Q1,RS5M,images/FBQ-0120_ir.jpg,images/FBQ-0120_rgb.jpg,scene_category,What type of landscape is shown?,Island archipelago,sol,1,1,1,Numerous separate irregular formations are distributed within a continuous surrounding field.,
FBQ-0120,FBQ-0120-CANON-Q2,RS5M,images/FBQ-0120_ir.jpg,images/FBQ-0120_rgb.jpg,object_presence,Are multiple irregular formations visible?,Yes,rewrite,1,1,1,Many isolated rounded and irregular shapes are clearly visible.,
FBQ-0120,FBQ-0120-CANON-Q3,RS5M,images/FBQ-0120_ir.jpg,images/FBQ-0120_rgb.jpg,spatial_structure,Where are the formations concentrated?,Across the center,rewrite,1,1,1,Most irregular formations occupy the central portion of the frame.,
FBQ-0120,FBQ-0120-CANON-Q4,RS5M,images/FBQ-0120_ir.jpg,images/FBQ-0120_rgb.jpg,intensity_contrast,"Which appears darker, the channels or the formations?",The channels,rewrite,1,1,1,Narrow connected gaps appear darker than the adjoining irregular formations.,
FBQ-0121,FBQ-0121-CANON-Q1,RS5M,images/FBQ-0121_ir.jpg,images/FBQ-0121_rgb.jpg,scene_category,What type of scene is shown?,A dense historic town,sol,1,1,1,Closely packed pitched roofs and a central tower fill the scene.,
FBQ-0121,FBQ-0121-CANON-Q2,RS5M,images/FBQ-0121_ir.jpg,images/FBQ-0121_rgb.jpg,object_presence,Is a tall tower visible?,Yes,sol,1,1,1,A narrow vertical structure rises above the surrounding rooftops.,
FBQ-0121,FBQ-0121-CANON-Q3,RS5M,images/FBQ-0121_ir.jpg,images/FBQ-0121_rgb.jpg,spatial_structure,What occupies most of the foreground?,Clustered rooftops,sol,1,1,1,Overlapping triangular and rectangular roof outlines dominate the lower image.,
FBQ-0121,FBQ-0121-CANON-Q4,RS5M,images/FBQ-0121_ir.jpg,images/FBQ-0121_rgb.jpg,intensity_contrast,Are the rooftops generally brighter than the sky?,Yes,sol,1,1,1,Most roof surfaces appear bright against the dark upper background.,
FBQ-0122,FBQ-0122-CANON-Q1,RS5M,images/FBQ-0122_ir.jpg,images/FBQ-0122_rgb.jpg,scene_category,What type of landscape is shown?,Rural agricultural landscape,sol,1,1,1,Broad field bands and a small horizon settlement are visible.,
FBQ-0122,FBQ-0122-CANON-Q2,RS5M,images/FBQ-0122_ir.jpg,images/FBQ-0122_rgb.jpg,object_presence,Are clustered buildings visible?,Yes,rewrite,1,1,1,Several small angular structures cluster across the middle distance.,
FBQ-0122,FBQ-0122-CANON-Q3,RS5M,images/FBQ-0122_ir.jpg,images/FBQ-0122_rgb.jpg,spatial_structure,Where is the settlement located?,Near the horizon,rewrite,1,1,1,The building cluster forms a narrow band between the foreground and sky.,
FBQ-0122,FBQ-0122-CANON-Q4,RS5M,images/FBQ-0122_ir.jpg,images/FBQ-0122_rgb.jpg,intensity_contrast,Is the sky darker than the foreground fields?,Yes,sol,1,1,1,The upper region is dark while the lower field surfaces are much brighter.,
FBQ-0123,FBQ-0123-CANON-Q1,RS5M,images/FBQ-0123_ir.jpg,images/FBQ-0123_rgb.jpg,scene_category,What type of area is shown?,A residential neighborhood,sol,1,1,1,"Detached buildings, yards, and paved neighborhood roads are clearly outlined.",
FBQ-0123,FBQ-0123-CANON-Q2,RS5M,images/FBQ-0123_ir.jpg,images/FBQ-0123_rgb.jpg,object_presence,Are two tall poles visible?,Yes,rewrite,1,1,1,Two thin vertical poles stand beside the building on the right.,
FBQ-0123,FBQ-0123-CANON-Q3,RS5M,images/FBQ-0123_ir.jpg,images/FBQ-0123_rgb.jpg,spatial_structure,Where do the roads meet?,Near the lower center,sol,1,1,1,Multiple paved branches converge at a junction in the lower central area.,
FBQ-0123,FBQ-0123-CANON-Q4,RS5M,images/FBQ-0123_ir.jpg,images/FBQ-0123_rgb.jpg,intensity_contrast,Are the roofs brighter than the road?,Yes,sol,1,1,1,The roof planes are pale while the surrounding road surface is darker.,
FBQ-0124,FBQ-0124-CANON-Q1,RS5M,images/FBQ-0124_ir.jpg,images/FBQ-0124_rgb.jpg,scene_category,What type of infrastructure is shown?,A large dam,rewrite,1,1,1,A long engineered barrier with repeated vertical bays spans the scene.,
FBQ-0124,FBQ-0124-CANON-Q2,RS5M,images/FBQ-0124_ir.jpg,images/FBQ-0124_rgb.jpg,object_presence,Are lattice towers visible?,Yes,rewrite,1,1,1,Thin lattice-shaped structures rise from the lower foreground.,
FBQ-0124,FBQ-0124-CANON-Q3,RS5M,images/FBQ-0124_ir.jpg,images/FBQ-0124_rgb.jpg,spatial_structure,Where does the dam extend?,Across the middle of the image,sol,1,1,1,The long barrier forms a continuous horizontal line through the middle.,
FBQ-0124,FBQ-0124-CANON-Q4,RS5M,images/FBQ-0124_ir.jpg,images/FBQ-0124_rgb.jpg,intensity_contrast,Is the dam brighter than the sky?,Yes,sol,1,1,1,The barrier appears pale against the predominantly dark upper sky.,
FBQ-0125,FBQ-0125-CANON-Q1,RS5M,images/FBQ-0125_ir.jpg,images/FBQ-0125_rgb.jpg,scene_category,What landscape is shown?,Mountain valley,terra,1,1,1,Steep enclosing slopes form a deep elongated valley.,
FBQ-0125,FBQ-0125-CANON-Q2,RS5M,images/FBQ-0125_ir.jpg,images/FBQ-0125_rgb.jpg,object_presence,Is a winding central channel visible?,Yes,rewrite,1,1,1,A broad pale channel curves along the valley floor.,
FBQ-0125,FBQ-0125-CANON-Q3,RS5M,images/FBQ-0125_ir.jpg,images/FBQ-0125_rgb.jpg,spatial_structure,What borders the central channel?,Steep slopes on both sides,rewrite,1,1,1,Large elevated slopes enclose the channel along both sides.,
FBQ-0125,FBQ-0125-CANON-Q4,RS5M,images/FBQ-0125_ir.jpg,images/FBQ-0125_rgb.jpg,intensity_contrast,Is the central channel brighter than the adjacent slopes?,Yes,rewrite,1,1,1,The central channel is predominantly pale beside darker slope regions.,
FBQ-0126,FBQ-0126-CANON-Q1,RS5M,images/FBQ-0126_ir.jpg,images/FBQ-0126_rgb.jpg,scene_category,What type of scene is shown?,A cultivated field,sol,1,1,1,A broad textured ground plane with long regular tracks dominates the image.,
FBQ-0126,FBQ-0126-CANON-Q2,RS5M,images/FBQ-0126_ir.jpg,images/FBQ-0126_rgb.jpg,object_presence,Are parallel field tracks visible?,Yes,sol,1,1,1,"Several elongated, nearly parallel bands run across the field.",
FBQ-0126,FBQ-0126-CANON-Q3,RS5M,images/FBQ-0126_ir.jpg,images/FBQ-0126_rgb.jpg,spatial_structure,In which direction do the tracks extend?,Toward the horizon,sol,1,1,1,The bands narrow and converge as they approach the upper image.,
FBQ-0126,FBQ-0126-CANON-Q4,RS5M,images/FBQ-0126_ir.jpg,images/FBQ-0126_rgb.jpg,intensity_contrast,Do the tracks contrast with the surrounding field?,Yes,rewrite,1,1,1,Alternating darker and lighter elongated bands are visible across the field.,
FBQ-0127,FBQ-0127-CANON-Q1,RS5M,images/FBQ-0127_ir.jpg,images/FBQ-0127_rgb.jpg,scene_category,What type of landscape is shown?,A dense forest,sol,1,1,1,Repeated crown-like forms create a continuous wooded canopy.,
FBQ-0127,FBQ-0127-CANON-Q2,RS5M,images/FBQ-0127_ir.jpg,images/FBQ-0127_rgb.jpg,object_presence,Are numerous trees visible?,Yes,sol,1,1,1,Many closely spaced vertical and crown-shaped forms fill the image.,
FBQ-0127,FBQ-0127-CANON-Q3,RS5M,images/FBQ-0127_ir.jpg,images/FBQ-0127_rgb.jpg,spatial_structure,What covers most of the image?,Dense tree canopy,sol,1,1,1,Overlapping tree crowns occupy nearly the entire frame.,
FBQ-0127,FBQ-0127-CANON-Q4,RS5M,images/FBQ-0127_ir.jpg,images/FBQ-0127_rgb.jpg,intensity_contrast,Are canopy gaps darker than the tree crowns?,Yes,sol,1,1,1,Narrow openings appear dark between the generally brighter crown shapes.,
FBQ-0128,FBQ-0128-CANON-Q1,RS5M,images/FBQ-0128_ir.jpg,images/FBQ-0128_rgb.jpg,scene_category,What type of scene is shown?,An urban street intersection,sol,1,1,1,Multiple paved corridors meet between large rectilinear building structures.,
FBQ-0128,FBQ-0128-CANON-Q2,RS5M,images/FBQ-0128_ir.jpg,images/FBQ-0128_rgb.jpg,object_presence,Are vehicles visible on the streets?,Yes,sol,1,1,1,Several small elongated shapes appear along the paved corridors.,
FBQ-0128,FBQ-0128-CANON-Q3,RS5M,images/FBQ-0128_ir.jpg,images/FBQ-0128_rgb.jpg,spatial_structure,Where is the road junction?,Near the lower center,rewrite,1,1,1,Several road segments converge in the lower central portion.,
FBQ-0128,FBQ-0128-CANON-Q4,RS5M,images/FBQ-0128_ir.jpg,images/FBQ-0128_rgb.jpg,intensity_contrast,Is the broad roadway brighter than adjacent building faces?,Yes,rewrite,1,1,1,The broad roadway is pale beside multiple darker textured building faces.,
FBQ-0129,FBQ-0129-CANON-Q1,RS5M,images/FBQ-0129_ir.jpg,images/FBQ-0129_rgb.jpg,scene_category,What type of site is shown?,An industrial complex,sol,1,1,1,Several large connected rectangular buildings dominate the site.,
FBQ-0129,FBQ-0129-CANON-Q2,RS5M,images/FBQ-0129_ir.jpg,images/FBQ-0129_rgb.jpg,object_presence,Are large rectangular buildings visible?,Yes,sol,1,1,1,Multiple broad roof rectangles with straight edges occupy the center.,
FBQ-0129,FBQ-0129-CANON-Q3,RS5M,images/FBQ-0129_ir.jpg,images/FBQ-0129_rgb.jpg,spatial_structure,What surrounds the central buildings?,Roads and paved areas,sol,1,1,1,Linear roads and open smooth surfaces border the building cluster.,
FBQ-0129,FBQ-0129-CANON-Q4,RS5M,images/FBQ-0129_ir.jpg,images/FBQ-0129_rgb.jpg,intensity_contrast,Are the roofs brighter than the sidewalls?,Yes,sol,1,1,1,Upper roof planes are pale while vertical wall faces appear dark.,
FBQ-0130,FBQ-0130-CANON-Q1,RS5M,images/FBQ-0130_ir.jpg,images/FBQ-0130_rgb.jpg,scene_category,What type of representation is shown?,An isometric town model,sol,1,1,1,The scene appears as a raised rectangular miniature with uniformly rendered structures.,
FBQ-0130,FBQ-0130-CANON-Q2,RS5M,images/FBQ-0130_ir.jpg,images/FBQ-0130_rgb.jpg,object_presence,Are multiple buildings visible?,Yes,sol,1,1,1,Numerous bright block-shaped structures are distributed across the model.,
FBQ-0130,FBQ-0130-CANON-Q3,RS5M,images/FBQ-0130_ir.jpg,images/FBQ-0130_rgb.jpg,spatial_structure,Where do the main roads cross?,Near the center,sol,1,1,1,Two broad linear corridors intersect within the central part of the model.,
FBQ-0130,FBQ-0130-CANON-Q4,RS5M,images/FBQ-0130_ir.jpg,images/FBQ-0130_rgb.jpg,intensity_contrast,Is the model brighter than the background?,Yes,sol,1,1,1,The raised town scene is pale against a nearly uniform dark surround.,
FBQ-0131,FBQ-0131-CANON-Q1,RS5M,images/FBQ-0131_ir.jpg,images/FBQ-0131_rgb.jpg,scene_category,What type of scene is shown?,Dense urban city,sol,1,1,1,Numerous closely packed high-rise outlines and streets are visible across the IR image.,
FBQ-0131,FBQ-0131-CANON-Q2,RS5M,images/FBQ-0131_ir.jpg,images/FBQ-0131_rgb.jpg,object_presence,Is a tall tower visible?,Yes,sol,1,1,1,A narrow elevated tower rises prominently near the center-left.,
FBQ-0131,FBQ-0131-CANON-Q3,RS5M,images/FBQ-0131_ir.jpg,images/FBQ-0131_rgb.jpg,spatial_structure,Where is the circular feature located?,Lower center,terra,1,1,1,The round outline is positioned below the surrounding skyline.,
FBQ-0131,FBQ-0131-CANON-Q4,RS5M,images/FBQ-0131_ir.jpg,images/FBQ-0131_rgb.jpg,intensity_contrast,How does the sky compare with the city?,Much darker,terra,1,1,1,The upper sky is nearly black while the buildings are bright.,
FBQ-0132,FBQ-0132-CANON-Q1,RS5M,images/FBQ-0132_ir.jpg,images/FBQ-0132_rgb.jpg,scene_category,What type of landscape is shown?,River valley,sol,1,1,1,A wide continuous channel passes between elevated textured banks.,
FBQ-0132,FBQ-0132-CANON-Q2,RS5M,images/FBQ-0132_ir.jpg,images/FBQ-0132_rgb.jpg,object_presence,Is a broad river visible?,Yes,sol,1,1,1,A wide smooth-toned water-shaped region occupies the center of the IR image.,
FBQ-0132,FBQ-0132-CANON-Q3,RS5M,images/FBQ-0132_ir.jpg,images/FBQ-0132_rgb.jpg,spatial_structure,What path does the river follow?,A broad curve,sol,1,1,1,The channel bends from the left side toward the lower right.,
FBQ-0132,FBQ-0132-CANON-Q4,RS5M,images/FBQ-0132_ir.jpg,images/FBQ-0132_rgb.jpg,intensity_contrast,"Which is more uniform, the river or the banks?",The river,rewrite,1,1,1,"The central channel has nearly uniform intensity, while both banks are mottled.",
FBQ-0133,FBQ-0133-CANON-Q1,RS5M,images/FBQ-0133_ir.jpg,images/FBQ-0133_rgb.jpg,scene_category,What type of scene is shown?,Dense forest,sol,1,1,1,Tree-shaped crowns cover nearly the entire IR frame without large clearings.,
FBQ-0133,FBQ-0133-CANON-Q2,RS5M,images/FBQ-0133_ir.jpg,images/FBQ-0133_rgb.jpg,object_presence,Are individual tree crowns visible?,Yes,sol,1,1,1,Many separate conical and branching crown outlines can be distinguished.,
FBQ-0133,FBQ-0133-CANON-Q3,RS5M,images/FBQ-0133_ir.jpg,images/FBQ-0133_rgb.jpg,spatial_structure,How are the trees arranged?,Closely packed together,sol,1,1,1,The crowns overlap across the frame with only narrow gaps between them.,
FBQ-0133,FBQ-0133-CANON-Q4,RS5M,images/FBQ-0133_ir.jpg,images/FBQ-0133_rgb.jpg,intensity_contrast,Do all tree crowns have equal intensity?,No,sol,1,1,1,Bright crowns and darker crowns are visibly interspersed throughout the canopy.,
FBQ-0134,FBQ-0134-CANON-Q1,RS5M,images/FBQ-0134_ir.jpg,images/FBQ-0134_rgb.jpg,scene_category,What type of scene is shown?,A mountainous landscape,luna,1,1,1,Elevated ridges and sloping terrain are visible across the frame.,
FBQ-0134,FBQ-0134-CANON-Q2,RS5M,images/FBQ-0134_ir.jpg,images/FBQ-0134_rgb.jpg,object_presence,Are mountain ridges visible?,"Yes, mountain ridges",luna,1,1,1,Several raised ridge outlines appear along the upper and side regions.,
FBQ-0134,FBQ-0134-CANON-Q3,RS5M,images/FBQ-0134_ir.jpg,images/FBQ-0134_rgb.jpg,spatial_structure,Where are the ridges located?,Along the upper and side areas,luna,1,1,1,Raised terrain borders the open central valley.,
FBQ-0134,FBQ-0134-CANON-Q4,RS5M,images/FBQ-0134_ir.jpg,images/FBQ-0134_rgb.jpg,intensity_contrast,What interrupts the bright terrain?,Scattered dark patches,luna,1,1,1,Multiple dark depressions and shadowed regions break up the bright ground.,
FBQ-0135,FBQ-0135-CANON-Q1,RS5M,images/FBQ-0135_ir.jpg,images/FBQ-0135_rgb.jpg,scene_category,What type of settlement is shown?,Dense town,terra,1,1,1,Many adjoining low-rise building outlines cover the scene.,
FBQ-0135,FBQ-0135-CANON-Q2,RS5M,images/FBQ-0135_ir.jpg,images/FBQ-0135_rgb.jpg,object_presence,What tall structure is visible?,Tower,terra,1,1,1,A narrow vertical silhouette rises above the roofs.,
FBQ-0135,FBQ-0135-CANON-Q3,RS5M,images/FBQ-0135_ir.jpg,images/FBQ-0135_rgb.jpg,spatial_structure,Where is the tower located?,Upper center-right,terra,1,1,1,The tallest narrow feature is above the roofline near the upper center-right.,
FBQ-0135,FBQ-0135-CANON-Q4,RS5M,images/FBQ-0135_ir.jpg,images/FBQ-0135_rgb.jpg,intensity_contrast,How does the sky compare with the rooftops?,Much darker,rewrite,1,1,1,The upper background is nearly black while most roofs are bright.,
FBQ-0136,FBQ-0136-CANON-Q1,RS5M,images/FBQ-0136_ir.jpg,images/FBQ-0136_rgb.jpg,scene_category,What type of scene is shown?,Urban settlement,sol,1,1,1,"Low buildings, dense trees, and multiple tall building blocks are visible together.",
FBQ-0136,FBQ-0136-CANON-Q2,RS5M,images/FBQ-0136_ir.jpg,images/FBQ-0136_rgb.jpg,object_presence,Are high-rise buildings visible?,Yes,sol,1,1,1,Several tall rectangular structures rise along the upper background.,
FBQ-0136,FBQ-0136-CANON-Q3,RS5M,images/FBQ-0136_ir.jpg,images/FBQ-0136_rgb.jpg,spatial_structure,Where are the high-rise buildings located?,In the background,sol,1,1,1,The tallest blocks appear behind the tree-covered middle ground.,
FBQ-0136,FBQ-0136-CANON-Q4,RS5M,images/FBQ-0136_ir.jpg,images/FBQ-0136_rgb.jpg,intensity_contrast,What contrasts with the bright high-rises?,The darker tree canopy,luna,1,1,1,The background towers are bright while the intervening trees are darker and textured.,
FBQ-0137,FBQ-0137-CANON-Q1,RS5M,images/FBQ-0137_ir.jpg,images/FBQ-0137_rgb.jpg,scene_category,What type of scene is shown?,Suburban residential property,sol,1,1,1,"A detached house, attached garage, driveway, and surrounding yard are clearly outlined.",
FBQ-0137,FBQ-0137-CANON-Q2,RS5M,images/FBQ-0137_ir.jpg,images/FBQ-0137_rgb.jpg,object_presence,Is an attached garage visible?,Yes,sol,1,1,1,A two-door rectangular garage adjoins the left side of the house.,
FBQ-0137,FBQ-0137-CANON-Q3,RS5M,images/FBQ-0137_ir.jpg,images/FBQ-0137_rgb.jpg,spatial_structure,Where is the garage relative to the house?,To the left of the house,luna,1,1,1,The garage block is attached beside the main house on the left.,
FBQ-0137,FBQ-0137-CANON-Q4,RS5M,images/FBQ-0137_ir.jpg,images/FBQ-0137_rgb.jpg,intensity_contrast,"Which is brighter, the roof or background trees?",The roof,rewrite,1,1,1,The roof appears bright and uniform against darker mottled vegetation.,
FBQ-0138,FBQ-0138-CANON-Q1,RS5M,images/FBQ-0138_ir.jpg,images/FBQ-0138_rgb.jpg,scene_category,What type of scene is shown?,Mountain park,sol,1,1,1,Landscaped trees and pavilion-like structures appear directly before steep mountain forms.,
FBQ-0138,FBQ-0138-CANON-Q2,RS5M,images/FBQ-0138_ir.jpg,images/FBQ-0138_rgb.jpg,object_presence,Are pavilion-like buildings visible?,Yes,sol,1,1,1,Several structures have distinct layered roofs and open elevated profiles.,
FBQ-0138,FBQ-0138-CANON-Q3,RS5M,images/FBQ-0138_ir.jpg,images/FBQ-0138_rgb.jpg,spatial_structure,Where are the mountains relative to the buildings?,Behind the buildings,sol,1,1,1,Large peaked landforms rise across the background above the rooflines.,
FBQ-0138,FBQ-0138-CANON-Q4,RS5M,images/FBQ-0138_ir.jpg,images/FBQ-0138_rgb.jpg,intensity_contrast,"Which is darker, the sky or mountain faces?",The sky,rewrite,1,1,1,The sky is nearly black while the mountain faces are medium to bright.,
FBQ-0139,FBQ-0139-CANON-Q1,RS5M,images/FBQ-0139_ir.jpg,images/FBQ-0139_rgb.jpg,scene_category,What type of scene is visible?,Low-rise settlement,sol,1,1,1,Multiple adjacent roof and building outlines form a compact built-up cluster.,
FBQ-0139,FBQ-0139-CANON-Q2,RS5M,images/FBQ-0139_ir.jpg,images/FBQ-0139_rgb.jpg,object_presence,Are thin diagonal lines visible?,Yes,rewrite,1,1,1,Several thin diagonal lines cross the upper portion of the IR image.,
FBQ-0139,FBQ-0139-CANON-Q3,RS5M,images/FBQ-0139_ir.jpg,images/FBQ-0139_rgb.jpg,spatial_structure,Where are the diagonal lines relative to the roofs?,Above the roofs,rewrite,1,1,1,The thin lines pass through the dark upper region over the bright roof cluster.,
FBQ-0139,FBQ-0139-CANON-Q4,RS5M,images/FBQ-0139_ir.jpg,images/FBQ-0139_rgb.jpg,intensity_contrast,"Which is brighter, the roofs or upper background?",The roofs,rewrite,1,1,1,The roofs appear bright against the predominantly dark region above them.,
FBQ-0140,FBQ-0140-CANON-Q1,RS5M,images/FBQ-0140_ir.jpg,images/FBQ-0140_rgb.jpg,scene_category,What type of terrain is shown?,Open terrain,rewrite,1,1,1,Broad sparsely textured ground fills the IR frame.,
FBQ-0140,FBQ-0140-CANON-Q2,RS5M,images/FBQ-0140_ir.jpg,images/FBQ-0140_rgb.jpg,object_presence,Is a winding linear feature visible?,Yes,rewrite,1,1,1,A continuous dark narrow feature curves across the lower portion of the IR image.,
FBQ-0140,FBQ-0140-CANON-Q3,RS5M,images/FBQ-0140_ir.jpg,images/FBQ-0140_rgb.jpg,spatial_structure,Where is the winding feature located?,Across the lower half,rewrite,1,1,1,The curved feature extends laterally through the lower half of the frame.,
FBQ-0140,FBQ-0140-CANON-Q4,RS5M,images/FBQ-0140_ir.jpg,images/FBQ-0140_rgb.jpg,intensity_contrast,"Which is darker, the linear feature or surrounding ground?",The linear feature,rewrite,1,1,1,The winding feature has lower intensity than the adjacent mottled ground.,
FBQ-0141,FBQ-0141-CANON-Q1,RS5M,images/FBQ-0141_ir.jpg,images/FBQ-0141_rgb.jpg,scene_category,What type of landscaped area is shown?,Golf course,rewrite,1,1,1,Several smooth oval patches appear within maintained open ground bordered by trees.,
FBQ-0141,FBQ-0141-CANON-Q2,RS5M,images/FBQ-0141_ir.jpg,images/FBQ-0141_rgb.jpg,object_presence,Are several oval patches visible?,Yes,rewrite,1,1,1,Multiple distinct oval patches are visible across the central field.,
FBQ-0141,FBQ-0141-CANON-Q3,RS5M,images/FBQ-0141_ir.jpg,images/FBQ-0141_rgb.jpg,spatial_structure,Where are the oval patches located?,In the central open area,rewrite,1,1,1,The oval patches occupy open ground between clusters of trees.,
FBQ-0141,FBQ-0141-CANON-Q4,RS5M,images/FBQ-0141_ir.jpg,images/FBQ-0141_rgb.jpg,intensity_contrast,How do the oval patches compare with surrounding ground?,Darker,rewrite,1,1,1,The oval patches have darker interiors than the adjacent bright ground.,
FBQ-0142,FBQ-0142-CANON-Q1,RS5M,images/FBQ-0142_ir.jpg,images/FBQ-0142_rgb.jpg,scene_category,What type of site is shown?,Coastal building complex,terra,1,1,1,Large connected building blocks stand beside a broad shore and dark water region.,"The IR image is degraded, but the principal coastal and building layout remains visible."
FBQ-0142,FBQ-0142-CANON-Q2,RS5M,images/FBQ-0142_ir.jpg,images/FBQ-0142_rgb.jpg,object_presence,Are large rectangular buildings visible?,Yes,terra,1,1,1,Repeated long rectangular structures occupy the upper-middle region.,"The IR image is degraded, but the principal coastal and building layout remains visible."
FBQ-0142,FBQ-0142-CANON-Q3,RS5M,images/FBQ-0142_ir.jpg,images/FBQ-0142_rgb.jpg,spatial_structure,Where are the buildings relative to the beach?,Behind the beach,terra,1,1,1,The building complex lies beyond the broad smooth shore strip.,"The IR image is degraded, but the principal coastal and building layout remains visible."
FBQ-0142,FBQ-0142-CANON-Q4,RS5M,images/FBQ-0142_ir.jpg,images/FBQ-0142_rgb.jpg,intensity_contrast,How does the shore compare with the water?,Brighter,terra,1,1,1,The shore forms a bright band beside a much darker water region.,"The IR image is degraded, but the principal coastal and building layout remains visible."
FBQ-0143,FBQ-0143-CANON-Q1,RS5M,images/FBQ-0143_ir.jpg,images/FBQ-0143_rgb.jpg,scene_category,What broad landscape is shown?,Vegetated landscape,rewrite_backfill,1,1,1,Numerous separated tree-like forms occupy the ground below a horizontal open band.,Severe blur prevents reliable scene categorization from IR alone.
FBQ-0143,FBQ-0143-CANON-Q2,RS5M,images/FBQ-0143_ir.jpg,images/FBQ-0143_rgb.jpg,object_presence,Are multiple bright irregular forms visible?,Yes,terra,1,1,1,Several separated bright irregular forms appear throughout the lower half.,Severe blur prevents reliable scene categorization from IR alone.
FBQ-0143,FBQ-0143-CANON-Q3,RS5M,images/FBQ-0143_ir.jpg,images/FBQ-0143_rgb.jpg,spatial_structure,Where are the bright forms located?,Across the lower half,terra,1,1,1,The bright irregular forms are distributed below the main horizontal boundary.,Severe blur prevents reliable scene categorization from IR alone.
FBQ-0143,FBQ-0143-CANON-Q4,RS5M,images/FBQ-0143_ir.jpg,images/FBQ-0143_rgb.jpg,intensity_contrast,How do the irregular forms compare with the background?,Brighter,rewrite,1,1,1,The irregular forms stand out brightly against a darker smooth background.,Severe blur prevents reliable scene categorization from IR alone.
FBQ-0144,FBQ-0144-CANON-Q1,RS5M,images/FBQ-0144_ir.jpg,images/FBQ-0144_rgb.jpg,scene_category,What type of coastal facility is shown?,Harbor,terra,1,1,1,Enclosed dark water and several long dock-like structures adjoin a large coastal landmass.,
FBQ-0144,FBQ-0144-CANON-Q2,RS5M,images/FBQ-0144_ir.jpg,images/FBQ-0144_rgb.jpg,object_presence,Are dock structures visible?,Yes,terra,1,1,1,Long straight projections and basin edges extend along the shoreline.,
FBQ-0144,FBQ-0144-CANON-Q3,RS5M,images/FBQ-0144_ir.jpg,images/FBQ-0144_rgb.jpg,spatial_structure,Where is the water relative to the land?,On the right,terra,1,1,1,A broad dark water region occupies the right side beside brighter land.,
FBQ-0144,FBQ-0144-CANON-Q4,RS5M,images/FBQ-0144_ir.jpg,images/FBQ-0144_rgb.jpg,intensity_contrast,How does the water compare with the shore?,Darker,terra,1,1,1,The water is much darker than the adjacent shoreline.,
FBQ-0145,FBQ-0145-CANON-Q1,RS5M,images/FBQ-0145_ir.jpg,images/FBQ-0145_rgb.jpg,scene_category,What type of setting is shown?,Wooded island,sol,1,1,1,A compact tree-covered landform is completely bounded by dark water.,
FBQ-0145,FBQ-0145-CANON-Q2,RS5M,images/FBQ-0145_ir.jpg,images/FBQ-0145_rgb.jpg,object_presence,Is a building visible among the trees?,Yes,sol,1,1,1,An angular roof-like structure appears near the island center amid textured crowns.,
FBQ-0145,FBQ-0145-CANON-Q3,RS5M,images/FBQ-0145_ir.jpg,images/FBQ-0145_rgb.jpg,spatial_structure,What surrounds the island?,Water,sol,1,1,1,A continuous dark region borders the landform on every visible side.,
FBQ-0145,FBQ-0145-CANON-Q4,RS5M,images/FBQ-0145_ir.jpg,images/FBQ-0145_rgb.jpg,intensity_contrast,"Which is darker, the island or surrounding water?",Surrounding water,sol,1,1,1,The water forms a dark field around the brighter textured island.,
FBQ-0146,FBQ-0146-CANON-Q1,RS5M,images/FBQ-0146_ir.jpg,images/FBQ-0146_rgb.jpg,scene_category,What type of layout is shown?,Airport layout,terra,1,1,1,Long parallel runway-like strips and clustered terminal-like blocks dominate the diagram.,The pair depicts a labeled plan rather than a direct aerial photograph.
FBQ-0146,FBQ-0146-CANON-Q2,RS5M,images/FBQ-0146_ir.jpg,images/FBQ-0146_rgb.jpg,object_presence,Are long parallel strips visible?,Yes,terra,1,1,1,Two prominent elongated parallel rectangular shapes cross the center.,The pair depicts a labeled plan rather than a direct aerial photograph.
FBQ-0146,FBQ-0146-CANON-Q3,RS5M,images/FBQ-0146_ir.jpg,images/FBQ-0146_rgb.jpg,spatial_structure,Where are the long strips located?,Across the center,terra,1,1,1,The parallel strips span the central horizontal region.,The pair depicts a labeled plan rather than a direct aerial photograph.
FBQ-0146,FBQ-0146-CANON-Q4,RS5M,images/FBQ-0146_ir.jpg,images/FBQ-0146_rgb.jpg,intensity_contrast,How does the central plan compare with the background?,Brighter,terra,1,1,1,The central schematic area is brighter than the surrounding textured imagery.,The pair depicts a labeled plan rather than a direct aerial photograph.
FBQ-0147,FBQ-0147-CANON-Q1,RS5M,images/FBQ-0147_ir.jpg,images/FBQ-0147_rgb.jpg,scene_category,What type of settlement is shown?,Urban area,terra,1,1,1,Numerous tightly packed structural forms fill the lower portion of the image.,"Blur limits architectural detail, but the dense structures and central spire remain distinct."
FBQ-0147,FBQ-0147-CANON-Q2,RS5M,images/FBQ-0147_ir.jpg,images/FBQ-0147_rgb.jpg,object_presence,Is a tall spire visible?,Yes,terra,1,1,1,One thin pointed feature rises above the surrounding structures.,"Blur limits architectural detail, but the dense structures and central spire remain distinct."
FBQ-0147,FBQ-0147-CANON-Q3,RS5M,images/FBQ-0147_ir.jpg,images/FBQ-0147_rgb.jpg,spatial_structure,Where is the tall spire located?,Near the center,terra,1,1,1,The tallest narrow vertical feature stands near the central image area.,"Blur limits architectural detail, but the dense structures and central spire remain distinct."
FBQ-0147,FBQ-0147-CANON-Q4,RS5M,images/FBQ-0147_ir.jpg,images/FBQ-0147_rgb.jpg,intensity_contrast,How do the buildings compare with the upper region?,Brighter,terra,1,1,1,The lower built area is bright while the broad upper region is dark.,"Blur limits architectural detail, but the dense structures and central spire remain distinct."
FBQ-0148,FBQ-0148-CANON-Q1,RS5M,images/FBQ-0148_ir.jpg,images/FBQ-0148_rgb.jpg,scene_category,What type of area is shown?,Rural settlement,terra,1,1,1,A small group of separated buildings sits within broad wooded terrain.,
FBQ-0148,FBQ-0148-CANON-Q2,RS5M,images/FBQ-0148_ir.jpg,images/FBQ-0148_rgb.jpg,object_presence,Are several buildings visible?,Yes,terra,1,1,1,Multiple bright angular roof-like outlines appear near the middle.,
FBQ-0148,FBQ-0148-CANON-Q3,RS5M,images/FBQ-0148_ir.jpg,images/FBQ-0148_rgb.jpg,spatial_structure,Where is the road relative to the buildings?,In front of them,terra,1,1,1,A horizontal linear road feature runs directly below the building cluster.,
FBQ-0148,FBQ-0148-CANON-Q4,RS5M,images/FBQ-0148_ir.jpg,images/FBQ-0148_rgb.jpg,intensity_contrast,How does the distant woodland compare with open ground?,Darker,terra,1,1,1,The distant textured vegetation band is darker than the bright foreground ground.,
FBQ-0149,FBQ-0149-CANON-Q1,RS5M,images/FBQ-0149_ir.jpg,images/FBQ-0149_rgb.jpg,scene_category,What type of landscape is shown?,Agricultural fields,terra,1,1,1,Large adjoining rectangular parcels dominate the image and have straight boundaries.,
FBQ-0149,FBQ-0149-CANON-Q2,RS5M,images/FBQ-0149_ir.jpg,images/FBQ-0149_rgb.jpg,object_presence,Is a rectangular field boundary visible?,Yes,terra,1,1,1,A clear rectangular outline encloses the large central parcel.,
FBQ-0149,FBQ-0149-CANON-Q3,RS5M,images/FBQ-0149_ir.jpg,images/FBQ-0149_rgb.jpg,spatial_structure,Where is the diagonal road relative to the fields?,Along the left side,sol,1,1,1,A narrow diagonal linear feature borders the central parcels on their left.,
FBQ-0149,FBQ-0149-CANON-Q4,RS5M,images/FBQ-0149_ir.jpg,images/FBQ-0149_rgb.jpg,intensity_contrast,Is the central rectangular parcel darker than its border?,Yes,sol,1,1,1,The parcel interior is dark while its enclosing outline is distinctly brighter.,
FBQ-0150,FBQ-0150-CANON-Q1,RS5M,images/FBQ-0150_ir.jpg,images/FBQ-0150_rgb.jpg,scene_category,What type of site is shown?,Industrial complex,rewrite,1,1,1,"Large rectilinear structures, two flared towers, and a tall narrow tower occupy the site.",
FBQ-0150,FBQ-0150-CANON-Q2,RS5M,images/FBQ-0150_ir.jpg,images/FBQ-0150_rgb.jpg,object_presence,Are two flared towers visible?,Yes,rewrite,1,1,1,Two matching bright structures with narrow middles stand near the center.,
FBQ-0150,FBQ-0150-CANON-Q3,RS5M,images/FBQ-0150_ir.jpg,images/FBQ-0150_rgb.jpg,spatial_structure,Where is the tall narrow tower relative to the flared towers?,To their left,rewrite,1,1,1,The tall narrow vertical structure stands left of the two flared towers.,
FBQ-0150,FBQ-0150-CANON-Q4,RS5M,images/FBQ-0150_ir.jpg,images/FBQ-0150_rgb.jpg,intensity_contrast,"Which is darker, the upper sky or the towers?",The upper sky,rewrite,1,1,1,The upper sky is a dark uniform band while the tower outlines are bright.,
FBQ-0151,FBQ-0151-CANON-Q1,RS5M,images/FBQ-0151_ir.jpg,images/FBQ-0151_rgb.jpg,scene_category,What type of scene fills the image?,Gridded panel array,rewrite,1,1,1,Repeated rectangular modules with regular internal grids fill the scene.,
FBQ-0151,FBQ-0151-CANON-Q2,RS5M,images/FBQ-0151_ir.jpg,images/FBQ-0151_rgb.jpg,object_presence,Are rectangular gridded panels visible?,Yes,rewrite,1,1,1,Multiple large rectangular modules contain clearly visible grid patterns.,
FBQ-0151,FBQ-0151-CANON-Q3,RS5M,images/FBQ-0151_ir.jpg,images/FBQ-0151_rgb.jpg,spatial_structure,How are the panels arranged?,In parallel rows,sol,1,1,1,The rectangular panels repeat in aligned horizontal tiers.,
FBQ-0151,FBQ-0151-CANON-Q4,RS5M,images/FBQ-0151_ir.jpg,images/FBQ-0151_rgb.jpg,intensity_contrast,Are grid lines brighter than the panel surfaces?,Yes,sol,1,1,1,Thin grid lines appear distinctly brighter than the darker panel interiors.,
FBQ-0152,FBQ-0152-CANON-Q1,RS5M,images/FBQ-0152_ir.jpg,images/FBQ-0152_rgb.jpg,scene_category,What type of structure dominates the scene?,Large flat-roofed building,rewrite,1,1,1,A broad rectangular building with a nearly flat roof occupies most of the image.,
FBQ-0152,FBQ-0152-CANON-Q2,RS5M,images/FBQ-0152_ir.jpg,images/FBQ-0152_rgb.jpg,object_presence,Are elongated rooftop strips visible?,Yes,rewrite,1,1,1,Several long narrow features are clearly visible on the roof.,
FBQ-0152,FBQ-0152-CANON-Q3,RS5M,images/FBQ-0152_ir.jpg,images/FBQ-0152_rgb.jpg,spatial_structure,How are the rooftop strips arranged?,In parallel rows,rewrite,1,1,1,The elongated roof features run side by side with matching orientation.,
FBQ-0152,FBQ-0152-CANON-Q4,RS5M,images/FBQ-0152_ir.jpg,images/FBQ-0152_rgb.jpg,intensity_contrast,Is the main roof brighter than its surroundings?,Yes,sol,1,1,1,The broad roof appears brighter than the adjacent ground and background.,
FBQ-0153,FBQ-0153-CANON-Q1,RS5M,images/FBQ-0153_ir.jpg,images/FBQ-0153_rgb.jpg,scene_category,What broad scene category is visible?,Urban cityscape,sol,1,1,1,Dense rectangular buildings and intersecting transport corridors fill the view.,
FBQ-0153,FBQ-0153-CANON-Q2,RS5M,images/FBQ-0153_ir.jpg,images/FBQ-0153_rgb.jpg,object_presence,Are numerous buildings visible?,Yes,sol,1,1,1,Many closely packed block-like structures are distinguishable across the image.,
FBQ-0153,FBQ-0153-CANON-Q3,RS5M,images/FBQ-0153_ir.jpg,images/FBQ-0153_rgb.jpg,spatial_structure,Where is the densest built-up area?,Across the middle,sol,1,1,1,The middle band contains the greatest concentration of closely spaced building outlines.,
FBQ-0153,FBQ-0153-CANON-Q4,RS5M,images/FBQ-0153_ir.jpg,images/FBQ-0153_rgb.jpg,intensity_contrast,Are many rooftops brighter than the road corridors?,Yes,terra,1,1,1,Numerous roof blocks appear brighter than the broad dark linear corridors.,
FBQ-0154,FBQ-0154-CANON-Q1,RS5M,images/FBQ-0154_ir.jpg,images/FBQ-0154_rgb.jpg,scene_category,What broad type of scene is shown?,Circular architectural interior,rewrite,1,1,1,Concentric structural tiers and supports surround a large central circle.,
FBQ-0154,FBQ-0154-CANON-Q2,RS5M,images/FBQ-0154_ir.jpg,images/FBQ-0154_rgb.jpg,object_presence,Is a large circular structure visible?,Yes,sol,1,1,1,A sharply bounded circular form dominates the image center.,
FBQ-0154,FBQ-0154-CANON-Q3,RS5M,images/FBQ-0154_ir.jpg,images/FBQ-0154_rgb.jpg,spatial_structure,Where is the circular structure located?,At the center,sol,1,1,1,The circular disk lies centrally within the surrounding curved tiers.,
FBQ-0154,FBQ-0154-CANON-Q4,RS5M,images/FBQ-0154_ir.jpg,images/FBQ-0154_rgb.jpg,intensity_contrast,Is the central disk darker than its surrounding ring?,Yes,sol,1,1,1,The central disk is darker than the distinctly bright circular band around it.,
FBQ-0155,FBQ-0155-CANON-Q1,RS5M,images/FBQ-0155_ir.jpg,images/FBQ-0155_rgb.jpg,scene_category,What type of scene is shown?,Open-water vessel scene,rewrite,1,1,1,Two vessel outlines are isolated within a continuous water background.,
FBQ-0155,FBQ-0155-CANON-Q2,RS5M,images/FBQ-0155_ir.jpg,images/FBQ-0155_rgb.jpg,object_presence,How many vessels are visible?,Two,rewrite,1,1,1,Two distinct elongated vessel shapes are visible.,
FBQ-0155,FBQ-0155-CANON-Q3,RS5M,images/FBQ-0155_ir.jpg,images/FBQ-0155_rgb.jpg,spatial_structure,Where is the right vessel relative to the left vessel?,Upper right,rewrite,1,1,1,The right vessel is positioned diagonally above the left vessel.,
FBQ-0155,FBQ-0155-CANON-Q4,RS5M,images/FBQ-0155_ir.jpg,images/FBQ-0155_rgb.jpg,intensity_contrast,Are the vessels brighter than the surrounding water?,Yes,rewrite,1,1,1,Both vessel shapes have higher grayscale intensity than the broad water region.,
FBQ-0156,FBQ-0156-CANON-Q1,RS5M,images/FBQ-0156_ir.jpg,images/FBQ-0156_rgb.jpg,scene_category,What broad landscape is visible?,Divided open terrain,rewrite,1,1,1,Broad open ground is partitioned by long straight and diagonal boundaries.,
FBQ-0156,FBQ-0156-CANON-Q2,RS5M,images/FBQ-0156_ir.jpg,images/FBQ-0156_rgb.jpg,object_presence,Are rectangular ground sections visible?,Yes,luna,1,1,1,Several large bounded rectangular regions are visible across the terrain.,
FBQ-0156,FBQ-0156-CANON-Q3,RS5M,images/FBQ-0156_ir.jpg,images/FBQ-0156_rgb.jpg,spatial_structure,How are the ground sections separated?,By linear tracks,rewrite,1,1,1,Long narrow lines form boundaries between the broad sections.,
FBQ-0156,FBQ-0156-CANON-Q4,RS5M,images/FBQ-0156_ir.jpg,images/FBQ-0156_rgb.jpg,intensity_contrast,Is the upper horizontal strip brighter than the main terrain?,Yes,rewrite,1,1,1,A light horizontal band near the top contrasts with the darker central ground.,
FBQ-0157,FBQ-0157-CANON-Q1,RS5M,images/FBQ-0157_ir.jpg,images/FBQ-0157_rgb.jpg,scene_category,What broad setting is shown?,Urban building complex,sol,1,1,1,A large multi-story structure is surrounded by roads and dense developed features.,
FBQ-0157,FBQ-0157-CANON-Q2,RS5M,images/FBQ-0157_ir.jpg,images/FBQ-0157_rgb.jpg,object_presence,Are multiple vehicles visible?,Yes,rewrite,1,1,1,Many small vehicle-shaped forms are visible beside the main building.,
FBQ-0157,FBQ-0157-CANON-Q3,RS5M,images/FBQ-0157_ir.jpg,images/FBQ-0157_rgb.jpg,spatial_structure,Where are many vehicles relative to the building?,Along its left side,rewrite,1,1,1,A dense row of small vehicle outlines follows the building's left edge.,
FBQ-0157,FBQ-0157-CANON-Q4,RS5M,images/FBQ-0157_ir.jpg,images/FBQ-0157_rgb.jpg,intensity_contrast,Is the building brighter than the adjacent road?,Yes,sol,1,1,1,The main building appears bright beside a substantially darker linear roadway.,
FBQ-0158,FBQ-0158-CANON-Q1,RS5M,images/FBQ-0158_ir.jpg,images/FBQ-0158_rgb.jpg,scene_category,What type of setting surrounds the vehicle?,Rural road,sol,1,1,1,A narrow road corridor passes between vegetation and sloping open terrain.,
FBQ-0158,FBQ-0158-CANON-Q2,RS5M,images/FBQ-0158_ir.jpg,images/FBQ-0158_rgb.jpg,object_presence,Is a truck visible?,Yes,sol,1,1,1,A large rectangular vehicle with a distinct cab and cargo body is visible.,
FBQ-0158,FBQ-0158-CANON-Q3,RS5M,images/FBQ-0158_ir.jpg,images/FBQ-0158_rgb.jpg,spatial_structure,Where is the truck positioned?,On the central road,sol,1,1,1,The vehicle is aligned with the narrow corridor through the image center.,
FBQ-0158,FBQ-0158-CANON-Q4,RS5M,images/FBQ-0158_ir.jpg,images/FBQ-0158_rgb.jpg,intensity_contrast,Is the truck's lower section brighter than the road?,Yes,rewrite,1,1,1,The lower vehicle body appears bright against the darker roadway beneath it.,
FBQ-0159,FBQ-0159-CANON-Q1,RS5M,images/FBQ-0159_ir.jpg,images/FBQ-0159_rgb.jpg,scene_category,What type of scene is shown?,Urban road intersection,sol,1,1,1,Broad road corridors cross near the center and contain multiple vehicles.,Fine details are softened by image blur.
FBQ-0159,FBQ-0159-CANON-Q2,RS5M,images/FBQ-0159_ir.jpg,images/FBQ-0159_rgb.jpg,object_presence,Are multiple vehicles visible?,Yes,sol,1,1,1,Several compact vehicle-shaped regions appear on the intersecting roads.,Fine details are softened by image blur.
FBQ-0159,FBQ-0159-CANON-Q3,RS5M,images/FBQ-0159_ir.jpg,images/FBQ-0159_rgb.jpg,spatial_structure,What road layout is visible?,Crossing roads,sol,1,1,1,A vertical corridor intersects a lateral corridor near the image center.,Fine details are softened by image blur.
FBQ-0159,FBQ-0159-CANON-Q4,RS5M,images/FBQ-0159_ir.jpg,images/FBQ-0159_rgb.jpg,intensity_contrast,Are several vehicles brighter than the road surface?,Yes,sol,1,1,1,Multiple compact high-intensity regions stand out against the smoother road background.,Fine details are softened by image blur.
FBQ-0160,FBQ-0160-CANON-Q1,RS5M,images/FBQ-0160_ir.jpg,images/FBQ-0160_rgb.jpg,scene_category,What type of urban scene is shown?,Bridge and river scene,sol,1,1,1,A prominent arch crosses a dark water corridor amid dense buildings.,
FBQ-0160,FBQ-0160-CANON-Q2,RS5M,images/FBQ-0160_ir.jpg,images/FBQ-0160_rgb.jpg,object_presence,Is an arched bridge visible?,Yes,sol,1,1,1,A large curved bridge outline is clearly visible left of center.,
FBQ-0160,FBQ-0160-CANON-Q3,RS5M,images/FBQ-0160_ir.jpg,images/FBQ-0160_rgb.jpg,spatial_structure,What does the bridge span?,A river,sol,1,1,1,The bridge crosses a broad dark linear channel between developed banks.,
FBQ-0160,FBQ-0160-CANON-Q4,RS5M,images/FBQ-0160_ir.jpg,images/FBQ-0160_rgb.jpg,intensity_contrast,Is the bridge brighter than the water below?,Yes,sol,1,1,1,The bridge edges have high intensity against the darker water corridor.,
FBQ-0161,FBQ-0161-CANON-Q1,RS5M,images/FBQ-0161_ir.jpg,images/FBQ-0161_rgb.jpg,scene_category,What type of scene is shown?,A sheltered harbor,sol,1,1,1,"An enclosed water body is bordered by irregular shorelines, docks, and many vessel-like shapes.",
FBQ-0161,FBQ-0161-CANON-Q2,RS5M,images/FBQ-0161_ir.jpg,images/FBQ-0161_rgb.jpg,object_presence,What small objects are scattered across the water?,Boats,sol,1,1,1,Numerous isolated elongated and pointed shapes appear across the smooth water region.,
FBQ-0161,FBQ-0161-CANON-Q3,RS5M,images/FBQ-0161_ir.jpg,images/FBQ-0161_rgb.jpg,spatial_structure,Where is the main waterway located?,Between the shorelines,luna,1,1,1,The broad central channel is bounded by irregular land edges on both sides.,
FBQ-0161,FBQ-0161-CANON-Q4,RS5M,images/FBQ-0161_ir.jpg,images/FBQ-0161_rgb.jpg,intensity_contrast,How do the boats appear relative to the water?,Brighter,rewrite,1,1,1,The boat-shaped objects are pale points and streaks against the darker water surface.,
FBQ-0162,FBQ-0162-CANON-Q1,RS5M,images/FBQ-0162_ir.jpg,images/FBQ-0162_rgb.jpg,scene_category,What broad scene fills most of the image?,A dense built-up area,rewrite,1,1,1,"Closely packed block-like forms create a dense, repeated texture across most of the frame.","The IR image is blurred, so the linear feature is not assigned a specific identity."
FBQ-0162,FBQ-0162-CANON-Q2,RS5M,images/FBQ-0162_ir.jpg,images/FBQ-0162_rgb.jpg,object_presence,Is a broad linear band visible?,Yes,rewrite,1,1,1,A continuous smooth dark band spans the upper-middle portion of the frame.,"The IR image is blurred, so the linear feature is not assigned a specific identity."
FBQ-0162,FBQ-0162-CANON-Q3,RS5M,images/FBQ-0162_ir.jpg,images/FBQ-0162_rgb.jpg,spatial_structure,Where is the broad band located?,Across the upper middle,rewrite,1,1,1,The elongated band runs laterally above the densest foreground blocks.,"The IR image is blurred, so the linear feature is not assigned a specific identity."
FBQ-0162,FBQ-0162-CANON-Q4,RS5M,images/FBQ-0162_ir.jpg,images/FBQ-0162_rgb.jpg,intensity_contrast,How does the band compare with its surroundings?,Darker and smoother,rewrite,1,1,1,"The band has low, uniform intensity beside brighter mottled textures.","The IR image is blurred, so the linear feature is not assigned a specific identity."
FBQ-0163,FBQ-0163-CANON-Q1,RS5M,images/FBQ-0163_ir.jpg,images/FBQ-0163_rgb.jpg,scene_category,What type of transport facility is shown?,A railway complex,sol,1,1,1,Multiple elongated rail vehicles and parallel track-like bands span the frame.,
FBQ-0163,FBQ-0163-CANON-Q2,RS5M,images/FBQ-0163_ir.jpg,images/FBQ-0163_rgb.jpg,object_presence,Which large vehicles occupy the lower half?,Trains,sol,1,1,1,Long segmented vehicles with repeated window-like markings cross the lower image.,
FBQ-0163,FBQ-0163-CANON-Q3,RS5M,images/FBQ-0163_ir.jpg,images/FBQ-0163_rgb.jpg,spatial_structure,How are the trains arranged?,In parallel horizontal rows,sol,1,1,1,Several elongated train forms extend left to right in aligned layers.,
FBQ-0163,FBQ-0163-CANON-Q4,RS5M,images/FBQ-0163_ir.jpg,images/FBQ-0163_rgb.jpg,intensity_contrast,Which broad region is darkest?,The upper sky,sol,1,1,1,A nearly black band lies above the brighter hills and transport structures.,
FBQ-0164,FBQ-0164-CANON-Q1,RS5M,images/FBQ-0164_ir.jpg,images/FBQ-0164_rgb.jpg,scene_category,What type of road scene is shown?,A highway interchange,sol,1,1,1,Two multilane roads cross at different levels and connect through large curved ramps.,
FBQ-0164,FBQ-0164-CANON-Q2,RS5M,images/FBQ-0164_ir.jpg,images/FBQ-0164_rgb.jpg,object_presence,What curved structures flank the main roads?,Loop ramps,sol,1,1,1,Large near-circular roadway loops are outlined beside the central crossing.,
FBQ-0164,FBQ-0164-CANON-Q3,RS5M,images/FBQ-0164_ir.jpg,images/FBQ-0164_rgb.jpg,spatial_structure,How are the two main highways oriented?,They cross near the center,sol,1,1,1,One roadway runs vertically while another crosses diagonally through the middle.,
FBQ-0164,FBQ-0164-CANON-Q4,RS5M,images/FBQ-0164_ir.jpg,images/FBQ-0164_rgb.jpg,intensity_contrast,How do the roads compare with nearby ground?,Brighter,terra,1,1,1,The roads form pale continuous bands against darker textured surroundings.,
FBQ-0165,FBQ-0165-CANON-Q1,RS5M,images/FBQ-0165_ir.jpg,images/FBQ-0165_rgb.jpg,scene_category,What general setting is shown?,A coastal shoreline site,rewrite,1,1,1,Irregular land edges meet a broad smooth water region along a distinct boundary.,Strong saturation limits fine-detail interpretation.
FBQ-0165,FBQ-0165-CANON-Q2,RS5M,images/FBQ-0165_ir.jpg,images/FBQ-0165_rgb.jpg,object_presence,What angular structure projects into the lower water?,A platform,rewrite,1,1,1,A pale angular structure extends from a narrow connection into the dark lower region.,Strong saturation limits fine-detail interpretation.
FBQ-0165,FBQ-0165-CANON-Q3,RS5M,images/FBQ-0165_ir.jpg,images/FBQ-0165_rgb.jpg,spatial_structure,Where is the projecting platform located?,At the bottom center,rewrite,1,1,1,The angular structure occupies the lower central edge and points toward the shoreline.,Strong saturation limits fine-detail interpretation.
FBQ-0165,FBQ-0165-CANON-Q4,RS5M,images/FBQ-0165_ir.jpg,images/FBQ-0165_rgb.jpg,intensity_contrast,How does the land appear relative to the water?,Much brighter,sol,1,1,1,The irregular land region is pale while the bordering water is substantially darker.,Strong saturation limits fine-detail interpretation.
FBQ-0166,FBQ-0166-CANON-Q1,RS5M,images/FBQ-0166_ir.jpg,images/FBQ-0166_rgb.jpg,scene_category,What broad environment is shown?,An urban waterfront,sol,1,1,1,"Water channels, elevated infrastructure, a tower, and a distant building cluster are jointly visible.",
FBQ-0166,FBQ-0166-CANON-Q2,RS5M,images/FBQ-0166_ir.jpg,images/FBQ-0166_rgb.jpg,object_presence,What tall structure stands on the left?,A tower,sol,1,1,1,A narrow vertical structure with a wider top rises prominently along the left side.,
FBQ-0166,FBQ-0166-CANON-Q3,RS5M,images/FBQ-0166_ir.jpg,images/FBQ-0166_rgb.jpg,spatial_structure,Where is the skyline relative to the water?,Beyond the water,sol,1,1,1,Tall building silhouettes stand behind the dark central water region.,
FBQ-0166,FBQ-0166-CANON-Q4,RS5M,images/FBQ-0166_ir.jpg,images/FBQ-0166_rgb.jpg,intensity_contrast,How do the main structures appear against the sky?,Much brighter,sol,1,1,1,"The tower, elevated structures, and skyline are pale against the nearly black upper sky.",
FBQ-0167,FBQ-0167-CANON-Q1,RS5M,images/FBQ-0167_ir.jpg,images/FBQ-0167_rgb.jpg,scene_category,What type of landscape is shown?,A ridge-and-channel landscape,rewrite,1,1,1,Repeated raised sinuous forms alternate with recessed channel-like bands across the frame.,The IR supports the recurring landform pattern without establishing its composition.
FBQ-0167,FBQ-0167-CANON-Q2,RS5M,images/FBQ-0167_ir.jpg,images/FBQ-0167_rgb.jpg,object_presence,Are winding channels visible?,Yes,rewrite,1,1,1,Numerous smooth dark sinuous bands extend between the raised forms.,The IR supports the recurring landform pattern without establishing its composition.
FBQ-0167,FBQ-0167-CANON-Q3,RS5M,images/FBQ-0167_ir.jpg,images/FBQ-0167_rgb.jpg,spatial_structure,Where are the channels located?,Between elongated ridges,rewrite,1,1,1,Each dark channel weaves through adjacent pale raised bands.,The IR supports the recurring landform pattern without establishing its composition.
FBQ-0167,FBQ-0167-CANON-Q4,RS5M,images/FBQ-0167_ir.jpg,images/FBQ-0167_rgb.jpg,intensity_contrast,How do the ridges compare with the channels?,Brighter,rewrite,1,1,1,Pale ridge tops alternate repeatedly with darker channel-like depressions.,The IR supports the recurring landform pattern without establishing its composition.
FBQ-0168,FBQ-0168-CANON-Q1,RS5M,images/FBQ-0168_ir.jpg,images/FBQ-0168_rgb.jpg,scene_category,What type of scene is shown?,An open-water vessel scene,rewrite,1,1,1,A single vessel is isolated within a broad uninterrupted water surface.,
FBQ-0168,FBQ-0168-CANON-Q2,RS5M,images/FBQ-0168_ir.jpg,images/FBQ-0168_rgb.jpg,object_presence,What large object occupies the center?,A boat,sol,1,1,1,"A distinct hull, upright cabin-like form, and mast-like feature create a vessel silhouette.",
FBQ-0168,FBQ-0168-CANON-Q3,RS5M,images/FBQ-0168_ir.jpg,images/FBQ-0168_rgb.jpg,spatial_structure,Where are the small bright specks located?,Around the boat,rewrite,1,1,1,Numerous point-like shapes form a loose cluster surrounding the central vessel.,
FBQ-0168,FBQ-0168-CANON-Q4,RS5M,images/FBQ-0168_ir.jpg,images/FBQ-0168_rgb.jpg,intensity_contrast,How does the boat appear against the water?,Much brighter,sol,1,1,1,The vessel is nearly white against the predominantly dark water surface.,
FBQ-0169,FBQ-0169-CANON-Q1,RS5M,images/FBQ-0169_ir.jpg,images/FBQ-0169_rgb.jpg,scene_category,What type of scene dominates the image?,A large curved-roof complex,rewrite,1,1,1,A massive connected structure with a sweeping arched roof dominates the lower half.,The IR supports a large complex but not a specific facility identity.
FBQ-0169,FBQ-0169-CANON-Q2,RS5M,images/FBQ-0169_ir.jpg,images/FBQ-0169_rgb.jpg,object_presence,Is a broad curved roof visible?,Yes,rewrite,1,1,1,A wide pale roof forms a continuous sweeping arc across the image.,The IR supports a large complex but not a specific facility identity.
FBQ-0169,FBQ-0169-CANON-Q3,RS5M,images/FBQ-0169_ir.jpg,images/FBQ-0169_rgb.jpg,spatial_structure,Where are the repeated rows of small marks?,In the lower foreground,rewrite,1,1,1,Organized rows of small repeated shapes occupy the area beneath the curved structure.,The IR supports a large complex but not a specific facility identity.
FBQ-0169,FBQ-0169-CANON-Q4,RS5M,images/FBQ-0169_ir.jpg,images/FBQ-0169_rgb.jpg,intensity_contrast,How does the roof compare with the lower patterned area?,Brighter,rewrite,1,1,1,The smooth roof is pale while the patterned foreground below is substantially darker.,The IR supports a large complex but not a specific facility identity.
FBQ-0170,FBQ-0170-CANON-Q1,RS5M,images/FBQ-0170_ir.jpg,images/FBQ-0170_rgb.jpg,scene_category,What type of scene dominates the image?,A circular building complex,rewrite,1,1,1,A massive ring-shaped structure with surrounding annexes and organized exterior areas fills the frame.,
FBQ-0170,FBQ-0170-CANON-Q2,RS5M,images/FBQ-0170_ir.jpg,images/FBQ-0170_rgb.jpg,object_presence,Are dense rows of small objects visible?,Yes,rewrite,1,1,1,Numerous small elongated shapes form tightly organized rows around the central structure.,
FBQ-0170,FBQ-0170-CANON-Q3,RS5M,images/FBQ-0170_ir.jpg,images/FBQ-0170_rgb.jpg,spatial_structure,What lies inside the building ring?,A central courtyard,sol,1,1,1,The concentric building bands fully enclose a distinct open central area.,
FBQ-0170,FBQ-0170-CANON-Q4,RS5M,images/FBQ-0170_ir.jpg,images/FBQ-0170_rgb.jpg,intensity_contrast,How do the roof bands compare with the central opening?,The roof bands are brighter,sol,1,1,1,Pale concentric roof surfaces surround a markedly darker central region.,
FBQ-0171,FBQ-0171-CANON-Q1,RS5M,images/FBQ-0171_ir.jpg,images/FBQ-0171_rgb.jpg,scene_category,What type of site dominates the image?,Building complex,sol,1,1,1,A large continuous building outline occupies most of the IR image.,
FBQ-0171,FBQ-0171-CANON-Q2,RS5M,images/FBQ-0171_ir.jpg,images/FBQ-0171_rgb.jpg,object_presence,Is a central open area present?,Yes,sol,1,1,1,A broad dark rectangular area is visibly enclosed by the structure.,
FBQ-0171,FBQ-0171-CANON-Q3,RS5M,images/FBQ-0171_ir.jpg,images/FBQ-0171_rgb.jpg,spatial_structure,What shape surrounds the central open area?,A U shape,sol,1,1,1,Three connected bright building wings wrap around the dark center.,
FBQ-0171,FBQ-0171-CANON-Q4,RS5M,images/FBQ-0171_ir.jpg,images/FBQ-0171_rgb.jpg,intensity_contrast,How does the central area compare with the roofs?,Darker,rewrite,1,1,1,The central area is dark while the surrounding roof sections are bright.,
FBQ-0172,FBQ-0172-CANON-Q1,RS5M,images/FBQ-0172_ir.jpg,images/FBQ-0172_rgb.jpg,scene_category,What type of area is shown?,Residential area,sol,1,1,1,Multiple small roof-shaped rectangles are arranged along a local road.,
FBQ-0172,FBQ-0172-CANON-Q2,RS5M,images/FBQ-0172_ir.jpg,images/FBQ-0172_rgb.jpg,object_presence,Are multiple small buildings visible?,Yes,sol,1,1,1,A row of distinct bright rectangular roof forms appears in the IR image.,
FBQ-0172,FBQ-0172-CANON-Q3,RS5M,images/FBQ-0172_ir.jpg,images/FBQ-0172_rgb.jpg,spatial_structure,Where are most buildings located?,Along the upper-right road,sol,1,1,1,Most rectangular structures follow the road across the upper-right portion.,
FBQ-0172,FBQ-0172-CANON-Q4,RS5M,images/FBQ-0172_ir.jpg,images/FBQ-0172_rgb.jpg,intensity_contrast,"Which appears brighter, roofs or surrounding ground?",The roofs,sol,1,1,1,The roofs are bright rectangles against predominantly dark terrain.,
FBQ-0173,FBQ-0173-CANON-Q1,RS5M,images/FBQ-0173_ir.jpg,images/FBQ-0173_rgb.jpg,scene_category,What type of scene is shown?,Urban canal,rewrite,1,1,1,A continuous dark channel is enclosed by structural edges on both sides.,
FBQ-0173,FBQ-0173-CANON-Q2,RS5M,images/FBQ-0173_ir.jpg,images/FBQ-0173_rgb.jpg,object_presence,Is a channel visible?,Yes,rewrite,1,1,1,"A wide, smooth, dark channel occupies the center of the image.",
FBQ-0173,FBQ-0173-CANON-Q3,RS5M,images/FBQ-0173_ir.jpg,images/FBQ-0173_rgb.jpg,spatial_structure,What borders the channel?,Building facades,rewrite,1,1,1,Bright walls and structural edges extend along both sides of the channel.,
FBQ-0173,FBQ-0173-CANON-Q4,RS5M,images/FBQ-0173_ir.jpg,images/FBQ-0173_rgb.jpg,intensity_contrast,"Which is darker, the channel or left facade?",The channel,rewrite,1,1,1,The channel is dark while the left facade is substantially brighter.,
FBQ-0174,FBQ-0174-CANON-Q1,RS5M,images/FBQ-0174_ir.jpg,images/FBQ-0174_rgb.jpg,scene_category,What transportation facility is shown?,Highway toll plaza,sol,1,1,1,Many parallel lanes converge beneath a single wide canopy.,
FBQ-0174,FBQ-0174-CANON-Q2,RS5M,images/FBQ-0174_ir.jpg,images/FBQ-0174_rgb.jpg,object_presence,Are vehicles visible in the lanes?,Yes,sol,1,1,1,Several small elongated forms appear within the parallel lanes.,
FBQ-0174,FBQ-0174-CANON-Q3,RS5M,images/FBQ-0174_ir.jpg,images/FBQ-0174_rgb.jpg,spatial_structure,Where are the toll lanes located?,Below the canopy,sol,1,1,1,Repeated lane divisions extend downward from the horizontal canopy.,
FBQ-0174,FBQ-0174-CANON-Q4,RS5M,images/FBQ-0174_ir.jpg,images/FBQ-0174_rgb.jpg,intensity_contrast,How does the canopy compare with the lanes?,Brighter,terra,1,1,1,The canopy forms a broad bright band above the darker lanes.,
FBQ-0175,FBQ-0175-CANON-Q1,RS5M,images/FBQ-0175_ir.jpg,images/FBQ-0175_rgb.jpg,scene_category,What type of site dominates the image?,Large building complex,rewrite,1,1,1,Several large connected block-like structures dominate the central area.,
FBQ-0175,FBQ-0175-CANON-Q2,RS5M,images/FBQ-0175_ir.jpg,images/FBQ-0175_rgb.jpg,object_presence,Is a large rectangular building present?,Yes,sol,1,1,1,A large bright rectangular building occupies the center and right.,
FBQ-0175,FBQ-0175-CANON-Q3,RS5M,images/FBQ-0175_ir.jpg,images/FBQ-0175_rgb.jpg,spatial_structure,Where is the smaller annex located?,In front of the main building,sol,1,1,1,A smaller block overlaps the lower-right front of the main structure.,
FBQ-0175,FBQ-0175-CANON-Q4,RS5M,images/FBQ-0175_ir.jpg,images/FBQ-0175_rgb.jpg,intensity_contrast,"Which is brighter, the buildings or foreground pavement?",The buildings,rewrite,1,1,1,The building surfaces are bright while the foreground pavement is dark.,
FBQ-0176,FBQ-0176-CANON-Q1,RS5M,images/FBQ-0176_ir.jpg,images/FBQ-0176_rgb.jpg,scene_category,What type of setting is shown?,Construction site,sol,1,1,1,Several tall cranes rise behind an extensive unfinished framework.,
FBQ-0176,FBQ-0176-CANON-Q2,RS5M,images/FBQ-0176_ir.jpg,images/FBQ-0176_rgb.jpg,object_presence,Are cranes visible?,Yes,sol,1,1,1,Multiple tall masts with long horizontal booms are clearly outlined.,
FBQ-0176,FBQ-0176-CANON-Q3,RS5M,images/FBQ-0176_ir.jpg,images/FBQ-0176_rgb.jpg,spatial_structure,Where are the cranes relative to the curved foreground structure?,Behind it,rewrite,1,1,1,The curved structure fills the lower foreground while crane masts rise behind it.,
FBQ-0176,FBQ-0176-CANON-Q4,RS5M,images/FBQ-0176_ir.jpg,images/FBQ-0176_rgb.jpg,intensity_contrast,"Which is brighter, the foreground structure or sky?",The foreground structure,rewrite,1,1,1,The foreground surfaces are bright against the dark upper sky.,
FBQ-0177,FBQ-0177-CANON-Q1,RS5M,images/FBQ-0177_ir.jpg,images/FBQ-0177_rgb.jpg,scene_category,What type of scene is shown?,Towered building complex,retry9_sol,1,1,1,A tall central tower-like form rises above connected lower structures.,"The IR image is too blurred for reliable IR-grounded VQA. Retry18 adjudication: Blur prevents scene classification, but the central form and coarse intensity pattern remain defensible. Retry9 adjudication: 粗略建筑轮廓可辨，但不判断具体地标。"
FBQ-0177,FBQ-0177-CANON-Q2,RS5M,images/FBQ-0177_ir.jpg,images/FBQ-0177_rgb.jpg,object_presence,Is a tall vertical structure visible?,Yes,retry18_terra,1,1,1,A narrow vertical form rises prominently near the center.,"The IR image is too blurred for reliable IR-grounded VQA. Retry18 adjudication: Blur prevents scene classification, but the central form and coarse intensity pattern remain defensible. Retry9 adjudication: 粗略建筑轮廓可辨，但不判断具体地标。"
FBQ-0177,FBQ-0177-CANON-Q3,RS5M,images/FBQ-0177_ir.jpg,images/FBQ-0177_rgb.jpg,spatial_structure,Where is the tallest visible structure?,Near the center,retry18_terra,1,1,1,The highest vertical form occupies the central region.,"The IR image is too blurred for reliable IR-grounded VQA. Retry18 adjudication: Blur prevents scene classification, but the central form and coarse intensity pattern remain defensible. Retry9 adjudication: 粗略建筑轮廓可辨，但不判断具体地标。"
FBQ-0177,FBQ-0177-CANON-Q4,RS5M,images/FBQ-0177_ir.jpg,images/FBQ-0177_rgb.jpg,intensity_contrast,How do the lower foreground surfaces compare with the background?,Brighter,retry18_rewrite,1,1,1,Broad surfaces along the lower edges appear lighter than the upper background.,"The IR image is too blurred for reliable IR-grounded VQA. Retry18 adjudication: Blur prevents scene classification, but the central form and coarse intensity pattern remain defensible. Retry9 adjudication: 粗略建筑轮廓可辨，但不判断具体地标。"
FBQ-0178,FBQ-0178-CANON-Q1,RS5M,images/FBQ-0178_ir.jpg,images/FBQ-0178_rgb.jpg,scene_category,What type of scene is shown?,Road map,luna,1,1,1,"Road lines, route markers, and map labels are visible across the terrain.",
FBQ-0178,FBQ-0178-CANON-Q2,RS5M,images/FBQ-0178_ir.jpg,images/FBQ-0178_rgb.jpg,object_presence,Is a winding road visible?,Yes,terra,1,1,1,A thin continuous bright line curves through the central terrain.,
FBQ-0178,FBQ-0178-CANON-Q3,RS5M,images/FBQ-0178_ir.jpg,images/FBQ-0178_rgb.jpg,spatial_structure,Where does the main road pass?,Through the center,rewrite,1,1,1,The highlighted route extends from the upper region through the central image.,
FBQ-0178,FBQ-0178-CANON-Q4,RS5M,images/FBQ-0178_ir.jpg,images/FBQ-0178_rgb.jpg,intensity_contrast,How does the road compare with the terrain?,Brighter,terra,1,1,1,The road appears as a bright narrow line over darker textured terrain.,
FBQ-0179,FBQ-0179-CANON-Q1,RS5M,images/FBQ-0179_ir.jpg,images/FBQ-0179_rgb.jpg,scene_category,What type of place is shown?,Shopping center,sol,1,1,1,A wide storefront faces a large marked parking area.,
FBQ-0179,FBQ-0179-CANON-Q2,RS5M,images/FBQ-0179_ir.jpg,images/FBQ-0179_rgb.jpg,object_presence,Are vehicles present in the parking area?,Yes,sol,1,1,1,Several small elongated forms occupy marked parking spaces.,
FBQ-0179,FBQ-0179-CANON-Q3,RS5M,images/FBQ-0179_ir.jpg,images/FBQ-0179_rgb.jpg,spatial_structure,Where is the storefront relative to the parking lot?,Behind the parking lot,sol,1,1,1,The storefront spans the upper middle beyond the foreground parking rows.,
FBQ-0179,FBQ-0179-CANON-Q4,RS5M,images/FBQ-0179_ir.jpg,images/FBQ-0179_rgb.jpg,intensity_contrast,"Which is brighter, the parking area or storefront?",The parking area,rewrite,1,1,1,The foreground parking surface is bright while the main storefront facade is dark.,
FBQ-0180,FBQ-0180-CANON-Q1,RS5M,images/FBQ-0180_ir.jpg,images/FBQ-0180_rgb.jpg,scene_category,What type of gathering is shown?,Street crowd,terra,1,1,1,A dense mass of human-sized silhouettes fills the street corridor.,
FBQ-0180,FBQ-0180-CANON-Q2,RS5M,images/FBQ-0180_ir.jpg,images/FBQ-0180_rgb.jpg,object_presence,Are many people visible?,Yes,terra,1,1,1,Numerous tightly packed upright figures occupy the central corridor.,
FBQ-0180,FBQ-0180-CANON-Q3,RS5M,images/FBQ-0180_ir.jpg,images/FBQ-0180_rgb.jpg,spatial_structure,Where is the crowd located?,Between large buildings,terra,1,1,1,The crowd occupies a corridor bounded by large structures on both sides.,
FBQ-0180,FBQ-0180-CANON-Q4,RS5M,images/FBQ-0180_ir.jpg,images/FBQ-0180_rgb.jpg,intensity_contrast,How do the people compare with the street?,Brighter,terra,1,1,1,Many individual figures are brighter than the dark street surface.,
FBQ-0181,FBQ-0181-CANON-Q1,RS5M,images/FBQ-0181_ir.jpg,images/FBQ-0181_rgb.jpg,scene_category,What transport setting is shown?,Railway corridor,terra,1,1,1,A long rail-vehicle roof extends through a narrow linear corridor.,
FBQ-0181,FBQ-0181-CANON-Q2,RS5M,images/FBQ-0181_ir.jpg,images/FBQ-0181_rgb.jpg,object_presence,What large vehicle occupies the foreground?,A train,sol,1,1,1,A long continuous vehicle roof with raised fixtures fills the foreground.,
FBQ-0181,FBQ-0181-CANON-Q3,RS5M,images/FBQ-0181_ir.jpg,images/FBQ-0181_rgb.jpg,spatial_structure,What borders the train on both sides?,Dense vegetation,sol,1,1,1,Irregular textured vegetation forms continuous bands beside both roof edges.,
FBQ-0181,FBQ-0181-CANON-Q4,RS5M,images/FBQ-0181_ir.jpg,images/FBQ-0181_rgb.jpg,intensity_contrast,"Which is brighter, the train roof or its surroundings?",The surroundings,sol,1,1,1,The side regions are substantially lighter than the mid-gray roof.,
FBQ-0182,FBQ-0182-CANON-Q1,RS5M,images/FBQ-0182_ir.jpg,images/FBQ-0182_rgb.jpg,scene_category,What broad type of landscape is shown?,A rural landscape,sol,1,1,1,"Large vegetated parcels, sparse buildings, cultivated plots, and a major road are visible.",
FBQ-0182,FBQ-0182-CANON-Q2,RS5M,images/FBQ-0182_ir.jpg,images/FBQ-0182_rgb.jpg,object_presence,What transportation feature crosses the image?,A multi-lane road,sol,1,1,1,A broad straight band with lane divisions and small vehicles crosses the frame.,
FBQ-0182,FBQ-0182-CANON-Q3,RS5M,images/FBQ-0182_ir.jpg,images/FBQ-0182_rgb.jpg,spatial_structure,How is the main road oriented?,Horizontally across the image,sol,1,1,1,The broad roadway extends continuously from the left edge to the right edge.,
FBQ-0182,FBQ-0182-CANON-Q4,RS5M,images/FBQ-0182_ir.jpg,images/FBQ-0182_rgb.jpg,intensity_contrast,"Which is brighter, the road or the wooded area?",The road,rewrite,1,1,1,The road is a light uniform band beside the dark textured tree canopy.,
FBQ-0183,FBQ-0183-CANON-Q1,RS5M,images/FBQ-0183_ir.jpg,images/FBQ-0183_rgb.jpg,scene_category,What type of developed site is shown?,A building complex,rewrite,1,1,1,"Several large buildings, paved lots, internal roads, and surrounding woodland form one complex.",
FBQ-0183,FBQ-0183-CANON-Q2,RS5M,images/FBQ-0183_ir.jpg,images/FBQ-0183_rgb.jpg,object_presence,What large paved area is visible?,A parking lot,terra,1,1,1,A broad rectangular paved area contains repeated vehicle-sized marks arranged in rows.,
FBQ-0183,FBQ-0183-CANON-Q3,RS5M,images/FBQ-0183_ir.jpg,images/FBQ-0183_rgb.jpg,spatial_structure,Where is the long straight road located?,Along the right side,sol,1,1,1,A straight roadway runs vertically near the right edge.,
FBQ-0183,FBQ-0183-CANON-Q4,RS5M,images/FBQ-0183_ir.jpg,images/FBQ-0183_rgb.jpg,intensity_contrast,"Which appears darker, the woodland or the buildings?",The woodland,sol,1,1,1,The woodland forms a dark textured mass beside much lighter building surfaces.,
FBQ-0184,FBQ-0184-CANON-Q1,RS5M,images/FBQ-0184_ir.jpg,images/FBQ-0184_rgb.jpg,scene_category,What transportation facility dominates the scene?,An airport,sol,1,1,1,"Multiple long, wide runway-like strips intersect within a structured transport complex.",
FBQ-0184,FBQ-0184-CANON-Q2,RS5M,images/FBQ-0184_ir.jpg,images/FBQ-0184_rgb.jpg,object_presence,What major feature occupies the upper image?,A body of water,sol,1,1,1,A broad smooth region with a curved shoreline spans the upper portion.,
FBQ-0184,FBQ-0184-CANON-Q3,RS5M,images/FBQ-0184_ir.jpg,images/FBQ-0184_rgb.jpg,spatial_structure,Where are the runways relative to the water?,Below the water,sol,1,1,1,The intersecting linear strips lie on land beneath the curved shoreline.,
FBQ-0184,FBQ-0184-CANON-Q4,RS5M,images/FBQ-0184_ir.jpg,images/FBQ-0184_rgb.jpg,intensity_contrast,"Which region is brighter, the water or developed land?",The water,sol,1,1,1,The smooth upper water region is lighter than the patterned land below.,
FBQ-0185,FBQ-0185-CANON-Q1,RS5M,images/FBQ-0185_ir.jpg,images/FBQ-0185_rgb.jpg,scene_category,What type of settlement is shown?,A residential village,sol,1,1,1,Several detached buildings cluster among vegetation and utility poles.,"The IR image is blurred, but the selected cues remain distinguishable."
FBQ-0185,FBQ-0185-CANON-Q2,RS5M,images/FBQ-0185_ir.jpg,images/FBQ-0185_rgb.jpg,object_presence,What structures are visible in the foreground?,Several houses,sol,1,1,1,Multiple distinct pitched roofs and building walls occupy the lower half.,"The IR image is blurred, but the selected cues remain distinguishable."
FBQ-0185,FBQ-0185-CANON-Q3,RS5M,images/FBQ-0185_ir.jpg,images/FBQ-0185_rgb.jpg,spatial_structure,Where are the hills relative to the houses?,Behind the houses,sol,1,1,1,A broad rolling landform rises in the background above the rooftops.,"The IR image is blurred, but the selected cues remain distinguishable."
FBQ-0185,FBQ-0185-CANON-Q4,RS5M,images/FBQ-0185_ir.jpg,images/FBQ-0185_rgb.jpg,intensity_contrast,"Which is darker, the sky or the roofs?",The sky,sol,1,1,1,The upper sky is nearly black while several roofs are much lighter.,"The IR image is blurred, but the selected cues remain distinguishable."
FBQ-0186,FBQ-0186-CANON-Q1,RS5M,images/FBQ-0186_ir.jpg,images/FBQ-0186_rgb.jpg,scene_category,What type of developed site is shown?,A building complex,rewrite,1,1,1,"A prominent multi-story building, paved approaches, landscaping, and neighboring structures are visible.",
FBQ-0186,FBQ-0186-CANON-Q2,RS5M,images/FBQ-0186_ir.jpg,images/FBQ-0186_rgb.jpg,object_presence,What dominates the center of the image?,A large building,sol,1,1,1,A wide multi-story rectangular structure occupies most of the central frame.,
FBQ-0186,FBQ-0186-CANON-Q3,RS5M,images/FBQ-0186_ir.jpg,images/FBQ-0186_rgb.jpg,spatial_structure,Where is the mountain relative to the building?,Behind the building,sol,1,1,1,A large sloping landform rises directly above the building roofline.,
FBQ-0186,FBQ-0186-CANON-Q4,RS5M,images/FBQ-0186_ir.jpg,images/FBQ-0186_rgb.jpg,intensity_contrast,"Which is brighter, the pavement or the sky?",The pavement,sol,1,1,1,The curved foreground pavement is very light while the upper sky is nearly black.,
FBQ-0187,FBQ-0187-CANON-Q1,RS5M,images/FBQ-0187_ir.jpg,images/FBQ-0187_rgb.jpg,scene_category,What type of landscape is shown?,A snowy wooded landscape,sol,1,1,1,"Light ground, snow-covered terrain forms, and clustered conifer shapes define the scene.",
FBQ-0187,FBQ-0187-CANON-Q2,RS5M,images/FBQ-0187_ir.jpg,images/FBQ-0187_rgb.jpg,object_presence,What type of trees are visible?,Conifer trees,rewrite,1,1,1,Repeated tall triangular trees with branching silhouettes appear throughout the scene.,
FBQ-0187,FBQ-0187-CANON-Q3,RS5M,images/FBQ-0187_ir.jpg,images/FBQ-0187_rgb.jpg,spatial_structure,Where does the narrow stream run?,Along the right side,sol,1,1,1,A dark winding channel extends vertically near the right edge.,
FBQ-0187,FBQ-0187-CANON-Q4,RS5M,images/FBQ-0187_ir.jpg,images/FBQ-0187_rgb.jpg,intensity_contrast,"Which is darker, the stream or surrounding ground?",The stream,sol,1,1,1,The channel is nearly black against the much lighter surrounding surface.,
FBQ-0188,FBQ-0188-CANON-Q1,RS5M,images/FBQ-0188_ir.jpg,images/FBQ-0188_rgb.jpg,scene_category,What type of landscape dominates the image?,Agricultural farmland,sol,1,1,1,Numerous large rectangular parcels and field boundaries cover most of the frame.,
FBQ-0188,FBQ-0188-CANON-Q2,RS5M,images/FBQ-0188_ir.jpg,images/FBQ-0188_rgb.jpg,object_presence,What land features occupy most of the image?,Cultivated fields,sol,1,1,1,Broad rectangular plots with distinct textures and boundaries repeat across the image.,
FBQ-0188,FBQ-0188-CANON-Q3,RS5M,images/FBQ-0188_ir.jpg,images/FBQ-0188_rgb.jpg,spatial_structure,How do the two main roads intersect?,They cross near the center,sol,1,1,1,A near-vertical road meets a horizontal road close to the image center.,
FBQ-0188,FBQ-0188-CANON-Q4,RS5M,images/FBQ-0188_ir.jpg,images/FBQ-0188_rgb.jpg,intensity_contrast,How do adjacent fields differ in intensity?,They alternate between lighter and darker tones,sol,1,1,1,Neighboring rectangular parcels have clearly different uniform gray levels.,
FBQ-0189,FBQ-0189-CANON-Q1,RS5M,images/FBQ-0189_ir.jpg,images/FBQ-0189_rgb.jpg,scene_category,What type of property is shown?,A landscaped estate,rewrite,1,1,1,"A large central building is surrounded by organized paths, trees, and repeated plantings.",
FBQ-0189,FBQ-0189-CANON-Q2,RS5M,images/FBQ-0189_ir.jpg,images/FBQ-0189_rgb.jpg,object_presence,What structure occupies the center?,A large residence,sol,1,1,1,A broad connected building outline with multiple roof sections sits centrally.,
FBQ-0189,FBQ-0189-CANON-Q3,RS5M,images/FBQ-0189_ir.jpg,images/FBQ-0189_rgb.jpg,spatial_structure,What surrounds the central building?,Trees and landscaped grounds,sol,1,1,1,"Textured tree masses, paths, and repeated plantings encircle the building.",
FBQ-0189,FBQ-0189-CANON-Q4,RS5M,images/FBQ-0189_ir.jpg,images/FBQ-0189_rgb.jpg,intensity_contrast,"Which is brighter, the forecourt or dense vegetation?",The forecourt,sol,1,1,1,The open area before the building is light while surrounding vegetation is darker.,
FBQ-0190,FBQ-0190-CANON-Q1,RS5M,images/FBQ-0190_ir.jpg,images/FBQ-0190_rgb.jpg,scene_category,What broad type of site is shown?,Outdoor sports area,rewrite_backfill,1,1,1,A large bounded surface and a continuous curved track-like band dominate the frame.,The heavily blurred IR view does not safely establish a scene category.
FBQ-0190,FBQ-0190-CANON-Q2,RS5M,images/FBQ-0190_ir.jpg,images/FBQ-0190_rgb.jpg,object_presence,How many dark rectangles appear near the top?,Two,rewrite,1,1,1,Two isolated dark rectangular shapes are visible in the light upper region.,The heavily blurred IR view does not safely establish a scene category.
FBQ-0190,FBQ-0190-CANON-Q3,RS5M,images/FBQ-0190_ir.jpg,images/FBQ-0190_rgb.jpg,spatial_structure,Where is the broad dark region located?,Below the light region,sol,1,1,1,The broad dark curved region occupies the middle and lower image beneath a light area.,The heavily blurred IR view does not safely establish a scene category.
FBQ-0190,FBQ-0190-CANON-Q4,RS5M,images/FBQ-0190_ir.jpg,images/FBQ-0190_rgb.jpg,intensity_contrast,"Which is darker, the upper or lower main region?",The lower main region,sol,1,1,1,A clear boundary separates the light upper area from the dark lower area.,The heavily blurred IR view does not safely establish a scene category.
FBQ-0191,FBQ-0191-CANON-Q1,RS5M,images/FBQ-0191_ir.jpg,images/FBQ-0191_rgb.jpg,scene_category,What type of sports complex is shown?,Basketball court complex,sol,1,1,1,"Several rectangular courts show repeated center circles, keys, and boundary markings.",
FBQ-0191,FBQ-0191-CANON-Q2,RS5M,images/FBQ-0191_ir.jpg,images/FBQ-0191_rgb.jpg,object_presence,Is a road visible beside the courts?,Yes,sol,1,1,1,A broad straight corridor with a small vehicle-shaped object borders the upper-right edge.,
FBQ-0191,FBQ-0191-CANON-Q3,RS5M,images/FBQ-0191_ir.jpg,images/FBQ-0191_rgb.jpg,spatial_structure,Where is the road relative to the courts?,Along the upper-right edge,sol,1,1,1,The straight corridor runs beside the upper-right boundary of the court cluster.,
FBQ-0191,FBQ-0191-CANON-Q4,RS5M,images/FBQ-0191_ir.jpg,images/FBQ-0191_rgb.jpg,intensity_contrast,"Which appears brighter, the paths or court interiors?",The paths,sol,1,1,1,"The surrounding paths are pale, while most court interiors are darker gray.",
FBQ-0192,FBQ-0192-CANON-Q1,RS5M,images/FBQ-0192_ir.jpg,images/FBQ-0192_rgb.jpg,scene_category,What type of sports facility is visible?,Tennis court complex,sol,1,1,1,Four rectangles contain the characteristic center and service-box line geometry of tennis courts.,
FBQ-0192,FBQ-0192-CANON-Q2,RS5M,images/FBQ-0192_ir.jpg,images/FBQ-0192_rgb.jpg,object_presence,How many courts are visible?,Four,sol,1,1,1,Four distinct outlined playing rectangles are visible in the IR image.,
FBQ-0192,FBQ-0192-CANON-Q3,RS5M,images/FBQ-0192_ir.jpg,images/FBQ-0192_rgb.jpg,spatial_structure,How are the four courts arranged?,In a two-by-two grid,sol,1,1,1,Two court rectangles occupy each of two rows.,
FBQ-0192,FBQ-0192-CANON-Q4,RS5M,images/FBQ-0192_ir.jpg,images/FBQ-0192_rgb.jpg,intensity_contrast,Are the court interiors brighter or darker than the surrounding area?,Brighter,rewrite,1,1,1,The four court interiors are nearly white against the dark surrounding enclosure.,
FBQ-0193,FBQ-0193-CANON-Q1,RS5M,images/FBQ-0193_ir.jpg,images/FBQ-0193_rgb.jpg,scene_category,What general type of scene is shown?,Outdoor sports field,rewrite,1,1,1,A large enclosed playing area has a curved interior region and perimeter boundary.,"Baseball-specific identity is not sufficiently clear in IR, so the category is generalized."
FBQ-0193,FBQ-0193-CANON-Q2,RS5M,images/FBQ-0193_ir.jpg,images/FBQ-0193_rgb.jpg,object_presence,Is a curved perimeter boundary visible?,Yes,rewrite,1,1,1,A thin dark arc follows the left and lower edges of the field.,"Baseball-specific identity is not sufficiently clear in IR, so the category is generalized."
FBQ-0193,FBQ-0193-CANON-Q3,RS5M,images/FBQ-0193_ir.jpg,images/FBQ-0193_rgb.jpg,spatial_structure,Where is the rounded interior region?,In the upper-right portion,rewrite,1,1,1,The rounded darker region lies above and right of the field center.,"Baseball-specific identity is not sufficiently clear in IR, so the category is generalized."
FBQ-0193,FBQ-0193-CANON-Q4,RS5M,images/FBQ-0193_ir.jpg,images/FBQ-0193_rgb.jpg,intensity_contrast,"Which is darker, the rounded region or outer field?",The rounded region,rewrite,1,1,1,The rounded interior region has lower grayscale intensity than the surrounding field.,"Baseball-specific identity is not sufficiently clear in IR, so the category is generalized."
FBQ-0194,FBQ-0194-CANON-Q1,RS5M,images/FBQ-0194_ir.jpg,images/FBQ-0194_rgb.jpg,scene_category,What general type of scene is visible?,Enclosed outdoor field,rewrite,1,1,1,A broad open region is enclosed by a continuous curved boundary.,The IR crop does not safely support a baseball-specific category.
FBQ-0194,FBQ-0194-CANON-Q2,RS5M,images/FBQ-0194_ir.jpg,images/FBQ-0194_rgb.jpg,object_presence,Is a curved field boundary visible?,Yes,sol,1,1,1,A continuous pale curved outline borders the large dark field region.,The IR crop does not safely support a baseball-specific category.
FBQ-0194,FBQ-0194-CANON-Q3,RS5M,images/FBQ-0194_ir.jpg,images/FBQ-0194_rgb.jpg,spatial_structure,Where is the darkest interior patch?,Near the lower center,rewrite,1,1,1,The darkest compact patch lies inside the field near its lower-central portion.,The IR crop does not safely support a baseball-specific category.
FBQ-0194,FBQ-0194-CANON-Q4,RS5M,images/FBQ-0194_ir.jpg,images/FBQ-0194_rgb.jpg,intensity_contrast,Which region has the lowest grayscale intensity?,The interior patch,rewrite,1,1,1,The compact interior patch is darker than the surrounding field and pale boundary.,The IR crop does not safely support a baseball-specific category.
FBQ-0195,FBQ-0195-CANON-Q1,RS5M,images/FBQ-0195_ir.jpg,images/FBQ-0195_rgb.jpg,scene_category,What general type of scene is shown?,Outdoor sports field,sol,1,1,1,A large bounded open playing area with curved markings is visible.,Baseball-specific markings are too faint in IR for a narrower category.
FBQ-0195,FBQ-0195-CANON-Q2,RS5M,images/FBQ-0195_ir.jpg,images/FBQ-0195_rgb.jpg,object_presence,Are vegetation clusters visible around the field?,Yes,sol,1,1,1,Multiple irregular crown-like patches appear along the upper and right margins.,Baseball-specific markings are too faint in IR for a narrower category.
FBQ-0195,FBQ-0195-CANON-Q3,RS5M,images/FBQ-0195_ir.jpg,images/FBQ-0195_rgb.jpg,spatial_structure,Where is the largest open area located?,In the center,sol,1,1,1,"The broad, largely uniform field occupies the central portion of the image.",Baseball-specific markings are too faint in IR for a narrower category.
FBQ-0195,FBQ-0195-CANON-Q4,RS5M,images/FBQ-0195_ir.jpg,images/FBQ-0195_rgb.jpg,intensity_contrast,"Which appears darker, the field or surrounding vegetation?",The surrounding vegetation,sol,1,1,1,Vegetation patches are dark gray to black against the pale field.,Baseball-specific markings are too faint in IR for a narrower category.
FBQ-0196,FBQ-0196-CANON-Q1,RS5M,images/FBQ-0196_ir.jpg,images/FBQ-0196_rgb.jpg,scene_category,What is the central sports facility?,Baseball field,sol,1,1,1,"A diamond, circular mound area, curved infield, and fan-shaped outfield are visible.",
FBQ-0196,FBQ-0196-CANON-Q2,RS5M,images/FBQ-0196_ir.jpg,images/FBQ-0196_rgb.jpg,object_presence,Are tennis courts also visible?,Yes,sol,1,1,1,Repeated rectangles with tennis-court line geometry appear along the bottom edge.,
FBQ-0196,FBQ-0196-CANON-Q3,RS5M,images/FBQ-0196_ir.jpg,images/FBQ-0196_rgb.jpg,spatial_structure,Where are the tennis courts relative to the baseball field?,Below the baseball field,sol,1,1,1,The row of rectangular courts lies directly beneath the fan-shaped field.,
FBQ-0196,FBQ-0196-CANON-Q4,RS5M,images/FBQ-0196_ir.jpg,images/FBQ-0196_rgb.jpg,intensity_contrast,"Which is brighter, the infield or outfield?",The infield,sol,1,1,1,"The curved infield is pale gray, while the surrounding outfield is substantially darker.",
FBQ-0197,FBQ-0197-CANON-Q1,RS5M,images/FBQ-0197_ir.jpg,images/FBQ-0197_rgb.jpg,scene_category,What type of field is visible?,Baseball field,sol,1,1,1,A rounded infield within a sweeping outfield boundary forms recognizable baseball-field geometry.,
FBQ-0197,FBQ-0197-CANON-Q2,RS5M,images/FBQ-0197_ir.jpg,images/FBQ-0197_rgb.jpg,object_presence,Is a perimeter boundary visible?,Yes,sol,1,1,1,"Thin linear edges enclose the field along its upper, right, and lower sides.",
FBQ-0197,FBQ-0197-CANON-Q3,RS5M,images/FBQ-0197_ir.jpg,images/FBQ-0197_rgb.jpg,spatial_structure,Where is the infield located?,In the upper-left area,sol,1,1,1,The large rounded pale region lies above and left of the field center.,
FBQ-0197,FBQ-0197-CANON-Q4,RS5M,images/FBQ-0197_ir.jpg,images/FBQ-0197_rgb.jpg,intensity_contrast,"Which is brighter, the infield or outfield?",The infield,sol,1,1,1,The infield is light gray and contrasts sharply with the dark surrounding outfield.,
FBQ-0198,FBQ-0198-CANON-Q1,RS5M,images/FBQ-0198_ir.jpg,images/FBQ-0198_rgb.jpg,scene_category,What general type of scene is visible?,Outdoor sports field,rewrite,1,1,1,A broad curved field contains a compact geometric interior area despite image blur.,The blurred IR supports only a general sports-field category.
FBQ-0198,FBQ-0198-CANON-Q2,RS5M,images/FBQ-0198_ir.jpg,images/FBQ-0198_rgb.jpg,object_presence,Is a small diamond-shaped area visible?,Yes,sol,1,1,1,An angular diamond-like patch with a compact central spot appears in the left half.,The blurred IR supports only a general sports-field category.
FBQ-0198,FBQ-0198-CANON-Q3,RS5M,images/FBQ-0198_ir.jpg,images/FBQ-0198_rgb.jpg,spatial_structure,Where is the diamond-shaped area relative to the broad field?,To the left,rewrite,1,1,1,The compact angular feature lies left of the large smooth field region.,The blurred IR supports only a general sports-field category.
FBQ-0198,FBQ-0198-CANON-Q4,RS5M,images/FBQ-0198_ir.jpg,images/FBQ-0198_rgb.jpg,intensity_contrast,Which side of the field appears brighter?,The right side,sol,1,1,1,The broad right-hand region has higher grayscale intensity than the darker left-side area.,The blurred IR supports only a general sports-field category.
FBQ-0199,FBQ-0199-CANON-Q1,RS5M,images/FBQ-0199_ir.jpg,images/FBQ-0199_rgb.jpg,scene_category,What general type of landscape is shown?,Agricultural field,sol,1,1,1,Regular repeated rows and long cultivated-looking strips form an organized field pattern.,The exact number and purpose of the long strips are not used.
FBQ-0199,FBQ-0199-CANON-Q2,RS5M,images/FBQ-0199_ir.jpg,images/FBQ-0199_rgb.jpg,object_presence,Are long parallel strips visible?,Yes,sol,1,1,1,Several elongated horizontal bands run side by side across the middle-lower region.,The exact number and purpose of the long strips are not used.
FBQ-0199,FBQ-0199-CANON-Q3,RS5M,images/FBQ-0199_ir.jpg,images/FBQ-0199_rgb.jpg,spatial_structure,Where are the regularly spaced spots located?,In the upper region,sol,1,1,1,Numerous small bright spots form repeated rows across the dark upper area.,The exact number and purpose of the long strips are not used.
FBQ-0199,FBQ-0199-CANON-Q4,RS5M,images/FBQ-0199_ir.jpg,images/FBQ-0199_rgb.jpg,intensity_contrast,"Which is brighter, the upper or lower field region?",The lower region,sol,1,1,1,"The lower field is pale gray to white, whereas the patterned upper region is dark.",The exact number and purpose of the long strips are not used.
FBQ-0200,FBQ-0200-CANON-Q1,RS5M,images/FBQ-0200_ir.jpg,images/FBQ-0200_rgb.jpg,scene_category,What general type of site is shown?,Built facility,rewrite,1,1,1,Multiple large rectilinear structures and organized elongated bands occupy the scene.,The precise facility function and band identity are not inferable from IR.
FBQ-0200,FBQ-0200-CANON-Q2,RS5M,images/FBQ-0200_ir.jpg,images/FBQ-0200_rgb.jpg,object_presence,Are repeated parallel bands visible?,Yes,rewrite,1,1,1,Multiple long dark bands run side by side through the central portion.,The precise facility function and band identity are not inferable from IR.
FBQ-0200,FBQ-0200-CANON-Q3,RS5M,images/FBQ-0200_ir.jpg,images/FBQ-0200_rgb.jpg,spatial_structure,Where are the dark bands relative to the pale blocks?,Below the pale blocks,rewrite,1,1,1,The repeated dark bands occupy the lower-central area beneath pale rectangular forms.,The precise facility function and band identity are not inferable from IR.
FBQ-0200,FBQ-0200-CANON-Q4,RS5M,images/FBQ-0200_ir.jpg,images/FBQ-0200_rgb.jpg,intensity_contrast,Which features form the darkest repeated pattern?,The long parallel bands,rewrite,1,1,1,The elongated bands have the lowest intensity and repeat across the center.,The precise facility function and band identity are not inferable from IR.
FBQ-0201,FBQ-0201-CANON-Q1,RSICD,images/FBQ-0201_ir.jpg,images/FBQ-0201_rgb.jpg,scene_category,What type of facility dominates the scene?,An airport,sol,1,1,1,"Aircraft outlines, terminal projections, and broad paved lanes are visible.",
FBQ-0201,FBQ-0201-CANON-Q2,RSICD,images/FBQ-0201_ir.jpg,images/FBQ-0201_rgb.jpg,object_presence,Are multiple aircraft visible near the terminal?,Yes,sol,1,1,1,Several fuselage-and-wing outlines appear beside the upper-right structure.,
FBQ-0201,FBQ-0201-CANON-Q3,RSICD,images/FBQ-0201_ir.jpg,images/FBQ-0201_rgb.jpg,spatial_structure,Where are the terminal structures located?,Upper right,sol,1,1,1,The largest connected angular structure occupies the upper-right region.,
FBQ-0201,FBQ-0201-CANON-Q4,RSICD,images/FBQ-0201_ir.jpg,images/FBQ-0201_rgb.jpg,intensity_contrast,Are the traffic islands lighter than the surrounding pavement?,Yes,sol,1,1,1,The enclosed island interiors are lighter than the adjacent pavement.,
FBQ-0202,FBQ-0202-CANON-Q1,RSICD,images/FBQ-0202_ir.jpg,images/FBQ-0202_rgb.jpg,scene_category,What type of landscape is shown?,A cleared excavation area,rewrite,1,1,1,Exposed stepped terrain and winding tracks are visible across the cleared region.,
FBQ-0202,FBQ-0202-CANON-Q2,RSICD,images/FBQ-0202_ir.jpg,images/FBQ-0202_rgb.jpg,object_presence,Are winding tracks visible?,Yes,rewrite,1,1,1,Multiple thin curved paths cross the central and lower regions.,
FBQ-0202,FBQ-0202-CANON-Q3,RSICD,images/FBQ-0202_ir.jpg,images/FBQ-0202_rgb.jpg,spatial_structure,Where is the densely textured terrain located?,Upper left,sol,1,1,1,Dense mottled texture occupies most of the upper-left portion.,
FBQ-0202,FBQ-0202-CANON-Q4,RSICD,images/FBQ-0202_ir.jpg,images/FBQ-0202_rgb.jpg,intensity_contrast,"Which region is brighter, cleared or densely textured terrain?",The cleared terrain,rewrite,1,1,1,The lower-right cleared region is lighter than the upper-left textured region.,
FBQ-0203,FBQ-0203-CANON-Q1,RSICD,images/FBQ-0203_ir.jpg,images/FBQ-0203_rgb.jpg,scene_category,What broad terrain type fills the image?,Open ground,rewrite_backfill,1,1,1,A nearly uniform ground-like surface occupies most of the frame without major structures.,Severe blur prevents reliable scene classification.
FBQ-0203,FBQ-0203-CANON-Q2,RSICD,images/FBQ-0203_ir.jpg,images/FBQ-0203_rgb.jpg,object_presence,Is a distinct dark patch visible?,Yes,rewrite,1,1,1,A broad blurred dark patch enters from the left edge.,Severe blur prevents reliable scene classification.
FBQ-0203,FBQ-0203-CANON-Q3,RSICD,images/FBQ-0203_ir.jpg,images/FBQ-0203_rgb.jpg,spatial_structure,Where is the largest dark patch located?,Lower left,rewrite,1,1,1,The darkest broad feature occupies the lower-left portion.,Severe blur prevents reliable scene classification.
FBQ-0203,FBQ-0203-CANON-Q4,RSICD,images/FBQ-0203_ir.jpg,images/FBQ-0203_rgb.jpg,intensity_contrast,Where is the darkest patch located?,Lower left,sol,1,1,1,A broad dark blurred patch contrasts with the uniform background.,Severe blur prevents reliable scene classification.
FBQ-0204,FBQ-0204-CANON-Q1,RSICD,images/FBQ-0204_ir.jpg,images/FBQ-0204_rgb.jpg,scene_category,What recreational area is shown?,A baseball field,terra,1,1,1,A curved infield-like boundary is visible within the open field.,
FBQ-0204,FBQ-0204-CANON-Q2,RSICD,images/FBQ-0204_ir.jpg,images/FBQ-0204_rgb.jpg,object_presence,Are trees visible around the field?,Yes,terra,1,1,1,Repeated rounded dark crowns border the open area.,
FBQ-0204,FBQ-0204-CANON-Q3,RSICD,images/FBQ-0204_ir.jpg,images/FBQ-0204_rgb.jpg,spatial_structure,Where is the infield located?,Near the upper center,terra,1,1,1,A faint rounded infield outline appears near the upper-center area.,
FBQ-0204,FBQ-0204-CANON-Q4,RSICD,images/FBQ-0204_ir.jpg,images/FBQ-0204_rgb.jpg,intensity_contrast,How do the tree clusters compare with the field?,Darker,terra,1,1,1,Tree crowns form dark groups against the lighter open field.,
FBQ-0205,FBQ-0205-CANON-Q1,RSICD,images/FBQ-0205_ir.jpg,images/FBQ-0205_rgb.jpg,scene_category,What type of landscape is shown?,A shoreline,terra,1,1,1,A continuous diagonal boundary separates dark water from lighter land.,
FBQ-0205,FBQ-0205-CANON-Q2,RSICD,images/FBQ-0205_ir.jpg,images/FBQ-0205_rgb.jpg,object_presence,Is a beach visible?,Yes,terra,1,1,1,A wide smooth strip follows the water boundary.,
FBQ-0205,FBQ-0205-CANON-Q3,RSICD,images/FBQ-0205_ir.jpg,images/FBQ-0205_rgb.jpg,spatial_structure,Where is the beach relative to the water?,Along its lower right,terra,1,1,1,The shore strip lies along the lower-right edge of the dark water.,
FBQ-0205,FBQ-0205-CANON-Q4,RSICD,images/FBQ-0205_ir.jpg,images/FBQ-0205_rgb.jpg,intensity_contrast,Which broad region is darkest?,The water,terra,1,1,1,The large region above the shoreline is darker than the beach.,
FBQ-0206,FBQ-0206-CANON-Q1,RSICD,images/FBQ-0206_ir.jpg,images/FBQ-0206_rgb.jpg,scene_category,What type of scene is shown?,Beach shoreline,luna,1,1,1,"Parallel inland, shore, and water-edge bands span the image.",
FBQ-0206,FBQ-0206-CANON-Q2,RSICD,images/FBQ-0206_ir.jpg,images/FBQ-0206_rgb.jpg,object_presence,Is a textured surf band visible?,Yes,rewrite,1,1,1,An irregular textured band is visible along the right side.,
FBQ-0206,FBQ-0206-CANON-Q3,RSICD,images/FBQ-0206_ir.jpg,images/FBQ-0206_rgb.jpg,spatial_structure,What lies between the inland strip and surf?,A broad smooth shore band,rewrite,1,1,1,A wide smooth central band separates the left strip from right-side surf.,
FBQ-0206,FBQ-0206-CANON-Q4,RSICD,images/FBQ-0206_ir.jpg,images/FBQ-0206_rgb.jpg,intensity_contrast,Where are the brightest narrow bands?,Along the waterline,rewrite,1,1,1,Bright narrow marks follow the boundary beside the textured water region.,
FBQ-0207,FBQ-0207-CANON-Q1,RSICD,images/FBQ-0207_ir.jpg,images/FBQ-0207_rgb.jpg,scene_category,What type of scene is shown?,A coastal shoreline,terra,1,1,1,A curved boundary separates bright land from broad dark water.,
FBQ-0207,FBQ-0207-CANON-Q2,RSICD,images/FBQ-0207_ir.jpg,images/FBQ-0207_rgb.jpg,object_presence,Are repeated small spots visible in the water?,Yes,luna,1,1,1,Many small bright marks appear just offshore near the boundary.,
FBQ-0207,FBQ-0207-CANON-Q3,RSICD,images/FBQ-0207_ir.jpg,images/FBQ-0207_rgb.jpg,spatial_structure,Where is the beach relative to the water?,To the left,terra,1,1,1,The bright land strip follows the left edge of the dark water.,
FBQ-0207,FBQ-0207-CANON-Q4,RSICD,images/FBQ-0207_ir.jpg,images/FBQ-0207_rgb.jpg,intensity_contrast,How does the water compare with the beach?,Darker,terra,1,1,1,The water is dark while the adjacent beach is bright.,
FBQ-0208,FBQ-0208-CANON-Q1,RSICD,images/FBQ-0208_ir.jpg,images/FBQ-0208_rgb.jpg,scene_category,What structure crosses the water?,A divided bridge,terra,1,1,1,Two parallel roadway decks span the surrounding dark water.,
FBQ-0208,FBQ-0208-CANON-Q2,RSICD,images/FBQ-0208_ir.jpg,images/FBQ-0208_rgb.jpg,object_presence,Are several small objects visible on the bridge decks?,Yes,rewrite,1,1,1,Several separated compact marks appear within the roadway strips.,
FBQ-0208,FBQ-0208-CANON-Q3,RSICD,images/FBQ-0208_ir.jpg,images/FBQ-0208_rgb.jpg,spatial_structure,How are the two bridge decks arranged?,Parallel to each other,sol,1,1,1,The two long decks maintain nearly constant separation.,
FBQ-0208,FBQ-0208-CANON-Q4,RSICD,images/FBQ-0208_ir.jpg,images/FBQ-0208_rgb.jpg,intensity_contrast,Are the deck edges brighter than the lane interiors?,Yes,sol,1,1,1,Narrow bright borders flank the darker interiors of both decks.,
FBQ-0209,FBQ-0209-CANON-Q1,RSICD,images/FBQ-0209_ir.jpg,images/FBQ-0209_rgb.jpg,scene_category,What structure is shown?,A bridge over water,terra,1,1,1,A long narrow deck spans a large dark water region.,
FBQ-0209,FBQ-0209-CANON-Q2,RSICD,images/FBQ-0209_ir.jpg,images/FBQ-0209_rgb.jpg,object_presence,Are lane markings visible?,Yes,terra,1,1,1,Repeated longitudinal divisions are visible along the deck.,
FBQ-0209,FBQ-0209-CANON-Q3,RSICD,images/FBQ-0209_ir.jpg,images/FBQ-0209_rgb.jpg,spatial_structure,Where is the water relative to the bridge?,On both sides,terra,1,1,1,Broad dark regions flank the bridge along its length.,
FBQ-0209,FBQ-0209-CANON-Q4,RSICD,images/FBQ-0209_ir.jpg,images/FBQ-0209_rgb.jpg,intensity_contrast,How does the bridge compare with the water?,Brighter,terra,1,1,1,The deck is bright while the surrounding water is dark.,
FBQ-0210,FBQ-0210-CANON-Q1,RSICD,images/FBQ-0210_ir.jpg,images/FBQ-0210_rgb.jpg,scene_category,What type of facility dominates the scene?,A stadium,rewrite,1,1,1,A large symmetric enclosure with tier-like sides dominates the image.,
FBQ-0210,FBQ-0210-CANON-Q2,RSICD,images/FBQ-0210_ir.jpg,images/FBQ-0210_rgb.jpg,object_presence,Is a central enclosed area visible?,Yes,rewrite,1,1,1,A large polygonal region is enclosed by the surrounding stadium structure.,
FBQ-0210,FBQ-0210-CANON-Q3,RSICD,images/FBQ-0210_ir.jpg,images/FBQ-0210_rgb.jpg,spatial_structure,Where is the stadium located?,In the center,sol,1,1,1,The enclosed complex occupies the central majority of the frame.,
FBQ-0210,FBQ-0210-CANON-Q4,RSICD,images/FBQ-0210_ir.jpg,images/FBQ-0210_rgb.jpg,intensity_contrast,Are the enclosing bands brighter than the central area?,Yes,rewrite,1,1,1,Bright structural bands surround a darker central polygonal region.,
FBQ-0211,FBQ-0211-CANON-Q1,RSICD,images/FBQ-0211_ir.jpg,images/FBQ-0211_rgb.jpg,scene_category,What type of built scene dominates the image?,Large oval building complex,rewrite,1,1,1,A dominant oval structure surrounded by paved corridors fills the IR frame.,
FBQ-0211,FBQ-0211-CANON-Q2,RSICD,images/FBQ-0211_ir.jpg,images/FBQ-0211_rgb.jpg,object_presence,What large structure occupies the center?,Oval-roofed building,sol,1,1,1,A large oval outline with a gridded central roof is clearly visible.,
FBQ-0211,FBQ-0211-CANON-Q3,RSICD,images/FBQ-0211_ir.jpg,images/FBQ-0211_rgb.jpg,spatial_structure,What surrounds the oval building?,Curved roads and paved areas,rewrite,1,1,1,Curving linear corridors and broad paved zones encircle the oval structure.,
FBQ-0211,FBQ-0211-CANON-Q4,RSICD,images/FBQ-0211_ir.jpg,images/FBQ-0211_rgb.jpg,intensity_contrast,"Which is darker, the central roof grid or roof rim?",The central roof grid,sol,1,1,1,The gridded center has lower grayscale intensity than the bright oval rim.,
FBQ-0212,FBQ-0212-CANON-Q1,RSICD,images/FBQ-0212_ir.jpg,images/FBQ-0212_rgb.jpg,scene_category,What type of built scene is shown?,Large building complex,rewrite,1,1,1,Large geometric roof outlines and surrounding paved corridors occupy the IR image.,
FBQ-0212,FBQ-0212-CANON-Q2,RSICD,images/FBQ-0212_ir.jpg,images/FBQ-0212_rgb.jpg,object_presence,Is a circular structure visible?,Yes,terra,1,1,1,A sharply bounded circular form appears near the center-right.,
FBQ-0212,FBQ-0212-CANON-Q3,RSICD,images/FBQ-0212_ir.jpg,images/FBQ-0212_rgb.jpg,spatial_structure,Where is the circular structure relative to the rectangle?,Lower right,terra,1,1,1,The circular form sits below and right of the large rectangular roof.,
FBQ-0212,FBQ-0212-CANON-Q4,RSICD,images/FBQ-0212_ir.jpg,images/FBQ-0212_rgb.jpg,intensity_contrast,How does the circular rim compare with its interior?,Brighter,terra,1,1,1,The circular boundary is lighter than the smooth inner disk.,
FBQ-0213,FBQ-0213-CANON-Q1,RSICD,images/FBQ-0213_ir.jpg,images/FBQ-0213_rgb.jpg,scene_category,What type of scene is shown?,Large connected building complex,rewrite,1,1,1,Connected rectangular roof masses occupy most of the IR frame.,Specific architectural identity was avoided because it is not secure from IR alone.
FBQ-0213,FBQ-0213-CANON-Q2,RSICD,images/FBQ-0213_ir.jpg,images/FBQ-0213_rgb.jpg,object_presence,Is a rectangular courtyard visible?,Yes,terra,1,1,1,A large enclosed rectangular area with an open center appears near the top.,Specific architectural identity was avoided because it is not secure from IR alone.
FBQ-0213,FBQ-0213-CANON-Q3,RSICD,images/FBQ-0213_ir.jpg,images/FBQ-0213_rgb.jpg,spatial_structure,Where is the courtyard relative to the elongated building?,Above it,rewrite,1,1,1,The enclosed rectangle directly adjoins the upper side of the elongated roof mass.,Specific architectural identity was avoided because it is not secure from IR alone.
FBQ-0213,FBQ-0213-CANON-Q4,RSICD,images/FBQ-0213_ir.jpg,images/FBQ-0213_rgb.jpg,intensity_contrast,"Which is darker, the courtyard center or its border?",The courtyard center,rewrite,1,1,1,The enclosed center has lower intensity than its surrounding angular border.,Specific architectural identity was avoided because it is not secure from IR alone.
FBQ-0214,FBQ-0214-CANON-Q1,RSICD,images/FBQ-0214_ir.jpg,images/FBQ-0214_rgb.jpg,scene_category,What type of setting surrounds the main building?,Dense urban block,sol,1,1,1,Closely packed structures border the dominant roof complex and a linear corridor.,
FBQ-0214,FBQ-0214-CANON-Q2,RSICD,images/FBQ-0214_ir.jpg,images/FBQ-0214_rgb.jpg,object_presence,What roof feature is prominent on the main building?,Intersecting pitched roofs,sol,1,1,1,Several triangular roof planes meet along distinct linear ridges.,
FBQ-0214,FBQ-0214-CANON-Q3,RSICD,images/FBQ-0214_ir.jpg,images/FBQ-0214_rgb.jpg,spatial_structure,Where is the broad road relative to the main building?,To the right,rewrite,1,1,1,A wide continuous corridor runs vertically beside the building's right side.,
FBQ-0214,FBQ-0214-CANON-Q4,RSICD,images/FBQ-0214_ir.jpg,images/FBQ-0214_rgb.jpg,intensity_contrast,"Which is brighter, the right-side road or main roofs?",The right-side road,rewrite,1,1,1,The right-side corridor has higher grayscale intensity than most central roof planes.,
FBQ-0215,FBQ-0215-CANON-Q1,RSICD,images/FBQ-0215_ir.jpg,images/FBQ-0215_rgb.jpg,scene_category,What type of scene is shown?,Building beside open ground,rewrite,1,1,1,A large isolated roofed structure borders a broad textured open area.,The building's specific function is not established by the IR image.
FBQ-0215,FBQ-0215-CANON-Q2,RSICD,images/FBQ-0215_ir.jpg,images/FBQ-0215_rgb.jpg,object_presence,What large feature occupies the lower center?,Long pitched-roof building,rewrite,1,1,1,An elongated roof with angular perimeter edges spans the lower center.,The building's specific function is not established by the IR image.
FBQ-0215,FBQ-0215-CANON-Q3,RSICD,images/FBQ-0215_ir.jpg,images/FBQ-0215_rgb.jpg,spatial_structure,Where is the straight road relative to the main building?,To the right,sol,1,1,1,A broad straight corridor runs vertically beside the building's right edge.,The building's specific function is not established by the IR image.
FBQ-0215,FBQ-0215-CANON-Q4,RSICD,images/FBQ-0215_ir.jpg,images/FBQ-0215_rgb.jpg,intensity_contrast,"Which is darker, the main roof or adjacent open ground?",The main roof,sol,1,1,1,The elongated roof has lower grayscale intensity than the ground to its left.,The building's specific function is not established by the IR image.
FBQ-0216,FBQ-0216-CANON-Q1,RSICD,images/FBQ-0216_ir.jpg,images/FBQ-0216_rgb.jpg,scene_category,What broad scene category is visible?,Blurred built-up area,rewrite,1,1,1,Numerous block-like regions and connecting linear corridors remain visible despite blur.,Only coarse structures are retained because the IR image is strongly blurred.
FBQ-0216,FBQ-0216-CANON-Q2,RSICD,images/FBQ-0216_ir.jpg,images/FBQ-0216_rgb.jpg,object_presence,Is a broad diagonal corridor visible?,Yes,rewrite,1,1,1,A continuous oblique band passes through the central IR region.,Only coarse structures are retained because the IR image is strongly blurred.
FBQ-0216,FBQ-0216-CANON-Q3,RSICD,images/FBQ-0216_ir.jpg,images/FBQ-0216_rgb.jpg,spatial_structure,How does the broad corridor cross the image?,Diagonally through the center,rewrite,1,1,1,The corridor extends obliquely from the upper portion toward the lower portion.,Only coarse structures are retained because the IR image is strongly blurred.
FBQ-0216,FBQ-0216-CANON-Q4,RSICD,images/FBQ-0216_ir.jpg,images/FBQ-0216_rgb.jpg,intensity_contrast,Do dark block-like regions contrast with brighter surroundings?,Yes,rewrite,1,1,1,Several low-intensity rectangular patches are bounded by substantially lighter areas.,Only coarse structures are retained because the IR image is strongly blurred.
FBQ-0217,FBQ-0217-CANON-Q1,RSICD,images/FBQ-0217_ir.jpg,images/FBQ-0217_rgb.jpg,scene_category,What type of neighborhood is shown?,Residential neighborhood,sol,1,1,1,Repeated small building-like rectangles occupy regular plots along linear corridors.,
FBQ-0217,FBQ-0217-CANON-Q2,RSICD,images/FBQ-0217_ir.jpg,images/FBQ-0217_rgb.jpg,object_presence,Are repeated rows of small buildings visible?,Yes,rewrite,1,1,1,Multiple bands of closely spaced rectangular outlines repeat across the frame.,
FBQ-0217,FBQ-0217-CANON-Q3,RSICD,images/FBQ-0217_ir.jpg,images/FBQ-0217_rgb.jpg,spatial_structure,What separates the building rows?,Parallel streets,rewrite,1,1,1,Broad horizontal linear corridors divide the repeated rows.,
FBQ-0217,FBQ-0217-CANON-Q4,RSICD,images/FBQ-0217_ir.jpg,images/FBQ-0217_rgb.jpg,intensity_contrast,Which features form the brightest small outlines?,Building edges,sol,1,1,1,Numerous small rectangular structures have bright rims around darker interiors.,
FBQ-0218,FBQ-0218-CANON-Q1,RSICD,images/FBQ-0218_ir.jpg,images/FBQ-0218_rgb.jpg,scene_category,What type of view is shown?,Close-up textured surface,luna,1,1,1,An enlarged irregular surface fills nearly the entire IR frame.,"The object's identity is ambiguous, so only visible surface geometry is used."
FBQ-0218,FBQ-0218-CANON-Q2,RSICD,images/FBQ-0218_ir.jpg,images/FBQ-0218_rgb.jpg,object_presence,Is a broad central surface visible?,Yes,rewrite,1,1,1,A continuous textured region occupies most of the center.,"The object's identity is ambiguous, so only visible surface geometry is used."
FBQ-0218,FBQ-0218-CANON-Q3,RSICD,images/FBQ-0218_ir.jpg,images/FBQ-0218_rgb.jpg,spatial_structure,Where are the rounded forms relative to the center?,Along both sides,rewrite,1,1,1,Rounded forms flank the broad central region on both lateral sides.,"The object's identity is ambiguous, so only visible surface geometry is used."
FBQ-0218,FBQ-0218-CANON-Q4,RSICD,images/FBQ-0218_ir.jpg,images/FBQ-0218_rgb.jpg,intensity_contrast,How does the center compare with the side regions?,Darker,terra,1,1,1,The central vertical region has lower intensity than the brighter lateral forms.,"The object's identity is ambiguous, so only visible surface geometry is used."
FBQ-0219,FBQ-0219-CANON-Q1,RSICD,images/FBQ-0219_ir.jpg,images/FBQ-0219_rgb.jpg,scene_category,What type of surface fills the scene?,Dense vegetation canopy,terra,1,1,1,Densely clustered irregular crown-like texture covers the entire IR frame.,
FBQ-0219,FBQ-0219-CANON-Q2,RSICD,images/FBQ-0219_ir.jpg,images/FBQ-0219_rgb.jpg,object_presence,Are irregular clustered patches visible?,Yes,rewrite,1,1,1,Numerous uneven textured clusters are distinguishable throughout the image.,
FBQ-0219,FBQ-0219-CANON-Q3,RSICD,images/FBQ-0219_ir.jpg,images/FBQ-0219_rgb.jpg,spatial_structure,Does the textured canopy extend across most of the image?,Yes,rewrite,1,1,1,The clustered texture remains continuous across the frame with only small gaps.,
FBQ-0219,FBQ-0219-CANON-Q4,RSICD,images/FBQ-0219_ir.jpg,images/FBQ-0219_rgb.jpg,intensity_contrast,What interrupts the predominantly bright texture?,Scattered dark clusters,rewrite,1,1,1,Localized low-intensity textured patches interrupt the brighter surrounding pattern.,
FBQ-0220,FBQ-0220-CANON-Q1,RSICD,images/FBQ-0220_ir.jpg,images/FBQ-0220_rgb.jpg,scene_category,What broad landscape type is visible?,Open field edge,sol,1,1,1,A broad smooth open region meets an irregular boundary in the IR image.,Only coarse field-boundary structure is used because fine details are blurred.
FBQ-0220,FBQ-0220-CANON-Q2,RSICD,images/FBQ-0220_ir.jpg,images/FBQ-0220_rgb.jpg,object_presence,Is a curved linear boundary visible?,Yes,rewrite,1,1,1,A narrow curved line follows the upper-left edge.,Only coarse field-boundary structure is used because fine details are blurred.
FBQ-0220,FBQ-0220-CANON-Q3,RSICD,images/FBQ-0220_ir.jpg,images/FBQ-0220_rgb.jpg,spatial_structure,Where is the dark boundary relative to the field?,Along the upper-right side,rewrite,1,1,1,A contiguous low-intensity region borders the smooth central area at the upper right.,Only coarse field-boundary structure is used because fine details are blurred.
FBQ-0220,FBQ-0220-CANON-Q4,RSICD,images/FBQ-0220_ir.jpg,images/FBQ-0220_rgb.jpg,intensity_contrast,"Which is darker, the upper-right boundary or central field?",The upper-right boundary,sol,1,1,1,The upper-right region has substantially lower intensity than the broad central field.,Only coarse field-boundary structure is used because fine details are blurred.
FBQ-0221,FBQ-0221-CANON-Q1,RSICD,images/FBQ-0221_ir.jpg,images/FBQ-0221_rgb.jpg,scene_category,What broad terrain type fills the image?,Open field,sol,1,1,1,"A continuous expanse of fine, irregular ground texture fills nearly the entire IR frame.",IR blur prevents reliable object-level annotation.
FBQ-0221,FBQ-0221-CANON-Q2,RSICD,images/FBQ-0221_ir.jpg,images/FBQ-0221_rgb.jpg,object_presence,Is a linear boundary visible?,Yes,rewrite_backfill,1,1,1,A smooth diagonal boundary enters along the lower-left edge.,IR blur prevents reliable object-level annotation.
FBQ-0221,FBQ-0221-CANON-Q3,RSICD,images/FBQ-0221_ir.jpg,images/FBQ-0221_rgb.jpg,spatial_structure,Where is the clearest linear boundary?,Lower-left edge,sol,1,1,1,A smooth diagonal intensity boundary enters from the lower-left corner.,IR blur prevents reliable object-level annotation.
FBQ-0221,FBQ-0221-CANON-Q4,RSICD,images/FBQ-0221_ir.jpg,images/FBQ-0221_rgb.jpg,intensity_contrast,Is the central area strongly contrasted?,No,sol,1,1,1,The center has diffuse pale and mid-gray patches without sharp intensity edges.,IR blur prevents reliable object-level annotation.
FBQ-0222,FBQ-0222-CANON-Q1,RSICD,images/FBQ-0222_ir.jpg,images/FBQ-0222_rgb.jpg,scene_category,What type of scene is shown?,Agricultural field,sol,1,1,1,"Large bounded regions contain dense, regularly repeated row-like textures.",All questions rely on clearly visible IR patterns.
FBQ-0222,FBQ-0222-CANON-Q2,RSICD,images/FBQ-0222_ir.jpg,images/FBQ-0222_rgb.jpg,object_presence,Is a small isolated object visible?,Yes,sol,1,1,1,A tiny high-contrast angular shape appears left of center in a pale region.,All questions rely on clearly visible IR patterns.
FBQ-0222,FBQ-0222-CANON-Q3,RSICD,images/FBQ-0222_ir.jpg,images/FBQ-0222_rgb.jpg,spatial_structure,What separates the two textured regions?,A pale curving band,sol,1,1,1,A smooth pale strip curves between the two large patterned regions.,All questions rely on clearly visible IR patterns.
FBQ-0222,FBQ-0222-CANON-Q4,RSICD,images/FBQ-0222_ir.jpg,images/FBQ-0222_rgb.jpg,intensity_contrast,Are the textured regions darker than their surroundings?,Yes,rewrite,1,1,1,Both patterned regions have substantially lower intensity than the surrounding smooth bands.,All questions rely on clearly visible IR patterns.
FBQ-0223,FBQ-0223-CANON-Q1,RSICD,images/FBQ-0223_ir.jpg,images/FBQ-0223_rgb.jpg,scene_category,What broad scene is shown?,Open field,terra,1,1,1,A continuous mottled ground texture occupies most of the IR frame.,The right-side strip is distinct throughout the IR image.
FBQ-0223,FBQ-0223-CANON-Q2,RSICD,images/FBQ-0223_ir.jpg,images/FBQ-0223_rgb.jpg,object_presence,Is a narrow smooth strip visible?,Yes,rewrite,1,1,1,"A narrow, smooth, pale strip follows the field boundary on the right.",The right-side strip is distinct throughout the IR image.
FBQ-0223,FBQ-0223-CANON-Q3,RSICD,images/FBQ-0223_ir.jpg,images/FBQ-0223_rgb.jpg,spatial_structure,Where is the narrow strip located?,Along the right edge,rewrite,1,1,1,The linear strip extends beside the textured region along the right boundary.,The right-side strip is distinct throughout the IR image.
FBQ-0223,FBQ-0223-CANON-Q4,RSICD,images/FBQ-0223_ir.jpg,images/FBQ-0223_rgb.jpg,intensity_contrast,Is the right strip brighter than the field?,Yes,terra,1,1,1,The right-edge strip is substantially paler than the mottled field interior.,The right-side strip is distinct throughout the IR image.
FBQ-0224,FBQ-0224-CANON-Q1,RSICD,images/FBQ-0224_ir.jpg,images/FBQ-0224_rgb.jpg,scene_category,What type of neighborhood is shown?,Residential neighborhood,sol,1,1,1,"Separate roof outlines, driveways, parcels, and intersecting streets form a residential layout.",Residential structures and road geometry are clear in IR.
FBQ-0224,FBQ-0224-CANON-Q2,RSICD,images/FBQ-0224_ir.jpg,images/FBQ-0224_rgb.jpg,object_presence,Are multiple houses visible?,Yes,sol,1,1,1,Several distinct rectangular roof structures appear on both sides of the roads.,Residential structures and road geometry are clear in IR.
FBQ-0224,FBQ-0224-CANON-Q3,RSICD,images/FBQ-0224_ir.jpg,images/FBQ-0224_rgb.jpg,spatial_structure,What runs diagonally through the center?,A road,sol,1,1,1,A broad continuous roadway crosses the middle and connects with side streets.,Residential structures and road geometry are clear in IR.
FBQ-0224,FBQ-0224-CANON-Q4,RSICD,images/FBQ-0224_ir.jpg,images/FBQ-0224_rgb.jpg,intensity_contrast,Are the roads brighter than most vegetation?,Yes,sol,1,1,1,Road surfaces are pale while surrounding irregular vegetated areas are predominantly dark.,Residential structures and road geometry are clear in IR.
FBQ-0225,FBQ-0225-CANON-Q1,RSICD,images/FBQ-0225_ir.jpg,images/FBQ-0225_rgb.jpg,scene_category,What type of terrain is visible?,Mountainous terrain,sol,1,1,1,Intersecting elongated ridges and branching recessed corridors dominate the IR image.,The bright feature is visible but cannot be identified safely.
FBQ-0225,FBQ-0225-CANON-Q2,RSICD,images/FBQ-0225_ir.jpg,images/FBQ-0225_rgb.jpg,object_presence,Is an isolated bright patch present?,Yes,sol,1,1,1,A compact pale feature appears slightly above the image center.,The bright feature is visible but cannot be identified safely.
FBQ-0225,FBQ-0225-CANON-Q3,RSICD,images/FBQ-0225_ir.jpg,images/FBQ-0225_rgb.jpg,spatial_structure,Where is the smooth broad region?,Lower right,luna,1,1,1,A relatively uniform pale region occupies the lower-right portion of the frame.,The bright feature is visible but cannot be identified safely.
FBQ-0225,FBQ-0225-CANON-Q4,RSICD,images/FBQ-0225_ir.jpg,images/FBQ-0225_rgb.jpg,intensity_contrast,Does the small bright feature contrast strongly?,Yes,terra,1,1,1,The compact feature is much brighter than the surrounding mid-gray terrain.,The bright feature is visible but cannot be identified safely.
FBQ-0226,FBQ-0226-CANON-Q1,RSICD,images/FBQ-0226_ir.jpg,images/FBQ-0226_rgb.jpg,scene_category,What broad landscape is shown?,Mountainous terrain,terra,1,1,1,Irregular relief-like masses and branching corridors fill the IR frame.,Feature wording avoids uncertain ridge-versus-valley intensity interpretation.
FBQ-0226,FBQ-0226-CANON-Q2,RSICD,images/FBQ-0226_ir.jpg,images/FBQ-0226_rgb.jpg,object_presence,Are branching corridors visible?,Yes,rewrite,1,1,1,Several narrow pale corridors split between darker irregular terrain masses.,Feature wording avoids uncertain ridge-versus-valley intensity interpretation.
FBQ-0226,FBQ-0226-CANON-Q3,RSICD,images/FBQ-0226_ir.jpg,images/FBQ-0226_rgb.jpg,spatial_structure,Where do several corridors converge?,Near the center,rewrite,1,1,1,Multiple elongated pale branches approach a common central area.,Feature wording avoids uncertain ridge-versus-valley intensity interpretation.
FBQ-0226,FBQ-0226-CANON-Q4,RSICD,images/FBQ-0226_ir.jpg,images/FBQ-0226_rgb.jpg,intensity_contrast,Do pale corridors contrast with darker terrain?,Yes,rewrite,1,1,1,The branching pale features are clearly distinct from adjoining darker masses.,Feature wording avoids uncertain ridge-versus-valley intensity interpretation.
FBQ-0227,FBQ-0227-CANON-Q1,RSICD,images/FBQ-0227_ir.jpg,images/FBQ-0227_rgb.jpg,scene_category,What broad landscape is shown?,Urban lakeside landscape,rewrite_backfill,1,1,1,An irregular smooth central basin is bordered by textured vegetation and repeated rectilinear rows.,IR blur makes the precise scene category unsafe.
FBQ-0227,FBQ-0227-CANON-Q2,RSICD,images/FBQ-0227_ir.jpg,images/FBQ-0227_rgb.jpg,object_presence,Is a large smooth central region visible?,Yes,rewrite,1,1,1,"A broad, relatively uniform region occupies the middle of the IR frame.",IR blur makes the precise scene category unsafe.
FBQ-0227,FBQ-0227-CANON-Q3,RSICD,images/FBQ-0227_ir.jpg,images/FBQ-0227_rgb.jpg,spatial_structure,Where are the repeated linear blocks located?,Along the top and bottom,rewrite,1,1,1,Repeated rectangular forms create horizontal bands at both vertical edges.,IR blur makes the precise scene category unsafe.
FBQ-0227,FBQ-0227-CANON-Q4,RSICD,images/FBQ-0227_ir.jpg,images/FBQ-0227_rgb.jpg,intensity_contrast,Is the central region smoother than its surroundings?,Yes,rewrite,1,1,1,The center has more uniform intensity than the textured bordering areas.,IR blur makes the precise scene category unsafe.
FBQ-0228,FBQ-0228-CANON-Q1,RSICD,images/FBQ-0228_ir.jpg,images/FBQ-0228_rgb.jpg,scene_category,What type of facility dominates the scene?,Sports complex,sol,1,1,1,A prominent oval stadium and adjacent rectangular court-like structures form a sports-facility layout.,The oval stadium geometry is unambiguous in IR.
FBQ-0228,FBQ-0228-CANON-Q2,RSICD,images/FBQ-0228_ir.jpg,images/FBQ-0228_rgb.jpg,object_presence,Is an oval stadium visible?,Yes,sol,1,1,1,A sharply bounded oval structure appears near the center-right.,The oval stadium geometry is unambiguous in IR.
FBQ-0228,FBQ-0228-CANON-Q3,RSICD,images/FBQ-0228_ir.jpg,images/FBQ-0228_rgb.jpg,spatial_structure,Where is the stadium relative to the elongated dark region?,To its right,rewrite,1,1,1,The oval structure lies directly right of the long irregular dark region.,The oval stadium geometry is unambiguous in IR.
FBQ-0228,FBQ-0228-CANON-Q4,RSICD,images/FBQ-0228_ir.jpg,images/FBQ-0228_rgb.jpg,intensity_contrast,Is the stadium interior darker than its rim?,Yes,sol,1,1,1,The oval interior is very dark and enclosed by a distinctly paler boundary.,The oval stadium geometry is unambiguous in IR.
FBQ-0229,FBQ-0229-CANON-Q1,RSICD,images/FBQ-0229_ir.jpg,images/FBQ-0229_rgb.jpg,scene_category,What type of scene is shown?,Mixed urban-rural landscape,luna,1,1,1,"The IR frame combines open irregular plots, roads, and dense structural clusters.","Roads, structural clusters, and open plots are independently visible in IR."
FBQ-0229,FBQ-0229-CANON-Q2,RSICD,images/FBQ-0229_ir.jpg,images/FBQ-0229_rgb.jpg,object_presence,Is a major roadway visible?,Yes,sol,1,1,1,A wide continuous linear corridor crosses the upper part of the frame.,"Roads, structural clusters, and open plots are independently visible in IR."
FBQ-0229,FBQ-0229-CANON-Q3,RSICD,images/FBQ-0229_ir.jpg,images/FBQ-0229_rgb.jpg,spatial_structure,Where is the densest building cluster?,Upper right,sol,1,1,1,The greatest concentration of repeated small structural outlines is above and right of center.,"Roads, structural clusters, and open plots are independently visible in IR."
FBQ-0229,FBQ-0229-CANON-Q4,RSICD,images/FBQ-0229_ir.jpg,images/FBQ-0229_rgb.jpg,intensity_contrast,Is the lower-left irregular region darker than nearby ground?,Yes,rewrite,1,1,1,An irregular near-dark region at lower left contrasts strongly with adjacent mid-gray terrain.,"Roads, structural clusters, and open plots are independently visible in IR."
FBQ-0230,FBQ-0230-CANON-Q1,RSICD,images/FBQ-0230_ir.jpg,images/FBQ-0230_rgb.jpg,scene_category,What type of area is shown?,Parking lot,terra,1,1,1,Dense ordered rows of vehicle-sized shapes cover a broad paved area.,The parking layout and repeated vehicles are sharply resolved in IR.
FBQ-0230,FBQ-0230-CANON-Q2,RSICD,images/FBQ-0230_ir.jpg,images/FBQ-0230_rgb.jpg,object_presence,Are many vehicles visible?,Yes,rewrite,1,1,1,Numerous small elongated vehicle outlines occupy the central and lower areas.,The parking layout and repeated vehicles are sharply resolved in IR.
FBQ-0230,FBQ-0230-CANON-Q3,RSICD,images/FBQ-0230_ir.jpg,images/FBQ-0230_rgb.jpg,spatial_structure,How are the vehicles arranged?,In parallel rows,sol,1,1,1,"The repeated vehicle shapes form multiple long, evenly spaced alignments.",The parking layout and repeated vehicles are sharply resolved in IR.
FBQ-0230,FBQ-0230-CANON-Q4,RSICD,images/FBQ-0230_ir.jpg,images/FBQ-0230_rgb.jpg,intensity_contrast,Are vehicles darker than the pavement?,Yes,terra,1,1,1,Most vehicle-shaped marks are dark against the comparatively pale lot surface.,The parking layout and repeated vehicles are sharply resolved in IR.
FBQ-0231,FBQ-0231-CANON-Q1,RSICD,images/FBQ-0231_ir.jpg,images/FBQ-0231_rgb.jpg,scene_category,What type of scene is shown?,A parking lot.,sol,1,1,1,"Many vehicle-shaped rectangles occupy marked, repeated parking rows.",
FBQ-0231,FBQ-0231-CANON-Q2,RSICD,images/FBQ-0231_ir.jpg,images/FBQ-0231_rgb.jpg,object_presence,Are numerous cars visible?,Yes.,sol,1,1,1,Many small vehicle outlines are clearly visible across the IR image.,
FBQ-0231,FBQ-0231-CANON-Q3,RSICD,images/FBQ-0231_ir.jpg,images/FBQ-0231_rgb.jpg,spatial_structure,How are the cars arranged?,Parallel rows.,terra,1,1,1,Repeated vehicle outlines align in several parallel rows.,
FBQ-0231,FBQ-0231-CANON-Q4,RSICD,images/FBQ-0231_ir.jpg,images/FBQ-0231_rgb.jpg,intensity_contrast,How does the central strip compare with the pavement?,It is darker.,sol,1,1,1,The central vertical strip has much lower grayscale intensity than the surrounding pavement.,
FBQ-0232,FBQ-0232-CANON-Q1,RSICD,images/FBQ-0232_ir.jpg,images/FBQ-0232_rgb.jpg,scene_category,What type of area occupies most of the image?,A parking area.,sol,1,1,1,Repeated rows of small vehicle-shaped outlines dominate the scene.,
FBQ-0232,FBQ-0232-CANON-Q2,RSICD,images/FBQ-0232_ir.jpg,images/FBQ-0232_rgb.jpg,object_presence,Are cars visible in the scene?,Yes.,sol,1,1,1,Numerous compact rectangular vehicle shapes appear throughout the IR image.,
FBQ-0232,FBQ-0232-CANON-Q3,RSICD,images/FBQ-0232_ir.jpg,images/FBQ-0232_rgb.jpg,spatial_structure,How are most cars arranged?,In several parallel rows.,sol,1,1,1,"The vehicle shapes form multiple elongated, roughly parallel groupings.",
FBQ-0232,FBQ-0232-CANON-Q4,RSICD,images/FBQ-0232_ir.jpg,images/FBQ-0232_rgb.jpg,intensity_contrast,How do most vehicles compare with the surrounding ground?,They appear brighter.,sol,1,1,1,Most vehicle shapes have higher grayscale intensity than the dark parking surface.,
FBQ-0233,FBQ-0233-CANON-Q1,RSICD,images/FBQ-0233_ir.jpg,images/FBQ-0233_rgb.jpg,scene_category,What type of scene is depicted?,A crowded parking lot.,sol,1,1,1,Dense compact vehicle outlines fill regularly spaced parking rows.,
FBQ-0233,FBQ-0233-CANON-Q2,RSICD,images/FBQ-0233_ir.jpg,images/FBQ-0233_rgb.jpg,object_presence,Are many parked vehicles present?,Yes.,sol,1,1,1,Dense repeated car-shaped outlines are visible across nearly the entire image.,
FBQ-0233,FBQ-0233-CANON-Q3,RSICD,images/FBQ-0233_ir.jpg,images/FBQ-0233_rgb.jpg,spatial_structure,How are the vehicles organized?,In long parallel rows.,sol,1,1,1,"The vehicles form several narrow, nearly parallel vertical groups.",
FBQ-0233,FBQ-0233-CANON-Q4,RSICD,images/FBQ-0233_ir.jpg,images/FBQ-0233_rgb.jpg,intensity_contrast,What is brighter than the lanes?,The vehicle shapes.,luna,1,1,1,Bright vehicle forms contrast with darker lane strips.,
FBQ-0234,FBQ-0234-CANON-Q1,RSICD,images/FBQ-0234_ir.jpg,images/FBQ-0234_rgb.jpg,scene_category,What type of sports area is shown?,A soccer field.,sol,1,1,1,"The IR image clearly shows a center circle, halfway line, penalty boxes, and goals.",
FBQ-0234,FBQ-0234-CANON-Q2,RSICD,images/FBQ-0234_ir.jpg,images/FBQ-0234_rgb.jpg,object_presence,Is a center circle visible?,Yes.,sol,1,1,1,A bright circular outline is visible at the field's center.,
FBQ-0234,FBQ-0234-CANON-Q3,RSICD,images/FBQ-0234_ir.jpg,images/FBQ-0234_rgb.jpg,spatial_structure,Where is the halfway line located?,Across the field center.,sol,1,1,1,A straight bright line crosses the rectangle through the center circle.,
FBQ-0234,FBQ-0234-CANON-Q4,RSICD,images/FBQ-0234_ir.jpg,images/FBQ-0234_rgb.jpg,intensity_contrast,How do the field markings compare with the surface?,They are brighter.,sol,1,1,1,The thin field markings have higher intensity than the uniform interior surface.,
FBQ-0235,FBQ-0235-CANON-Q1,RSICD,images/FBQ-0235_ir.jpg,images/FBQ-0235_rgb.jpg,scene_category,What type of scene is shown?,Agricultural field plots.,rewrite,1,1,1,A large bounded plot appears beside multiple geometric neighboring plots.,The questions avoid assigning the main plot an uncertain water-related identity.
FBQ-0235,FBQ-0235-CANON-Q2,RSICD,images/FBQ-0235_ir.jpg,images/FBQ-0235_rgb.jpg,object_presence,Is an irregular field plot visible?,"Yes, one irregular plot.",luna,1,1,1,The IR image contains a distinct large irregular enclosed plot.,The questions avoid assigning the main plot an uncertain water-related identity.
FBQ-0235,FBQ-0235-CANON-Q3,RSICD,images/FBQ-0235_ir.jpg,images/FBQ-0235_rgb.jpg,spatial_structure,What shape does the main plot have?,An L-like shape.,luna,1,1,1,The main dark region has two perpendicular extensions forming an L-like outline.,The questions avoid assigning the main plot an uncertain water-related identity.
FBQ-0235,FBQ-0235-CANON-Q4,RSICD,images/FBQ-0235_ir.jpg,images/FBQ-0235_rgb.jpg,intensity_contrast,How does the main plot differ from its surroundings?,It is much darker.,luna,1,1,1,The main plot is nearly black while adjacent plots and boundaries are much brighter.,The questions avoid assigning the main plot an uncertain water-related identity.
FBQ-0236,FBQ-0236-CANON-Q1,RSICD,images/FBQ-0236_ir.jpg,images/FBQ-0236_rgb.jpg,scene_category,What type of scene is shown?,An irregular water body.,luna,1,1,1,A broad dark region has a continuous irregular shoreline-like boundary.,
FBQ-0236,FBQ-0236-CANON-Q2,RSICD,images/FBQ-0236_ir.jpg,images/FBQ-0236_rgb.jpg,object_presence,Is a large water body visible?,Yes.,luna,1,1,1,The dominant dark region has a clearly defined irregular shoreline.,
FBQ-0236,FBQ-0236-CANON-Q3,RSICD,images/FBQ-0236_ir.jpg,images/FBQ-0236_rgb.jpg,spatial_structure,What extends into the dark region?,A central land projection.,luna,1,1,1,A pale branching projection extends from the surrounding ground into the dark area.,
FBQ-0236,FBQ-0236-CANON-Q4,RSICD,images/FBQ-0236_ir.jpg,images/FBQ-0236_rgb.jpg,intensity_contrast,How does the water-shaped region compare with the land?,It appears darker.,sol,1,1,1,The broad water-shaped area is nearly black while the surrounding land is pale.,
FBQ-0237,FBQ-0237-CANON-Q1,RSICD,images/FBQ-0237_ir.jpg,images/FBQ-0237_rgb.jpg,scene_category,What type of scene is depicted?,A harbor.,sol,1,1,1,"A dock-like edge, a large vessel outline, and multiple small boat-shaped marks border open water.",
FBQ-0237,FBQ-0237-CANON-Q2,RSICD,images/FBQ-0237_ir.jpg,images/FBQ-0237_rgb.jpg,object_presence,Is a large vessel visible?,Yes.,sol,1,1,1,A long structured vessel-shaped outline is visible beside the left dock.,
FBQ-0237,FBQ-0237-CANON-Q3,RSICD,images/FBQ-0237_ir.jpg,images/FBQ-0237_rgb.jpg,spatial_structure,Where is the large vessel located?,Beside the pier.,terra,1,1,1,The large elongated vessel outline directly parallels the narrow pier.,
FBQ-0237,FBQ-0237-CANON-Q4,RSICD,images/FBQ-0237_ir.jpg,images/FBQ-0237_rgb.jpg,intensity_contrast,How do the small boats compare with the water?,They appear brighter.,sol,1,1,1,Several isolated high-intensity marks stand out against the uniform gray water region.,
FBQ-0238,FBQ-0238-CANON-Q1,RSICD,images/FBQ-0238_ir.jpg,images/FBQ-0238_rgb.jpg,scene_category,What type of facility is shown?,A marina.,sol,1,1,1,Numerous boat-shaped outlines are moored along a repeated network of docks.,
FBQ-0238,FBQ-0238-CANON-Q2,RSICD,images/FBQ-0238_ir.jpg,images/FBQ-0238_rgb.jpg,object_presence,Are many small boats visible?,Yes.,sol,1,1,1,Many compact bright oval forms occur on both sides of the dock lines.,
FBQ-0238,FBQ-0238-CANON-Q3,RSICD,images/FBQ-0238_ir.jpg,images/FBQ-0238_rgb.jpg,spatial_structure,How are the docks arranged?,In parallel rows.,sol,1,1,1,Several long thin dock structures extend in the same direction with regular spacing.,
FBQ-0238,FBQ-0238-CANON-Q4,RSICD,images/FBQ-0238_ir.jpg,images/FBQ-0238_rgb.jpg,intensity_contrast,How do the boats compare with the background?,They are much brighter.,sol,1,1,1,The boat shapes are high-intensity features against a nearly black background.,
FBQ-0239,FBQ-0239-CANON-Q1,RSICD,images/FBQ-0239_ir.jpg,images/FBQ-0239_rgb.jpg,scene_category,What type of scene is visible?,A building complex.,sol,1,1,1,"Multiple connected rectangular structures, paved areas, and paths form a developed compound.",
FBQ-0239,FBQ-0239-CANON-Q2,RSICD,images/FBQ-0239_ir.jpg,images/FBQ-0239_rgb.jpg,object_presence,Is a long rectangular building present?,Yes.,sol,1,1,1,A prominent elongated roof with straight parallel edges spans the upper middle.,
FBQ-0239,FBQ-0239-CANON-Q3,RSICD,images/FBQ-0239_ir.jpg,images/FBQ-0239_rgb.jpg,spatial_structure,What runs parallel to the long building?,A straight road.,sol,1,1,1,A broad straight corridor follows the full upper edge of the elongated roof.,
FBQ-0239,FBQ-0239-CANON-Q4,RSICD,images/FBQ-0239_ir.jpg,images/FBQ-0239_rgb.jpg,intensity_contrast,How does the long roof compare with the adjacent road?,It appears brighter.,sol,1,1,1,The roof has higher grayscale intensity than the darker parallel road surface.,
FBQ-0240,FBQ-0240-CANON-Q1,RSICD,images/FBQ-0240_ir.jpg,images/FBQ-0240_rgb.jpg,scene_category,What broad scene type is shown?,A dense building complex.,sol,1,1,1,Numerous closely spaced rectangular roof outlines surround one dominant structure.,
FBQ-0240,FBQ-0240-CANON-Q2,RSICD,images/FBQ-0240_ir.jpg,images/FBQ-0240_rgb.jpg,object_presence,Is a large rectangular building visible?,Yes.,sol,1,1,1,A large elongated rectangle occupies the center of the IR image.,
FBQ-0240,FBQ-0240-CANON-Q3,RSICD,images/FBQ-0240_ir.jpg,images/FBQ-0240_rgb.jpg,spatial_structure,Where are the smaller structures located?,On both sides.,terra,1,1,1,Dense small rectangular forms flank the central elongated structure.,
FBQ-0240,FBQ-0240-CANON-Q4,RSICD,images/FBQ-0240_ir.jpg,images/FBQ-0240_rgb.jpg,intensity_contrast,How does the upper roof section compare with the lower section?,It is darker.,sol,1,1,1,The upper portion of the central rectangle has distinctly lower intensity than its pale lower portion.,
FBQ-0241,FBQ-0241-CANON-Q1,RSICD,images/FBQ-0241_ir.jpg,images/FBQ-0241_rgb.jpg,scene_category,What transportation facility dominates the scene?,Railway yard,sol,1,1,1,Numerous closely spaced linear tracks and long platforms fill most of the IR image.,
FBQ-0241,FBQ-0241-CANON-Q2,RSICD,images/FBQ-0241_ir.jpg,images/FBQ-0241_rgb.jpg,object_presence,Are multiple parallel tracks visible?,Yes,sol,1,1,1,Many repeated narrow lines run alongside one another across the center.,
FBQ-0241,FBQ-0241-CANON-Q3,RSICD,images/FBQ-0241_ir.jpg,images/FBQ-0241_rgb.jpg,spatial_structure,How are the main tracks arranged?,In parallel rows,luna,1,1,1,The dominant linear features form a dense bundle of parallel diagonal rows.,
FBQ-0241,FBQ-0241-CANON-Q4,RSICD,images/FBQ-0241_ir.jpg,images/FBQ-0241_rgb.jpg,intensity_contrast,"Which appears darker, the lower-left water or the platforms?",The lower-left water,rewrite,1,1,1,"The smooth lower-left region is nearly black, while the long platforms are lighter.",
FBQ-0242,FBQ-0242-CANON-Q1,RSICD,images/FBQ-0242_ir.jpg,images/FBQ-0242_rgb.jpg,scene_category,What broad built scene is shown?,Large building complex,rewrite,1,1,1,Several large rectangular roof masses occupy the central portion of the IR image.,
FBQ-0242,FBQ-0242-CANON-Q2,RSICD,images/FBQ-0242_ir.jpg,images/FBQ-0242_rgb.jpg,object_presence,Are several large rectangular buildings visible?,Yes,sol,1,1,1,At least three prominent rectangular roof outlines are clearly visible.,
FBQ-0242,FBQ-0242-CANON-Q3,RSICD,images/FBQ-0242_ir.jpg,images/FBQ-0242_rgb.jpg,spatial_structure,How are the main buildings arranged?,In a vertical row,rewrite,1,1,1,The largest rectangular structures are successively aligned from top to bottom.,
FBQ-0242,FBQ-0242-CANON-Q4,RSICD,images/FBQ-0242_ir.jpg,images/FBQ-0242_rgb.jpg,intensity_contrast,"Which appears brighter, the roofs or the left-side textured area?",The roofs,rewrite,1,1,1,"The rectangular roofs are pale, while the textured strip on the left is substantially darker.",
FBQ-0243,FBQ-0243-CANON-Q1,RSICD,images/FBQ-0243_ir.jpg,images/FBQ-0243_rgb.jpg,scene_category,What broad scene category is visible?,Wooded building complex,sol,1,1,1,Several geometric building-like forms are dispersed across broad mottled terrain.,"Fine details are blurred, but the selected cues remain visible."
FBQ-0243,FBQ-0243-CANON-Q2,RSICD,images/FBQ-0243_ir.jpg,images/FBQ-0243_rgb.jpg,object_presence,Are elongated rectangular structures present?,Yes,sol,1,1,1,Multiple long rectangular forms are visible across the upper half.,"Fine details are blurred, but the selected cues remain visible."
FBQ-0243,FBQ-0243-CANON-Q3,RSICD,images/FBQ-0243_ir.jpg,images/FBQ-0243_rgb.jpg,spatial_structure,Where are the longest dark structures located?,In the upper-right quadrant,sol,1,1,1,Two prominent elongated dark forms occupy the upper-right portion.,"Fine details are blurred, but the selected cues remain visible."
FBQ-0243,FBQ-0243-CANON-Q4,RSICD,images/FBQ-0243_ir.jpg,images/FBQ-0243_rgb.jpg,intensity_contrast,Are the longest structures darker than their surroundings?,Yes,rewrite,1,1,1,Their interiors are nearly black against the surrounding mottled gray area.,"Fine details are blurred, but the selected cues remain visible."
FBQ-0244,FBQ-0244-CANON-Q1,RSICD,images/FBQ-0244_ir.jpg,images/FBQ-0244_rgb.jpg,scene_category,What natural feature dominates the scene?,Winding river,terra,1,1,1,A broad continuous sinuous channel crosses the IR image.,
FBQ-0244,FBQ-0244-CANON-Q2,RSICD,images/FBQ-0244_ir.jpg,images/FBQ-0244_rgb.jpg,object_presence,Is a curved water channel visible?,Yes,sol,1,1,1,A broad smooth channel curves from the lower-left toward the upper-right.,
FBQ-0244,FBQ-0244-CANON-Q3,RSICD,images/FBQ-0244_ir.jpg,images/FBQ-0244_rgb.jpg,spatial_structure,Where is the dense vegetation relative to the river bend?,Inside the bend,sol,1,1,1,Dense coarse texture occupies the land enclosed by the curved channel.,
FBQ-0244,FBQ-0244-CANON-Q4,RSICD,images/FBQ-0244_ir.jpg,images/FBQ-0244_rgb.jpg,intensity_contrast,"Which is darker, the channel or its banks?",The channel,sol,1,1,1,The channel forms a uniformly dark band between much brighter banks.,
FBQ-0245,FBQ-0245-CANON-Q1,RSICD,images/FBQ-0245_ir.jpg,images/FBQ-0245_rgb.jpg,scene_category,What broad landscape type is shown?,Waterway amid farmland,rewrite,1,1,1,A large continuous dark water-shaped region is bordered by broad parcel-like areas.,
FBQ-0245,FBQ-0245-CANON-Q2,RSICD,images/FBQ-0245_ir.jpg,images/FBQ-0245_rgb.jpg,object_presence,Are large field parcels visible?,Yes,rewrite,1,1,1,"Several broad, sharply bounded land parcels surround the dark waterway.",
FBQ-0245,FBQ-0245-CANON-Q3,RSICD,images/FBQ-0245_ir.jpg,images/FBQ-0245_rgb.jpg,spatial_structure,Where is the repeated strip of small structures?,Along the upper-right bank,rewrite,1,1,1,Repeated small pale forms line the water boundary in the upper-right portion.,
FBQ-0245,FBQ-0245-CANON-Q4,RSICD,images/FBQ-0245_ir.jpg,images/FBQ-0245_rgb.jpg,intensity_contrast,"Which is darker, the waterway or surrounding parcels?",The waterway,rewrite,1,1,1,"The waterway is nearly black, while the bordering parcels are substantially brighter.",
FBQ-0246,FBQ-0246-CANON-Q1,RSICD,images/FBQ-0246_ir.jpg,images/FBQ-0246_rgb.jpg,scene_category,What broad scene category is visible?,Rural river corridor,sol,1,1,1,A curving channel borders large banded parcels and sparse small structures.,"The image is blurred, but the main channel and field layout remain distinct."
FBQ-0246,FBQ-0246-CANON-Q2,RSICD,images/FBQ-0246_ir.jpg,images/FBQ-0246_rgb.jpg,object_presence,Is a winding waterway present?,Yes,sol,1,1,1,A continuous dark channel curves diagonally through the center-left.,"The image is blurred, but the main channel and field layout remain distinct."
FBQ-0246,FBQ-0246-CANON-Q3,RSICD,images/FBQ-0246_ir.jpg,images/FBQ-0246_rgb.jpg,spatial_structure,Where are the large banded fields relative to the river?,To the right,sol,1,1,1,Broad parcels with parallel bands occupy the channel's right side.,"The image is blurred, but the main channel and field layout remain distinct."
FBQ-0246,FBQ-0246-CANON-Q4,RSICD,images/FBQ-0246_ir.jpg,images/FBQ-0246_rgb.jpg,intensity_contrast,"Which appears brighter, the large fields or the river?",The large fields,sol,1,1,1,"The right-side fields are pale, while the adjoining river is dark.","The image is blurred, but the main channel and field layout remain distinct."
FBQ-0247,FBQ-0247-CANON-Q1,RSICD,images/FBQ-0247_ir.jpg,images/FBQ-0247_rgb.jpg,scene_category,What broad environment is shown?,Dense urban complex,sol,1,1,1,Closely packed rectangular structures and narrow linear corridors fill most of the image.,
FBQ-0247,FBQ-0247-CANON-Q2,RSICD,images/FBQ-0247_ir.jpg,images/FBQ-0247_rgb.jpg,object_presence,Are large rectangular enclosures visible?,Yes,rewrite,1,1,1,Several sharply outlined rectangular spaces appear among the building blocks.,
FBQ-0247,FBQ-0247-CANON-Q3,RSICD,images/FBQ-0247_ir.jpg,images/FBQ-0247_rgb.jpg,spatial_structure,Where is the largest rectangular enclosure?,In the upper-right area,rewrite,1,1,1,The broadest outlined rectangular space occupies the upper-right portion.,
FBQ-0247,FBQ-0247-CANON-Q4,RSICD,images/FBQ-0247_ir.jpg,images/FBQ-0247_rgb.jpg,intensity_contrast,"Which appears darker, narrow corridors or many roof blocks?",The narrow corridors,rewrite,1,1,1,Connected narrow corridors form dark lines between generally lighter roof masses.,
FBQ-0248,FBQ-0248-CANON-Q1,RSICD,images/FBQ-0248_ir.jpg,images/FBQ-0248_rgb.jpg,scene_category,What built feature dominates the scene?,Large building complex,terra,1,1,1,A prominent connected multi-wing roof footprint occupies the central area.,
FBQ-0248,FBQ-0248-CANON-Q2,RSICD,images/FBQ-0248_ir.jpg,images/FBQ-0248_rgb.jpg,object_presence,Is a large multi-wing building visible?,Yes,sol,1,1,1,A large bright angular building footprint is clearly visible near the center-right.,
FBQ-0248,FBQ-0248-CANON-Q3,RSICD,images/FBQ-0248_ir.jpg,images/FBQ-0248_rgb.jpg,spatial_structure,Where are dense rows of small buildings relative to the main complex?,Above and to the right,sol,1,1,1,Repeated small rectangular forms cluster beyond the complex's upper and right sides.,
FBQ-0248,FBQ-0248-CANON-Q4,RSICD,images/FBQ-0248_ir.jpg,images/FBQ-0248_rgb.jpg,intensity_contrast,"Which is brighter, the main roof or adjacent fields?",The main roof,sol,1,1,1,"The central roof is nearly white, while the neighboring rectangular fields are dark.",
FBQ-0249,FBQ-0249-CANON-Q1,RSICD,images/FBQ-0249_ir.jpg,images/FBQ-0249_rgb.jpg,scene_category,What type of urban space is shown?,Paired public plazas,terra,1,1,1,Two bounded geometric open spaces with internal paths lie beside a central corridor.,
FBQ-0249,FBQ-0249-CANON-Q2,RSICD,images/FBQ-0249_ir.jpg,images/FBQ-0249_rgb.jpg,object_presence,Is a circular feature visible?,Yes,terra,1,1,1,A distinct concentric circular form appears inside the right-hand enclosure.,
FBQ-0249,FBQ-0249-CANON-Q3,RSICD,images/FBQ-0249_ir.jpg,images/FBQ-0249_rgb.jpg,spatial_structure,What separates the two plazas?,A straight road,terra,1,1,1,A long straight vertical corridor runs between the two bounded spaces.,
FBQ-0249,FBQ-0249-CANON-Q4,RSICD,images/FBQ-0249_ir.jpg,images/FBQ-0249_rgb.jpg,intensity_contrast,"Which appears brighter, the dividing road or interior patches?",The dividing road,rewrite,1,1,1,"The central dividing strip is pale, while several interior patches are dark.",
FBQ-0250,FBQ-0250-CANON-Q1,RSICD,images/FBQ-0250_ir.jpg,images/FBQ-0250_rgb.jpg,scene_category,What road feature dominates the scene?,Large roundabout,terra,1,1,1,A broad continuous oval roadway completely encloses the central area.,
FBQ-0250,FBQ-0250-CANON-Q2,RSICD,images/FBQ-0250_ir.jpg,images/FBQ-0250_rgb.jpg,object_presence,Are rows of tree-like spots visible inside the roadway?,Yes,rewrite,1,1,1,Repeated rounded spots form ordered arcs within the road loop.,
FBQ-0250,FBQ-0250-CANON-Q3,RSICD,images/FBQ-0250_ir.jpg,images/FBQ-0250_rgb.jpg,spatial_structure,Where is the landscaped island relative to the road?,Inside the road loop,sol,1,1,1,The central island and branching paths are enclosed on every side by the oval roadway.,
FBQ-0250,FBQ-0250-CANON-Q4,RSICD,images/FBQ-0250_ir.jpg,images/FBQ-0250_rgb.jpg,intensity_contrast,"Which appears darker, the roadway or central paths?",The roadway,rewrite,1,1,1,"The encircling roadway is dark, while the branching paths are distinctly brighter.",
FBQ-0251,FBQ-0251-CANON-Q1,RSICD,images/FBQ-0251_ir.jpg,images/FBQ-0251_rgb.jpg,scene_category,What type of scene is shown?,Formal garden,sol,1,1,1,"The IR image shows a symmetric arrangement of paths, rectangular plots, trees, and circular features.",All four questions are directly supported by visible IR structure and intensity.
FBQ-0251,FBQ-0251-CANON-Q2,RSICD,images/FBQ-0251_ir.jpg,images/FBQ-0251_rgb.jpg,object_presence,Is there a large circular feature at the center?,Yes,sol,1,1,1,"A large, sharply outlined circle is visible at the image center.",All four questions are directly supported by visible IR structure and intensity.
FBQ-0251,FBQ-0251-CANON-Q3,RSICD,images/FBQ-0251_ir.jpg,images/FBQ-0251_rgb.jpg,spatial_structure,What lies around the central circle?,Four rectangular plots,sol,1,1,1,Four rectangular regions occupy the quadrants surrounding the central circle.,All four questions are directly supported by visible IR structure and intensity.
FBQ-0251,FBQ-0251-CANON-Q4,RSICD,images/FBQ-0251_ir.jpg,images/FBQ-0251_rgb.jpg,intensity_contrast,Are the paths brighter or darker than the plots?,Brighter,sol,1,1,1,The path network has substantially higher grayscale intensity than the plot interiors.,All four questions are directly supported by visible IR structure and intensity.
FBQ-0252,FBQ-0252-CANON-Q1,RSICD,images/FBQ-0252_ir.jpg,images/FBQ-0252_rgb.jpg,scene_category,What type of scene is shown?,Circular garden,sol,1,1,1,Concentric landscaped bands and radial paths form a clearly organized circular site.,Generic geometric wording avoids uncertain functional identification of the central feature.
FBQ-0252,FBQ-0252-CANON-Q2,RSICD,images/FBQ-0252_ir.jpg,images/FBQ-0252_rgb.jpg,object_presence,Is there a circular feature at the center?,Yes,rewrite,1,1,1,"A distinct, sharply bounded circular region occupies the center.",Generic geometric wording avoids uncertain functional identification of the central feature.
FBQ-0252,FBQ-0252-CANON-Q3,RSICD,images/FBQ-0252_ir.jpg,images/FBQ-0252_rgb.jpg,spatial_structure,What surrounds the central circular feature?,Concentric rings,rewrite,1,1,1,Multiple nested circular outlines visibly encircle the central region.,Generic geometric wording avoids uncertain functional identification of the central feature.
FBQ-0252,FBQ-0252-CANON-Q4,RSICD,images/FBQ-0252_ir.jpg,images/FBQ-0252_rgb.jpg,intensity_contrast,Is the central disk brighter than the adjacent ring?,Yes,rewrite,1,1,1,The central disk is visibly lighter than the immediately surrounding dark ring.,Generic geometric wording avoids uncertain functional identification of the central feature.
FBQ-0253,FBQ-0253-CANON-Q1,RSICD,images/FBQ-0253_ir.jpg,images/FBQ-0253_rgb.jpg,scene_category,What type of scene is shown?,Landscaped park,sol,1,1,1,"The IR image shows organized paths, geometric open areas, and extensive tree cover.",The rectangular feature is described geometrically because its specific function is uncertain in IR.
FBQ-0253,FBQ-0253-CANON-Q2,RSICD,images/FBQ-0253_ir.jpg,images/FBQ-0253_rgb.jpg,object_presence,Is a rectangular area visible?,Yes,rewrite,1,1,1,A sharply bounded dark rectangle is visible near the center-right.,The rectangular feature is described geometrically because its specific function is uncertain in IR.
FBQ-0253,FBQ-0253-CANON-Q3,RSICD,images/FBQ-0253_ir.jpg,images/FBQ-0253_rgb.jpg,spatial_structure,Where is the rectangle relative to the large circle?,Lower right,rewrite,1,1,1,The rectangular region lies below and right of the large circular feature.,The rectangular feature is described geometrically because its specific function is uncertain in IR.
FBQ-0253,FBQ-0253-CANON-Q4,RSICD,images/FBQ-0253_ir.jpg,images/FBQ-0253_rgb.jpg,intensity_contrast,Are the trees darker or brighter than the paths?,Darker,sol,1,1,1,"Tree-covered regions are predominantly dark, while the paths are light.",The rectangular feature is described geometrically because its specific function is uncertain in IR.
FBQ-0254,FBQ-0254-CANON-Q1,RSICD,images/FBQ-0254_ir.jpg,images/FBQ-0254_rgb.jpg,scene_category,What type of scene is shown?,Athletics stadium,sol,1,1,1,The IR image clearly shows an oval track enclosing a rectangular field with surrounding stands.,The stadium layout and contrast relationships are clearly resolved in IR.
FBQ-0254,FBQ-0254-CANON-Q2,RSICD,images/FBQ-0254_ir.jpg,images/FBQ-0254_rgb.jpg,object_presence,Is an oval running track visible?,Yes,sol,1,1,1,A continuous oval band outlines the central playing area.,The stadium layout and contrast relationships are clearly resolved in IR.
FBQ-0254,FBQ-0254-CANON-Q3,RSICD,images/FBQ-0254_ir.jpg,images/FBQ-0254_rgb.jpg,spatial_structure,What is inside the oval track?,Rectangular playing field,sol,1,1,1,A large rectangular region lies entirely within the oval boundary.,The stadium layout and contrast relationships are clearly resolved in IR.
FBQ-0254,FBQ-0254-CANON-Q4,RSICD,images/FBQ-0254_ir.jpg,images/FBQ-0254_rgb.jpg,intensity_contrast,Is the playing field brighter or darker than the track?,Darker,sol,1,1,1,"The field interior is nearly uniform and dark, while the surrounding track is much brighter.",The stadium layout and contrast relationships are clearly resolved in IR.
FBQ-0255,FBQ-0255-CANON-Q1,RSICD,images/FBQ-0255_ir.jpg,images/FBQ-0255_rgb.jpg,scene_category,What type of venue is shown?,Baseball stadium,sol,1,1,1,"A diamond-shaped infield, broad outfield, and curved stands are distinct in IR.",The distinctive field geometry and surrounding tiers are independently recognizable in IR.
FBQ-0255,FBQ-0255-CANON-Q2,RSICD,images/FBQ-0255_ir.jpg,images/FBQ-0255_rgb.jpg,object_presence,Is a diamond-shaped infield visible?,Yes,sol,1,1,1,A light geometric infield with connected circular areas appears within the dark field.,The distinctive field geometry and surrounding tiers are independently recognizable in IR.
FBQ-0255,FBQ-0255-CANON-Q3,RSICD,images/FBQ-0255_ir.jpg,images/FBQ-0255_rgb.jpg,spatial_structure,What borders the playing field?,Curved seating stands,sol,1,1,1,Repeated tier-like sections curve around the left and lower edges of the field.,The distinctive field geometry and surrounding tiers are independently recognizable in IR.
FBQ-0255,FBQ-0255-CANON-Q4,RSICD,images/FBQ-0255_ir.jpg,images/FBQ-0255_rgb.jpg,intensity_contrast,Is the outfield brighter or darker than the stands?,Darker,sol,1,1,1,"The outfield is a broad dark region, whereas much of the surrounding seating is lighter.",The distinctive field geometry and surrounding tiers are independently recognizable in IR.
FBQ-0256,FBQ-0256-CANON-Q1,RSICD,images/FBQ-0256_ir.jpg,images/FBQ-0256_rgb.jpg,scene_category,What type of facility is shown?,Tank storage facility,sol,1,1,1,Numerous large circular containers are clustered within a serviced industrial compound.,"Repeated circular tank forms, their placement, and intensity variation are clear in IR."
FBQ-0256,FBQ-0256-CANON-Q2,RSICD,images/FBQ-0256_ir.jpg,images/FBQ-0256_rgb.jpg,object_presence,Are multiple circular tanks visible?,Yes,sol,1,1,1,More than ten circular tank outlines are clearly distinguishable in IR.,"Repeated circular tank forms, their placement, and intensity variation are clear in IR."
FBQ-0256,FBQ-0256-CANON-Q3,RSICD,images/FBQ-0256_ir.jpg,images/FBQ-0256_rgb.jpg,spatial_structure,Where are the tanks relative to the main corridor?,Left of the corridor,sol,1,1,1,The tank cluster occupies the left side of a bright linear corridor near the right edge.,"Repeated circular tank forms, their placement, and intensity variation are clear in IR."
FBQ-0256,FBQ-0256-CANON-Q4,RSICD,images/FBQ-0256_ir.jpg,images/FBQ-0256_rgb.jpg,intensity_contrast,Do all tank tops have the same grayscale intensity?,No,sol,1,1,1,The circular tops range visibly from dark gray to nearly white.,"Repeated circular tank forms, their placement, and intensity variation are clear in IR."
FBQ-0257,FBQ-0257-CANON-Q1,RSICD,images/FBQ-0257_ir.jpg,images/FBQ-0257_rgb.jpg,scene_category,What type of facility is shown?,Tank storage complex,sol,1,1,1,The IR image contains many repeated circular tank forms within an organized compound.,The numerous repeated circles and row organization are strongly visible in IR.
FBQ-0257,FBQ-0257-CANON-Q2,RSICD,images/FBQ-0257_ir.jpg,images/FBQ-0257_rgb.jpg,object_presence,Are numerous circular tanks present?,Yes,sol,1,1,1,Many distinct circular disks are visible across the scene.,The numerous repeated circles and row organization are strongly visible in IR.
FBQ-0257,FBQ-0257-CANON-Q3,RSICD,images/FBQ-0257_ir.jpg,images/FBQ-0257_rgb.jpg,spatial_structure,How are most tanks arranged?,In rows,sol,1,1,1,The circular forms repeat along several roughly horizontal alignments.,The numerous repeated circles and row organization are strongly visible in IR.
FBQ-0257,FBQ-0257-CANON-Q4,RSICD,images/FBQ-0257_ir.jpg,images/FBQ-0257_rgb.jpg,intensity_contrast,Are the tank interiors darker or brighter than the background?,Darker,sol,1,1,1,Most circular interiors are dark gray against a nearly white surrounding surface.,The numerous repeated circles and row organization are strongly visible in IR.
FBQ-0258,FBQ-0258-CANON-Q1,RSICD,images/FBQ-0258_ir.jpg,images/FBQ-0258_rgb.jpg,scene_category,What general type of scene is shown?,Industrial facility,sol,1,1,1,"The IR image shows grouped engineered circular structures, rectangular buildings, and paved access areas.",A generic facility category is retained because its exact function is uncertain.
FBQ-0258,FBQ-0258-CANON-Q2,RSICD,images/FBQ-0258_ir.jpg,images/FBQ-0258_rgb.jpg,object_presence,Is a large dome-shaped structure visible?,Yes,sol,1,1,1,A large round structure with a curved intensity gradient is visible in the upper-right area.,A generic facility category is retained because its exact function is uncertain.
FBQ-0258,FBQ-0258-CANON-Q3,RSICD,images/FBQ-0258_ir.jpg,images/FBQ-0258_rgb.jpg,spatial_structure,Where is the largest dome relative to the smaller circles?,Upper right,sol,1,1,1,The largest round form lies above and right of the cluster of smaller circular forms.,A generic facility category is retained because its exact function is uncertain.
FBQ-0258,FBQ-0258-CANON-Q4,RSICD,images/FBQ-0258_ir.jpg,images/FBQ-0258_rgb.jpg,intensity_contrast,Is the largest dome brighter or darker than adjacent ground?,Brighter,sol,1,1,1,The upper surface of the large dome has higher intensity than the surrounding midtone pavement.,A generic facility category is retained because its exact function is uncertain.
FBQ-0259,FBQ-0259-CANON-Q1,RSICD,images/FBQ-0259_ir.jpg,images/FBQ-0259_rgb.jpg,scene_category,What type of road scene is shown?,Highway interchange,sol,1,1,1,"Multiple broad roadways, crossing ramps, and a loop-shaped connector are clearly visible.","The crossing roads, loop ramp, and intensity separation are visible despite mild blur."
FBQ-0259,FBQ-0259-CANON-Q2,RSICD,images/FBQ-0259_ir.jpg,images/FBQ-0259_rgb.jpg,object_presence,Is a loop ramp visible?,Yes,sol,1,1,1,A large teardrop-shaped curved roadway appears on the left side.,"The crossing roads, loop ramp, and intensity separation are visible despite mild blur."
FBQ-0259,FBQ-0259-CANON-Q3,RSICD,images/FBQ-0259_ir.jpg,images/FBQ-0259_rgb.jpg,spatial_structure,Where is the loop ramp relative to the main highway?,Left of the highway,sol,1,1,1,The loop occupies the left side of the broad roadway running through the center-right.,"The crossing roads, loop ramp, and intensity separation are visible despite mild blur."
FBQ-0259,FBQ-0259-CANON-Q4,RSICD,images/FBQ-0259_ir.jpg,images/FBQ-0259_rgb.jpg,intensity_contrast,Are the roads brighter or darker than nearby land?,Brighter,sol,1,1,1,Road surfaces form high-intensity bands against darker surrounding terrain.,"The crossing roads, loop ramp, and intensity separation are visible despite mild blur."
FBQ-0260,FBQ-0260-CANON-Q1,RSICD,images/FBQ-0260_ir.jpg,images/FBQ-0260_rgb.jpg,scene_category,What type of scene is shown?,Highway interchange,sol,1,1,1,Several divided roads and curved connecting ramps converge in a complex junction.,All selected questions rely on road geometry and direct grayscale contrast visible in IR.
FBQ-0260,FBQ-0260-CANON-Q2,RSICD,images/FBQ-0260_ir.jpg,images/FBQ-0260_rgb.jpg,object_presence,Are curved connector ramps present?,Yes,terra,1,1,1,Several smooth curved road segments connect the main roads.,All selected questions rely on road geometry and direct grayscale contrast visible in IR.
FBQ-0260,FBQ-0260-CANON-Q3,RSICD,images/FBQ-0260_ir.jpg,images/FBQ-0260_rgb.jpg,spatial_structure,What lies between the central roadway branches?,Elongated island,sol,1,1,1,"A long, narrow, textured region is enclosed by branching roads at the center.",All selected questions rely on road geometry and direct grayscale contrast visible in IR.
FBQ-0260,FBQ-0260-CANON-Q4,RSICD,images/FBQ-0260_ir.jpg,images/FBQ-0260_rgb.jpg,intensity_contrast,Are the roads brighter than nearby land?,Yes,terra,1,1,1,Pale road surfaces contrast strongly with darker adjacent regions.,All selected questions rely on road geometry and direct grayscale contrast visible in IR.
FBQ-0261,FBQ-0261-CANON-Q1,RSICD,images/FBQ-0261_ir.jpg,images/FBQ-0261_rgb.jpg,scene_category,What general scene category is shown?,Dense urban area,sol,1,1,1,Numerous closely spaced rectangular building outlines fill the IR frame.,
FBQ-0261,FBQ-0261-CANON-Q2,RSICD,images/FBQ-0261_ir.jpg,images/FBQ-0261_rgb.jpg,object_presence,Are multiple buildings visible?,Yes,sol,1,1,1,Many separate rectangular building outlines are visible throughout the IR image.,
FBQ-0261,FBQ-0261-CANON-Q3,RSICD,images/FBQ-0261_ir.jpg,images/FBQ-0261_rgb.jpg,spatial_structure,Where is the largest dark rectangle located?,Upper center,sol,1,1,1,A dominant dark rectangular region occupies the upper central portion.,
FBQ-0261,FBQ-0261-CANON-Q4,RSICD,images/FBQ-0261_ir.jpg,images/FBQ-0261_rgb.jpg,intensity_contrast,Is the upper rectangle darker than nearby structures?,Yes,sol,1,1,1,Its interior has markedly lower grayscale intensity than surrounding structures.,
FBQ-0262,FBQ-0262-CANON-Q1,RSICD,images/FBQ-0262_ir.jpg,images/FBQ-0262_rgb.jpg,scene_category,What type of facility is shown?,Tank facility,terra,1,1,1,Four large circular enclosed structures dominate the IR scene.,
FBQ-0262,FBQ-0262-CANON-Q2,RSICD,images/FBQ-0262_ir.jpg,images/FBQ-0262_rgb.jpg,object_presence,How many circular tanks are visible?,Four,sol,1,1,1,Four distinct large circular forms are clearly visible.,
FBQ-0262,FBQ-0262-CANON-Q3,RSICD,images/FBQ-0262_ir.jpg,images/FBQ-0262_rgb.jpg,spatial_structure,How are the tanks arranged?,Diagonally,terra,1,1,1,The four circular structures form a diagonal chain across the image.,
FBQ-0262,FBQ-0262-CANON-Q4,RSICD,images/FBQ-0262_ir.jpg,images/FBQ-0262_rgb.jpg,intensity_contrast,How do the circles contrast with their surroundings?,Bright circles against dark surroundings,luna,1,1,1,The circular interiors have substantially higher grayscale intensity than adjacent areas.,
FBQ-0263,FBQ-0263-CANON-Q1,RSICD,images/FBQ-0263_ir.jpg,images/FBQ-0263_rgb.jpg,scene_category,What broad scene is shown?,Built-up area,rewrite_backfill,1,1,1,Large rectilinear regions with straight boundaries occupy most of the frame.,Scene identity is not safely recoverable from the low-detail IR image.
FBQ-0263,FBQ-0263-CANON-Q2,RSICD,images/FBQ-0263_ir.jpg,images/FBQ-0263_rgb.jpg,object_presence,Is a large rectangular region visible?,Yes,rewrite,1,1,1,A broad pale rectangular region occupies much of the left side.,Scene identity is not safely recoverable from the low-detail IR image.
FBQ-0263,FBQ-0263-CANON-Q3,RSICD,images/FBQ-0263_ir.jpg,images/FBQ-0263_rgb.jpg,spatial_structure,Where is the large pale rectangle located?,Left side,rewrite,1,1,1,The rectangle extends along the left half beside a vertical band.,Scene identity is not safely recoverable from the low-detail IR image.
FBQ-0263,FBQ-0263-CANON-Q4,RSICD,images/FBQ-0263_ir.jpg,images/FBQ-0263_rgb.jpg,intensity_contrast,Is the central band darker than the left rectangle?,Yes,rewrite,1,1,1,The central vertical band has lower grayscale intensity than the pale left region.,Scene identity is not safely recoverable from the low-detail IR image.
FBQ-0264,FBQ-0264-CANON-Q1,RSICD,images/FBQ-0264_ir.jpg,images/FBQ-0264_rgb.jpg,scene_category,What type of site is shown?,Sports facility,terra,1,1,1,A rounded track-like loop enclosing a central area is visible in IR.,
FBQ-0264,FBQ-0264-CANON-Q2,RSICD,images/FBQ-0264_ir.jpg,images/FBQ-0264_rgb.jpg,object_presence,Is a large rectangular structure present?,Yes,sol,1,1,1,A dominant straight-edged rectangular block occupies the center-right.,
FBQ-0264,FBQ-0264-CANON-Q3,RSICD,images/FBQ-0264_ir.jpg,images/FBQ-0264_rgb.jpg,spatial_structure,Where is the rectangle relative to the oval area?,To the right,sol,1,1,1,The dark rectangular block lies directly right of the smaller oval region.,
FBQ-0264,FBQ-0264-CANON-Q4,RSICD,images/FBQ-0264_ir.jpg,images/FBQ-0264_rgb.jpg,intensity_contrast,"Which region is darker, the rectangle or oval area?",The rectangular region,sol,1,1,1,The rectangle has substantially lower grayscale intensity than the oval area.,
FBQ-0265,FBQ-0265-CANON-Q2,RSICD,images/FBQ-0265_ir.jpg,images/FBQ-0265_rgb.jpg,object_presence,How many rectangular groups are visible?,Four,rewrite,1,1,1,Four separated rectangular enclosures can be counted in the IR image.,IR geometry does not safely distinguish courts from another grouped rectangular installation. Retry18 adjudication: Repeated rectangles do not establish a meaningful facility category. Retry9 adjudication: 重复矩形只能说明布局，不能构成可靠且有意义的设施类别。
FBQ-0265,FBQ-0265-CANON-Q3,RSICD,images/FBQ-0265_ir.jpg,images/FBQ-0265_rgb.jpg,spatial_structure,What layout do the rectangular groups form?,A two-by-two grid,rewrite,1,1,1,Two rectangular groups appear above two others.,IR geometry does not safely distinguish courts from another grouped rectangular installation. Retry18 adjudication: Repeated rectangles do not establish a meaningful facility category. Retry9 adjudication: 重复矩形只能说明布局，不能构成可靠且有意义的设施类别。
FBQ-0265,FBQ-0265-CANON-Q4,RSICD,images/FBQ-0265_ir.jpg,images/FBQ-0265_rgb.jpg,intensity_contrast,Are the inner rectangles darker than their borders?,Yes,rewrite,1,1,1,Each group contains dark elongated rectangles bounded by paler strips.,IR geometry does not safely distinguish courts from another grouped rectangular installation. Retry18 adjudication: Repeated rectangles do not establish a meaningful facility category. Retry9 adjudication: 重复矩形只能说明布局，不能构成可靠且有意义的设施类别。
FBQ-0266,FBQ-0266-CANON-Q1,RSICD,images/FBQ-0266_ir.jpg,images/FBQ-0266_rgb.jpg,scene_category,What type of scene is shown?,Stadium,sol,1,1,1,A large enclosed oval field with concentric boundary bands dominates the IR image.,
FBQ-0266,FBQ-0266-CANON-Q2,RSICD,images/FBQ-0266_ir.jpg,images/FBQ-0266_rgb.jpg,object_presence,Is an oval field visible?,Yes,sol,1,1,1,A broad smooth oval region is clearly visible near the center.,
FBQ-0266,FBQ-0266-CANON-Q3,RSICD,images/FBQ-0266_ir.jpg,images/FBQ-0266_rgb.jpg,spatial_structure,Where is the oval field located?,At the center,sol,1,1,1,Curved bands and dense surrounding structures enclose the central oval.,
FBQ-0266,FBQ-0266-CANON-Q4,RSICD,images/FBQ-0266_ir.jpg,images/FBQ-0266_rgb.jpg,intensity_contrast,"Which is lighter, the central oval or surroundings?",The central oval,sol,1,1,1,The smooth central oval has higher grayscale intensity than most surrounding texture.,
FBQ-0267,FBQ-0267-CANON-Q1,RSICD,images/FBQ-0267_ir.jpg,images/FBQ-0267_rgb.jpg,scene_category,What type of scene is shown?,Sports field,sol,1,1,1,A large bounded playing-field shape occupies the central IR region.,
FBQ-0267,FBQ-0267-CANON-Q2,RSICD,images/FBQ-0267_ir.jpg,images/FBQ-0267_rgb.jpg,object_presence,Is a large rectangular field visible?,Yes,sol,1,1,1,A broad rectangular area with rounded corners occupies the center.,
FBQ-0267,FBQ-0267-CANON-Q3,RSICD,images/FBQ-0267_ir.jpg,images/FBQ-0267_rgb.jpg,spatial_structure,Where is the field within the scene?,At the center,sol,1,1,1,Dark irregular borders and outer structures surround the field on multiple sides.,
FBQ-0267,FBQ-0267-CANON-Q4,RSICD,images/FBQ-0267_ir.jpg,images/FBQ-0267_rgb.jpg,intensity_contrast,Is the field lighter than its dark border?,Yes,sol,1,1,1,The field interior is pale while the surrounding irregular band is much darker.,
FBQ-0268,FBQ-0268-CANON-Q1,RSICD,images/FBQ-0268_ir.jpg,images/FBQ-0268_rgb.jpg,scene_category,What type of facility is shown?,Athletics facility,sol,1,1,1,A prominent oval track-like boundary encloses a central field.,
FBQ-0268,FBQ-0268-CANON-Q2,RSICD,images/FBQ-0268_ir.jpg,images/FBQ-0268_rgb.jpg,object_presence,Is an oval track visible?,Yes,sol,1,1,1,A continuous oval band is visible around the central region.,
FBQ-0268,FBQ-0268-CANON-Q3,RSICD,images/FBQ-0268_ir.jpg,images/FBQ-0268_rgb.jpg,spatial_structure,Where is the elongated structure relative to the oval?,To the right,rewrite,1,1,1,A long straight-sided structure borders the oval on its right.,
FBQ-0268,FBQ-0268-CANON-Q4,RSICD,images/FBQ-0268_ir.jpg,images/FBQ-0268_rgb.jpg,intensity_contrast,"Which is darker, the oval interior or right-side structure?",The oval interior,rewrite,1,1,1,The oval interior has lower grayscale intensity than the elongated right-side structure.,
FBQ-0269,FBQ-0269-CANON-Q1,RSICD,images/FBQ-0269_ir.jpg,images/FBQ-0269_rgb.jpg,scene_category,What type of scene is shown?,Athletics stadium,sol,1,1,1,A large oval field enclosed by a continuous track-like boundary dominates the scene.,
FBQ-0269,FBQ-0269-CANON-Q2,RSICD,images/FBQ-0269_ir.jpg,images/FBQ-0269_rgb.jpg,object_presence,Is an oval field present?,Yes,sol,1,1,1,The central IR region contains a clearly defined oval interior.,
FBQ-0269,FBQ-0269-CANON-Q3,RSICD,images/FBQ-0269_ir.jpg,images/FBQ-0269_rgb.jpg,spatial_structure,Where is the oval field located?,In the center,sol,1,1,1,Built-up textures and rectangular structures surround the oval.,
FBQ-0269,FBQ-0269-CANON-Q4,RSICD,images/FBQ-0269_ir.jpg,images/FBQ-0269_rgb.jpg,intensity_contrast,Is the oval interior lighter than its border?,Yes,sol,1,1,1,The interior is pale and smooth against a distinctly darker curved perimeter.,
FBQ-0270,FBQ-0270-CANON-Q1,RSICD,images/FBQ-0270_ir.jpg,images/FBQ-0270_rgb.jpg,scene_category,What type of scene is shown?,Airport apron,sol,1,1,1,Multiple winged aircraft outlines occupy a broad open paved region.,
FBQ-0270,FBQ-0270-CANON-Q2,RSICD,images/FBQ-0270_ir.jpg,images/FBQ-0270_rgb.jpg,object_presence,Are multiple aircraft visible?,Yes,sol,1,1,1,Several distinct fuselage-and-wing silhouettes are visible across the IR image.,
FBQ-0270,FBQ-0270-CANON-Q3,RSICD,images/FBQ-0270_ir.jpg,images/FBQ-0270_rgb.jpg,spatial_structure,Where are most aircraft positioned?,Along both sides,rewrite,1,1,1,Aircraft silhouettes line the left and right sides of the broad central apron.,
FBQ-0270,FBQ-0270-CANON-Q4,RSICD,images/FBQ-0270_ir.jpg,images/FBQ-0270_rgb.jpg,intensity_contrast,"Which is lighter, the apron or aircraft outlines?",The apron,sol,1,1,1,The broad central surface is pale while many aircraft silhouettes are darker.,
FBQ-0271,FBQ-0271-CANON-Q1,RSICD,images/FBQ-0271_ir.jpg,images/FBQ-0271_rgb.jpg,scene_category,What broad scene category is shown?,Urban area,sol,1,1,1,Dense rectilinear structures and intersecting corridors form an urban layout.,The precise purpose of the rectangular areas is not asserted.
FBQ-0271,FBQ-0271-CANON-Q2,RSICD,images/FBQ-0271_ir.jpg,images/FBQ-0271_rgb.jpg,object_presence,Are large rectangular open areas visible?,Yes,sol,1,1,1,Two prominent dark rectangular regions occupy the upper half.,The precise purpose of the rectangular areas is not asserted.
FBQ-0271,FBQ-0271-CANON-Q3,RSICD,images/FBQ-0271_ir.jpg,images/FBQ-0271_rgb.jpg,spatial_structure,What separates the two dark rectangular areas?,A vertical corridor,sol,1,1,1,A broad vertical strip runs between the two dark regions.,The precise purpose of the rectangular areas is not asserted.
FBQ-0271,FBQ-0271-CANON-Q4,RSICD,images/FBQ-0271_ir.jpg,images/FBQ-0271_rgb.jpg,intensity_contrast,How do the rectangular areas compare with nearby structures?,They are darker,rewrite,1,1,1,The rectangles are nearly dark while surrounding structures are light gray.,The precise purpose of the rectangular areas is not asserted.
FBQ-0272,FBQ-0272-CANON-Q1,RSICD,images/FBQ-0272_ir.jpg,images/FBQ-0272_rgb.jpg,scene_category,What type of scene is shown?,Urban water crossing,sol,1,1,1,"A narrow crossing, broad smooth channel, roads, and developed areas are visible.",
FBQ-0272,FBQ-0272-CANON-Q2,RSICD,images/FBQ-0272_ir.jpg,images/FBQ-0272_rgb.jpg,object_presence,Is a bridge visible?,Yes,sol,1,1,1,A narrow straight structure extends diagonally across the broad channel.,
FBQ-0272,FBQ-0272-CANON-Q3,RSICD,images/FBQ-0272_ir.jpg,images/FBQ-0272_rgb.jpg,spatial_structure,What does the bridge span?,A waterway,sol,1,1,1,The bridge connects opposite land areas across a broad smooth region.,
FBQ-0272,FBQ-0272-CANON-Q4,RSICD,images/FBQ-0272_ir.jpg,images/FBQ-0272_rgb.jpg,intensity_contrast,"Which is darker, the water or the roads?",The water,sol,1,1,1,The water forms a broad dark area while the roads appear lighter.,
FBQ-0273,FBQ-0273-CANON-Q1,RSICD,images/FBQ-0273_ir.jpg,images/FBQ-0273_rgb.jpg,scene_category,What broad scene category is shown?,Open terrain,rewrite,1,1,1,Sparse ground with broad curving tracks dominates the image.,Small objects are excluded because their identities are uncertain in IR.
FBQ-0273,FBQ-0273-CANON-Q2,RSICD,images/FBQ-0273_ir.jpg,images/FBQ-0273_rgb.jpg,object_presence,Are tracks visible?,Yes,rewrite,1,1,1,Several continuous curving linear bands cross the open ground.,Small objects are excluded because their identities are uncertain in IR.
FBQ-0273,FBQ-0273-CANON-Q3,RSICD,images/FBQ-0273_ir.jpg,images/FBQ-0273_rgb.jpg,spatial_structure,How are the tracks arranged?,In winding parallel curves,rewrite,1,1,1,Multiple bands bend repeatedly and run alongside one another.,Small objects are excluded because their identities are uncertain in IR.
FBQ-0273,FBQ-0273-CANON-Q4,RSICD,images/FBQ-0273_ir.jpg,images/FBQ-0273_rgb.jpg,intensity_contrast,How do the prominent track edges compare with the ground?,They are lighter,rewrite,1,1,1,The clearest track edges are pale against the medium-gray terrain.,Small objects are excluded because their identities are uncertain in IR.
FBQ-0274,FBQ-0274-CANON-Q1,RSICD,images/FBQ-0274_ir.jpg,images/FBQ-0274_rgb.jpg,scene_category,What broad scene category is shown?,Open field,sol,1,1,1,A broad nearly uniform surface fills the image without dense structures.,"Fine details remain blurred, but the track pattern is visible."
FBQ-0274,FBQ-0274-CANON-Q2,RSICD,images/FBQ-0274_ir.jpg,images/FBQ-0274_rgb.jpg,object_presence,Are narrow tracks visible?,Yes,sol,1,1,1,Several thin linear bands traverse the field.,"Fine details remain blurred, but the track pattern is visible."
FBQ-0274,FBQ-0274-CANON-Q3,RSICD,images/FBQ-0274_ir.jpg,images/FBQ-0274_rgb.jpg,spatial_structure,Where do several tracks converge?,Near the center,sol,1,1,1,Multiple linear traces meet in the central portion of the image.,"Fine details remain blurred, but the track pattern is visible."
FBQ-0274,FBQ-0274-CANON-Q4,RSICD,images/FBQ-0274_ir.jpg,images/FBQ-0274_rgb.jpg,intensity_contrast,How do the main tracks compare with the field?,They are lighter,sol,1,1,1,The clearest diagonal tracks are pale against the medium-gray surface.,"Fine details remain blurred, but the track pattern is visible."
FBQ-0275,FBQ-0275-CANON-Q1,RSICD,images/FBQ-0275_ir.jpg,images/FBQ-0275_rgb.jpg,scene_category,What broad scene category is shown?,Dense built-up compound,sol,1,1,1,Closely packed repeated structures and internal corridors cover most of the image.,The exact purpose of the repeated structures is not asserted.
FBQ-0275,FBQ-0275-CANON-Q2,RSICD,images/FBQ-0275_ir.jpg,images/FBQ-0275_rgb.jpg,object_presence,Are repeated narrow structures visible?,Yes,sol,1,1,1,Many elongated horizontal forms repeat across the image.,The exact purpose of the repeated structures is not asserted.
FBQ-0275,FBQ-0275-CANON-Q3,RSICD,images/FBQ-0275_ir.jpg,images/FBQ-0275_rgb.jpg,spatial_structure,How are the narrow structures arranged?,In parallel rows,sol,1,1,1,The elongated forms follow closely spaced horizontal alignments.,The exact purpose of the repeated structures is not asserted.
FBQ-0275,FBQ-0275-CANON-Q4,RSICD,images/FBQ-0275_ir.jpg,images/FBQ-0275_rgb.jpg,intensity_contrast,What stands out against the gray rows?,Scattered bright points,sol,1,1,1,Small near-white spots appear intermittently along the band-like rows.,The exact purpose of the repeated structures is not asserted.
FBQ-0276,FBQ-0276-CANON-Q1,RSICD,images/FBQ-0276_ir.jpg,images/FBQ-0276_rgb.jpg,scene_category,What broad scene category is shown?,Urban neighborhood,sol,1,1,1,Dense clusters of rectangular structures and broad road corridors are visible.,
FBQ-0276,FBQ-0276-CANON-Q2,RSICD,images/FBQ-0276_ir.jpg,images/FBQ-0276_rgb.jpg,object_presence,Are many buildings visible?,Yes,sol,1,1,1,Numerous small bright rectangular forms occur in compact groups.,
FBQ-0276,FBQ-0276-CANON-Q3,RSICD,images/FBQ-0276_ir.jpg,images/FBQ-0276_rgb.jpg,spatial_structure,What divides the building clusters?,Broad roads,sol,1,1,1,Wide smooth linear corridors separate the rectangular clusters.,
FBQ-0276,FBQ-0276-CANON-Q4,RSICD,images/FBQ-0276_ir.jpg,images/FBQ-0276_rgb.jpg,intensity_contrast,How do many rooftops compare with the dark patches?,They are brighter,sol,1,1,1,Many rectangular rooftops appear nearly white beside irregular dark regions.,
FBQ-0277,FBQ-0277-CANON-Q1,RSICD,images/FBQ-0277_ir.jpg,images/FBQ-0277_rgb.jpg,scene_category,What type of facility is shown?,Container storage yard,sol,1,1,1,Uniform rectangular stacks and organized internal lanes form a storage-yard pattern.,
FBQ-0277,FBQ-0277-CANON-Q2,RSICD,images/FBQ-0277_ir.jpg,images/FBQ-0277_rgb.jpg,object_presence,Are stacked containers visible?,Yes,sol,1,1,1,Repeated box-like forms occur in dense aligned groups.,
FBQ-0277,FBQ-0277-CANON-Q3,RSICD,images/FBQ-0277_ir.jpg,images/FBQ-0277_rgb.jpg,spatial_structure,What separates the container groups?,Internal lanes,sol,1,1,1,Dark linear gaps run between the rectangular groups.,
FBQ-0277,FBQ-0277-CANON-Q4,RSICD,images/FBQ-0277_ir.jpg,images/FBQ-0277_rgb.jpg,intensity_contrast,How do the stacks compare with the lanes?,The stacks are lighter,sol,1,1,1,Rectangular stacks appear light gray while intervening lanes are dark.,
FBQ-0278,FBQ-0278-CANON-Q1,RSICD,images/FBQ-0278_ir.jpg,images/FBQ-0278_rgb.jpg,scene_category,What type of scene is shown?,Soccer field,sol,1,1,1,"A center circle, halfway line, boundaries, and penalty-area outlines are visible.",
FBQ-0278,FBQ-0278-CANON-Q2,RSICD,images/FBQ-0278_ir.jpg,images/FBQ-0278_rgb.jpg,object_presence,Is a center circle visible?,Yes,sol,1,1,1,A complete circular marking appears near the middle of the field.,
FBQ-0278,FBQ-0278-CANON-Q3,RSICD,images/FBQ-0278_ir.jpg,images/FBQ-0278_rgb.jpg,spatial_structure,Where is the center circle located?,Between the penalty areas,sol,1,1,1,The circle lies centrally between rectangular markings at opposite ends.,
FBQ-0278,FBQ-0278-CANON-Q4,RSICD,images/FBQ-0278_ir.jpg,images/FBQ-0278_rgb.jpg,intensity_contrast,How do the field markings compare with the surface?,They are darker,sol,1,1,1,Thin dark lines contrast with the lighter uniform playing surface.,
FBQ-0279,FBQ-0279-CANON-Q1,RSICD,images/FBQ-0279_ir.jpg,images/FBQ-0279_rgb.jpg,scene_category,What type of landscape is shown?,Meandering channel landscape,rewrite,1,1,1,A continuous sinuous channel with several pronounced bends dominates the image.,The isolated feature is described by appearance rather than an uncertain function.
FBQ-0279,FBQ-0279-CANON-Q2,RSICD,images/FBQ-0279_ir.jpg,images/FBQ-0279_rgb.jpg,object_presence,Is an isolated dark feature visible?,Yes,rewrite,1,1,1,A compact enclosed dark region appears below the central channel bend.,The isolated feature is described by appearance rather than an uncertain function.
FBQ-0279,FBQ-0279-CANON-Q3,RSICD,images/FBQ-0279_ir.jpg,images/FBQ-0279_rgb.jpg,spatial_structure,How does the main channel run?,In broad winding loops,rewrite,1,1,1,The channel repeatedly curves into large rounded loops.,The isolated feature is described by appearance rather than an uncertain function.
FBQ-0279,FBQ-0279-CANON-Q4,RSICD,images/FBQ-0279_ir.jpg,images/FBQ-0279_rgb.jpg,intensity_contrast,How does the channel compare with the surrounding terrain?,It is darker,rewrite,1,1,1,The sinuous channel is nearly black against the lighter surrounding terrain.,The isolated feature is described by appearance rather than an uncertain function.
FBQ-0280,FBQ-0280-CANON-Q1,RSICD,images/FBQ-0280_ir.jpg,images/FBQ-0280_rgb.jpg,scene_category,What broad scene category is shown?,Large built complex,rewrite,1,1,1,"Several large connected structures, internal spaces, and bordering roads form one compound.",The complex's specific institutional function is not asserted.
FBQ-0280,FBQ-0280-CANON-Q2,RSICD,images/FBQ-0280_ir.jpg,images/FBQ-0280_rgb.jpg,object_presence,Are multiple large buildings visible?,Yes,sol,1,1,1,Numerous large rectangular and angular roof outlines occupy the center.,The complex's specific institutional function is not asserted.
FBQ-0280,FBQ-0280-CANON-Q3,RSICD,images/FBQ-0280_ir.jpg,images/FBQ-0280_rgb.jpg,spatial_structure,What surrounds the central open spaces?,Large buildings,sol,1,1,1,Angular roof forms occur on several sides of darker internal areas.,The complex's specific institutional function is not asserted.
FBQ-0280,FBQ-0280-CANON-Q4,RSICD,images/FBQ-0280_ir.jpg,images/FBQ-0280_rgb.jpg,intensity_contrast,How do many roofs compare with the open grounds?,They are lighter,sol,1,1,1,Several roofs appear pale while adjacent open areas are darker gray.,The complex's specific institutional function is not asserted.
FBQ-0281,FBQ-0281-CANON-Q1,RSICD,images/FBQ-0281_ir.jpg,images/FBQ-0281_rgb.jpg,scene_category,What road feature dominates the scene?,A roundabout,sol,1,1,1,A circular roadway with multiple joining branches surrounds the center.,
FBQ-0281,FBQ-0281-CANON-Q2,RSICD,images/FBQ-0281_ir.jpg,images/FBQ-0281_rgb.jpg,object_presence,Is there a central circular island?,Yes,terra,1,1,1,A bounded circular area is clearly visible inside the road ring.,
FBQ-0281,FBQ-0281-CANON-Q3,RSICD,images/FBQ-0281_ir.jpg,images/FBQ-0281_rgb.jpg,spatial_structure,Where is the island located?,Inside the roundabout,terra,1,1,1,The circular island is fully enclosed by the surrounding roadway.,
FBQ-0281,FBQ-0281-CANON-Q4,RSICD,images/FBQ-0281_ir.jpg,images/FBQ-0281_rgb.jpg,intensity_contrast,Is the road ring brighter than the center?,Yes,rewrite,1,1,1,The smooth road ring appears lighter than most of the patterned center.,
FBQ-0282,FBQ-0282-CANON-Q1,RSICD,images/FBQ-0282_ir.jpg,images/FBQ-0282_rgb.jpg,scene_category,What type of site is depicted?,An industrial facility,terra,1,1,1,"Dense equipment, engineered structures, and several large tanks are visible.",
FBQ-0282,FBQ-0282-CANON-Q2,RSICD,images/FBQ-0282_ir.jpg,images/FBQ-0282_rgb.jpg,object_presence,How many prominent circular tanks are visible?,Three,sol,1,1,1,Three large rimmed circles appear near the lower center.,
FBQ-0282,FBQ-0282-CANON-Q3,RSICD,images/FBQ-0282_ir.jpg,images/FBQ-0282_rgb.jpg,spatial_structure,How are the three tanks arranged?,In a row,sol,1,1,1,The three circular tanks are positioned side by side.,
FBQ-0282,FBQ-0282-CANON-Q4,RSICD,images/FBQ-0282_ir.jpg,images/FBQ-0282_rgb.jpg,intensity_contrast,Are the tank rims brighter than their interiors?,Yes,sol,1,1,1,Each tank has a light circular boundary around a darker interior.,
FBQ-0283,FBQ-0283-CANON-Q1,RSICD,images/FBQ-0283_ir.jpg,images/FBQ-0283_rgb.jpg,scene_category,What recreational facility is shown?,Basketball courts,rewrite,1,1,1,Repeated rectangular courts contain center circles and curved end markings.,
FBQ-0283,FBQ-0283-CANON-Q2,RSICD,images/FBQ-0283_ir.jpg,images/FBQ-0283_rgb.jpg,object_presence,Are multiple courts visible?,Yes,sol,1,1,1,Several adjoining marked playing rectangles are clearly distinguishable.,
FBQ-0283,FBQ-0283-CANON-Q3,RSICD,images/FBQ-0283_ir.jpg,images/FBQ-0283_rgb.jpg,spatial_structure,How are the courts arranged?,In parallel rows,luna,1,1,1,The court rectangles repeat in aligned parallel groups.,
FBQ-0283,FBQ-0283-CANON-Q4,RSICD,images/FBQ-0283_ir.jpg,images/FBQ-0283_rgb.jpg,intensity_contrast,Are the courts darker than the bordering trees?,Yes,sol,1,1,1,The court surfaces are dark beside substantially lighter tree canopies.,
FBQ-0284,FBQ-0284-CANON-Q1,RSICD,images/FBQ-0284_ir.jpg,images/FBQ-0284_rgb.jpg,scene_category,What transportation facility is shown?,An airport apron,rewrite,1,1,1,Aircraft silhouettes surround a branching terminal-like structure on broad pavement.,"The IR image is blurred, but the principal airport structures remain distinguishable."
FBQ-0284,FBQ-0284-CANON-Q2,RSICD,images/FBQ-0284_ir.jpg,images/FBQ-0284_rgb.jpg,object_presence,Are multiple aircraft visible?,Yes,sol,1,1,1,Numerous repeated fuselage-and-wing silhouettes are visible across the apron.,"The IR image is blurred, but the principal airport structures remain distinguishable."
FBQ-0284,FBQ-0284-CANON-Q3,RSICD,images/FBQ-0284_ir.jpg,images/FBQ-0284_rgb.jpg,spatial_structure,Where are the aircraft concentrated?,Around the terminal concourses,sol,1,1,1,Aircraft silhouettes cluster beside the arms of the branching central structure.,"The IR image is blurred, but the principal airport structures remain distinguishable."
FBQ-0284,FBQ-0284-CANON-Q4,RSICD,images/FBQ-0284_ir.jpg,images/FBQ-0284_rgb.jpg,intensity_contrast,Is the terminal brighter than the apron?,Yes,sol,1,1,1,The branching terminal structure is much lighter than the surrounding pavement.,"The IR image is blurred, but the principal airport structures remain distinguishable."
FBQ-0285,FBQ-0285-CANON-Q1,RSICD,images/FBQ-0285_ir.jpg,images/FBQ-0285_rgb.jpg,scene_category,What type of site is depicted?,An airport apron,sol,1,1,1,Several aircraft silhouettes occupy a broad paved operational area.,
FBQ-0285,FBQ-0285-CANON-Q2,RSICD,images/FBQ-0285_ir.jpg,images/FBQ-0285_rgb.jpg,object_presence,Are several aircraft visible?,Yes,terra,1,1,1,Multiple distinct fuselage-and-wing outlines are distributed across the pavement.,
FBQ-0285,FBQ-0285-CANON-Q3,RSICD,images/FBQ-0285_ir.jpg,images/FBQ-0285_rgb.jpg,spatial_structure,Where are the large buildings located?,Along the right side,rewrite,1,1,1,Large rectangular structures line the right edge beside the aircraft.,
FBQ-0285,FBQ-0285-CANON-Q4,RSICD,images/FBQ-0285_ir.jpg,images/FBQ-0285_rgb.jpg,intensity_contrast,Is the pavement darker than the aircraft?,Yes,rewrite,1,1,1,The aircraft silhouettes appear lighter than the broad surrounding pavement.,
FBQ-0286,FBQ-0286-CANON-Q1,RSICD,images/FBQ-0286_ir.jpg,images/FBQ-0286_rgb.jpg,scene_category,What type of scene is shown?,Vehicle close-up,retry18_sol,1,1,1,A large body panel and circular wheel fill most of the frame.,The IR and RGB images depict incompatible scenes. Retry18 adjudication: The IR independently supports a vehicle close-up despite the mismatched RGB image.
FBQ-0286,FBQ-0286-CANON-Q2,RSICD,images/FBQ-0286_ir.jpg,images/FBQ-0286_rgb.jpg,object_presence,Is a large wheel visible?,Yes,retry18_sol,1,1,1,A clearly outlined circular wheel appears in the lower-left region.,The IR and RGB images depict incompatible scenes. Retry18 adjudication: The IR independently supports a vehicle close-up despite the mismatched RGB image.
FBQ-0286,FBQ-0286-CANON-Q3,RSICD,images/FBQ-0286_ir.jpg,images/FBQ-0286_rgb.jpg,spatial_structure,Where is the large wheel located?,Lower left,retry18_sol,1,1,1,The circular wheel occupies the lower-left portion of the frame.,The IR and RGB images depict incompatible scenes. Retry18 adjudication: The IR independently supports a vehicle close-up despite the mismatched RGB image.
FBQ-0286,FBQ-0286-CANON-Q4,RSICD,images/FBQ-0286_ir.jpg,images/FBQ-0286_rgb.jpg,intensity_contrast,How does the wheel compare with the vehicle body?,Darker,retry18_sol,1,1,1,The wheel is markedly darker than the surrounding broad body panel.,The IR and RGB images depict incompatible scenes. Retry18 adjudication: The IR independently supports a vehicle close-up despite the mismatched RGB image.
FBQ-0287,FBQ-0287-CANON-Q1,RSICD,images/FBQ-0287_ir.jpg,images/FBQ-0287_rgb.jpg,scene_category,What type of sports site is shown?,Baseball complex,rewrite_backfill,1,1,1,Four repeated diamond-like field regions radiate around a shared central hub.,The blurred IR supports the radial geometry but not a reliable sports-scene identity.
FBQ-0287,FBQ-0287-CANON-Q2,RSICD,images/FBQ-0287_ir.jpg,images/FBQ-0287_rgb.jpg,object_presence,How many dark rounded regions surround the center?,Four,rewrite,1,1,1,Four distinct dark rounded regions occupy separate quadrants around the center.,The blurred IR supports the radial geometry but not a reliable sports-scene identity.
FBQ-0287,FBQ-0287-CANON-Q3,RSICD,images/FBQ-0287_ir.jpg,images/FBQ-0287_rgb.jpg,spatial_structure,Where is the bright junction located?,At the center,rewrite,1,1,1,A bright cross-shaped junction lies between all four rounded regions.,The blurred IR supports the radial geometry but not a reliable sports-scene identity.
FBQ-0287,FBQ-0287-CANON-Q4,RSICD,images/FBQ-0287_ir.jpg,images/FBQ-0287_rgb.jpg,intensity_contrast,Is the central junction brighter than the surrounding regions?,Yes,rewrite,1,1,1,The central cross is light while the four surrounding regions are dark.,The blurred IR supports the radial geometry but not a reliable sports-scene identity.
FBQ-0288,FBQ-0288-CANON-Q1,RSICD,images/FBQ-0288_ir.jpg,images/FBQ-0288_rgb.jpg,scene_category,What type of sports area is shown?,Baseball fields,sol,1,1,1,Two separated infield-shaped regions with central points occupy the open ground.,
FBQ-0288,FBQ-0288-CANON-Q2,RSICD,images/FBQ-0288_ir.jpg,images/FBQ-0288_rgb.jpg,object_presence,How many infield regions are visible?,Two,rewrite,1,1,1,Two distinct rounded infield regions appear at opposite parts of the ground.,
FBQ-0288,FBQ-0288-CANON-Q3,RSICD,images/FBQ-0288_ir.jpg,images/FBQ-0288_rgb.jpg,spatial_structure,Where are the two infields located?,At opposite sides,luna,1,1,1,One lies near the upper left and the other near the lower right.,
FBQ-0288,FBQ-0288-CANON-Q4,RSICD,images/FBQ-0288_ir.jpg,images/FBQ-0288_rgb.jpg,intensity_contrast,Are the infields darker than the surrounding ground?,Yes,sol,1,1,1,Both rounded infield regions have lower intensity than the broad central surface.,
FBQ-0289,FBQ-0289-CANON-Q1,RSICD,images/FBQ-0289_ir.jpg,images/FBQ-0289_rgb.jpg,scene_category,What broad scene type is shown?,Transportation over water,rewrite_backfill,1,1,1,A bright curved bridge spans broad dark water regions.,Strong saturation prevents reliable identification of the scene or crossing structure.
FBQ-0289,FBQ-0289-CANON-Q2,RSICD,images/FBQ-0289_ir.jpg,images/FBQ-0289_rgb.jpg,object_presence,Is a narrow curved structure visible?,Yes,rewrite,1,1,1,A continuous narrow curved band passes through the image center.,Strong saturation prevents reliable identification of the scene or crossing structure.
FBQ-0289,FBQ-0289-CANON-Q3,RSICD,images/FBQ-0289_ir.jpg,images/FBQ-0289_rgb.jpg,spatial_structure,Where does the narrow structure pass?,Through the center,rewrite,1,1,1,The narrow band extends across the central portion of the image.,Strong saturation prevents reliable identification of the scene or crossing structure.
FBQ-0289,FBQ-0289-CANON-Q4,RSICD,images/FBQ-0289_ir.jpg,images/FBQ-0289_rgb.jpg,intensity_contrast,Is the narrow structure brighter than its background?,Yes,rewrite,1,1,1,The narrow central band is light against a predominantly dark background.,Strong saturation prevents reliable identification of the scene or crossing structure.
FBQ-0290,FBQ-0290-CANON-Q1,RSICD,images/FBQ-0290_ir.jpg,images/FBQ-0290_rgb.jpg,scene_category,What type of setting is shown?,A building complex,sol,1,1,1,A dominant curved structure and several neighboring rectangular buildings are visible.,
FBQ-0290,FBQ-0290-CANON-Q2,RSICD,images/FBQ-0290_ir.jpg,images/FBQ-0290_rgb.jpg,object_presence,Is there a central enclosed area?,Yes,terra,1,1,1,A dark irregular open region is enclosed by the curved structure.,
FBQ-0290,FBQ-0290-CANON-Q3,RSICD,images/FBQ-0290_ir.jpg,images/FBQ-0290_rgb.jpg,spatial_structure,How is the main building arranged?,Around the central area,rewrite,1,1,1,The main structure forms a broad curve enclosing the dark center.,
FBQ-0290,FBQ-0290-CANON-Q4,RSICD,images/FBQ-0290_ir.jpg,images/FBQ-0290_rgb.jpg,intensity_contrast,Is the building brighter than the central area?,Yes,rewrite,1,1,1,The curved building is light while the enclosed center is much darker.,
FBQ-0291,FBQ-0291-CANON-Q1,RSICD,images/FBQ-0291_ir.jpg,images/FBQ-0291_rgb.jpg,scene_category,What type of scene is shown?,Large building complex,sol,1,1,1,"A dominant rectangular structure, adjoining blocks, and surrounding access corridors are visible.",
FBQ-0291,FBQ-0291-CANON-Q2,RSICD,images/FBQ-0291_ir.jpg,images/FBQ-0291_rgb.jpg,object_presence,Is a large rectangular building visible?,Yes,terra,1,1,1,A large sharply bounded rectangular structure occupies the center.,
FBQ-0291,FBQ-0291-CANON-Q3,RSICD,images/FBQ-0291_ir.jpg,images/FBQ-0291_rgb.jpg,spatial_structure,Where is the largest building?,At the center,terra,1,1,1,The largest rectangular structure occupies the central image area.,
FBQ-0291,FBQ-0291-CANON-Q4,RSICD,images/FBQ-0291_ir.jpg,images/FBQ-0291_rgb.jpg,intensity_contrast,How does the central roof compare with the dark area to its left?,Brighter,rewrite,1,1,1,The central roof is light gray beside a much darker curved area on the left.,
FBQ-0292,FBQ-0292-CANON-Q1,RSICD,images/FBQ-0292_ir.jpg,images/FBQ-0292_rgb.jpg,scene_category,What type of area is shown?,Residential neighborhood,luna,1,1,1,Numerous small roof-like structures line a network of curving corridors.,
FBQ-0292,FBQ-0292-CANON-Q2,RSICD,images/FBQ-0292_ir.jpg,images/FBQ-0292_rgb.jpg,object_presence,Are many small houses visible?,Yes,rewrite,1,1,1,Many repeated compact roof outlines are distributed throughout the image.,
FBQ-0292,FBQ-0292-CANON-Q3,RSICD,images/FBQ-0292_ir.jpg,images/FBQ-0292_rgb.jpg,spatial_structure,How are the houses organized?,Along curving streets,luna,1,1,1,The small roof-like forms follow both sides of several curved corridors.,
FBQ-0292,FBQ-0292-CANON-Q4,RSICD,images/FBQ-0292_ir.jpg,images/FBQ-0292_rgb.jpg,intensity_contrast,How do the streets compare with most roofs?,Darker,rewrite,1,1,1,Continuous street corridors are darker than most adjacent roof surfaces.,
FBQ-0293,FBQ-0293-CANON-Q1,RSICD,images/FBQ-0293_ir.jpg,images/FBQ-0293_rgb.jpg,scene_category,What type of developed area is shown?,Industrial area,sol,1,1,1,Several large rectangular buildings and narrow service corridors form a dense developed site.,
FBQ-0293,FBQ-0293-CANON-Q2,RSICD,images/FBQ-0293_ir.jpg,images/FBQ-0293_rgb.jpg,object_presence,Are large warehouse-like buildings present?,Yes,sol,1,1,1,Several broad rectangular roof outlines dominate both sides of the image.,
FBQ-0293,FBQ-0293-CANON-Q3,RSICD,images/FBQ-0293_ir.jpg,images/FBQ-0293_rgb.jpg,spatial_structure,What lies between the main building groups?,A road,rewrite,1,1,1,A continuous linear corridor runs diagonally between the left and right building groups.,
FBQ-0293,FBQ-0293-CANON-Q4,RSICD,images/FBQ-0293_ir.jpg,images/FBQ-0293_rgb.jpg,intensity_contrast,How does the large left roof compare with the central road?,Brighter,sol,1,1,1,The broad left roof is light gray while the central road is distinctly darker.,
FBQ-0294,FBQ-0294-CANON-Q1,RSICD,images/FBQ-0294_ir.jpg,images/FBQ-0294_rgb.jpg,scene_category,What broad terrain type is visible?,Mountainous terrain,sol,1,1,1,Branching ridge-like and valley-like relief patterns cover the image.,"Only broad, low-contrast terrain structure is reliable because the IR image is heavily blurred."
FBQ-0294,FBQ-0294-CANON-Q2,RSICD,images/FBQ-0294_ir.jpg,images/FBQ-0294_rgb.jpg,object_presence,Are branching terrain features visible?,Yes,sol,1,1,1,Multiple blurred linear terrain forms branch across the frame.,"Only broad, low-contrast terrain structure is reliable because the IR image is heavily blurred."
FBQ-0294,FBQ-0294-CANON-Q3,RSICD,images/FBQ-0294_ir.jpg,images/FBQ-0294_rgb.jpg,spatial_structure,What pattern do the terrain features form?,A branching network,rewrite,1,1,1,Several elongated features divide into smaller branches through the center.,"Only broad, low-contrast terrain structure is reliable because the IR image is heavily blurred."
FBQ-0294,FBQ-0294-CANON-Q4,RSICD,images/FBQ-0294_ir.jpg,images/FBQ-0294_rgb.jpg,intensity_contrast,Is the terrain contrast strong or weak?,Weak,sol,1,1,1,Adjacent terrain forms differ only slightly in grayscale intensity.,"Only broad, low-contrast terrain structure is reliable because the IR image is heavily blurred."
FBQ-0295,FBQ-0295-CANON-Q1,RSICD,images/FBQ-0295_ir.jpg,images/FBQ-0295_rgb.jpg,scene_category,What type of facility dominates the scene?,Parking facility,sol,1,1,1,Dense parallel rows of vehicle-sized forms occupy most of the image.,
FBQ-0295,FBQ-0295-CANON-Q2,RSICD,images/FBQ-0295_ir.jpg,images/FBQ-0295_rgb.jpg,object_presence,Are many parked vehicles visible?,Yes,sol,1,1,1,Numerous small elongated forms appear in regularly spaced rows.,
FBQ-0295,FBQ-0295-CANON-Q3,RSICD,images/FBQ-0295_ir.jpg,images/FBQ-0295_rgb.jpg,spatial_structure,Where are the main vehicle rows relative to the buildings?,On both sides,rewrite,1,1,1,Dense vehicle rows extend along the left and right sides of the central buildings.,
FBQ-0295,FBQ-0295-CANON-Q4,RSICD,images/FBQ-0295_ir.jpg,images/FBQ-0295_rgb.jpg,intensity_contrast,How do the vehicle rows compare with the pavement?,Brighter,rewrite,1,1,1,Repeated vehicle-sized forms are brighter than the surrounding dark paved lanes.,
FBQ-0296,FBQ-0296-CANON-Q1,RSICD,images/FBQ-0296_ir.jpg,images/FBQ-0296_rgb.jpg,scene_category,What natural landscape is shown?,River floodplain,sol,1,1,1,A broad sinuous channel with large bends crosses textured low-lying terrain.,
FBQ-0296,FBQ-0296-CANON-Q2,RSICD,images/FBQ-0296_ir.jpg,images/FBQ-0296_rgb.jpg,object_presence,Is a meandering river visible?,Yes,sol,1,1,1,A continuous smooth channel forms several pronounced curves across the frame.,
FBQ-0296,FBQ-0296-CANON-Q3,RSICD,images/FBQ-0296_ir.jpg,images/FBQ-0296_rgb.jpg,spatial_structure,Where does the main river run?,Across the center,sol,1,1,1,The dominant sinuous channel traverses the middle from left to right.,
FBQ-0296,FBQ-0296-CANON-Q4,RSICD,images/FBQ-0296_ir.jpg,images/FBQ-0296_rgb.jpg,intensity_contrast,How does the river compare with the adjacent floodplain?,Darker,sol,1,1,1,The river channel is consistently darker than the bordering terrain.,
FBQ-0297,FBQ-0297-CANON-Q1,RSICD,images/FBQ-0297_ir.jpg,images/FBQ-0297_rgb.jpg,scene_category,What type of venue is depicted?,Sports stadium,sol,1,1,1,A large enclosed rectangular area is bordered by substantial structural bands.,"Fine structural details are blurred, but the enclosed central area remains distinct."
FBQ-0297,FBQ-0297-CANON-Q2,RSICD,images/FBQ-0297_ir.jpg,images/FBQ-0297_rgb.jpg,object_presence,Is a rectangular playing area present?,Yes,sol,1,1,1,A large uniform rectangle with straight boundaries occupies the center.,"Fine structural details are blurred, but the enclosed central area remains distinct."
FBQ-0297,FBQ-0297-CANON-Q3,RSICD,images/FBQ-0297_ir.jpg,images/FBQ-0297_rgb.jpg,spatial_structure,Where is the playing area?,At the center,rewrite,1,1,1,Structural bands and blocks enclose the central rectangular area.,"Fine structural details are blurred, but the enclosed central area remains distinct."
FBQ-0297,FBQ-0297-CANON-Q4,RSICD,images/FBQ-0297_ir.jpg,images/FBQ-0297_rgb.jpg,intensity_contrast,How does the playing area compare with the upper stand?,Brighter,sol,1,1,1,The central rectangle is light gray while the elongated upper section is very dark.,"Fine structural details are blurred, but the enclosed central area remains distinct."
FBQ-0298,FBQ-0298-CANON-Q1,RSICD,images/FBQ-0298_ir.jpg,images/FBQ-0298_rgb.jpg,scene_category,What type of site layout is shown?,Circular-structure facility,rewrite,1,1,1,Three prominent circular structures form an organized facility layout.,Specific facility function is not determined from IR; only the circular-structure layout is retained.
FBQ-0298,FBQ-0298-CANON-Q2,RSICD,images/FBQ-0298_ir.jpg,images/FBQ-0298_rgb.jpg,object_presence,How many large circular structures are visible?,Three,rewrite,1,1,1,Two large rounded forms appear above a third rounded form.,Specific facility function is not determined from IR; only the circular-structure layout is retained.
FBQ-0298,FBQ-0298-CANON-Q3,RSICD,images/FBQ-0298_ir.jpg,images/FBQ-0298_rgb.jpg,spatial_structure,How are the three circular structures arranged?,Two above one,rewrite,1,1,1,Two circular structures occupy the upper half and one lies below them.,Specific facility function is not determined from IR; only the circular-structure layout is retained.
FBQ-0298,FBQ-0298-CANON-Q4,RSICD,images/FBQ-0298_ir.jpg,images/FBQ-0298_rgb.jpg,intensity_contrast,How do the circular structures compare with the surrounding ground?,Brighter,rewrite,1,1,1,All three circular structures are light against a darker surrounding area.,Specific facility function is not determined from IR; only the circular-structure layout is retained.
FBQ-0299,FBQ-0299-CANON-Q1,RSICD,images/FBQ-0299_ir.jpg,images/FBQ-0299_rgb.jpg,scene_category,What broad scene category is visible?,Building complex,sol,1,1,1,Multiple large rectilinear blocks are separated by open corridors.,Severe blur limits interpretation to broad rectangular structures and intensity patterns.
FBQ-0299,FBQ-0299-CANON-Q2,RSICD,images/FBQ-0299_ir.jpg,images/FBQ-0299_rgb.jpg,object_presence,Are multiple rectangular structures present?,Yes,sol,1,1,1,"Distinct rectangular blocks appear in the upper, central, and lower portions.",Severe blur limits interpretation to broad rectangular structures and intensity patterns.
FBQ-0299,FBQ-0299-CANON-Q3,RSICD,images/FBQ-0299_ir.jpg,images/FBQ-0299_rgb.jpg,spatial_structure,Where is the brightest long structure located?,Near the bottom,sol,1,1,1,A horizontally elongated bright block spans the lower-central image area.,Severe blur limits interpretation to broad rectangular structures and intensity patterns.
FBQ-0299,FBQ-0299-CANON-Q4,RSICD,images/FBQ-0299_ir.jpg,images/FBQ-0299_rgb.jpg,intensity_contrast,How does the center-right rectangle compare with its surroundings?,Darker,sol,1,1,1,The center-right rectangle is nearly dark while adjacent regions are mid-gray.,Severe blur limits interpretation to broad rectangular structures and intensity patterns.
FBQ-0300,FBQ-0300-CANON-Q1,RSICD,images/FBQ-0300_ir.jpg,images/FBQ-0300_rgb.jpg,scene_category,What type of facility is shown?,Sports track facility,terra,1,1,1,A large regular oval track-like feature appears beside clustered structures.,"The image is blurred, but the oval layout and adjacent structural cluster remain distinguishable."
FBQ-0300,FBQ-0300-CANON-Q2,RSICD,images/FBQ-0300_ir.jpg,images/FBQ-0300_rgb.jpg,object_presence,Is an oval track visible?,Yes,sol,1,1,1,A clearly bounded elongated oval occupies the left side.,"The image is blurred, but the oval layout and adjacent structural cluster remain distinguishable."
FBQ-0300,FBQ-0300-CANON-Q3,RSICD,images/FBQ-0300_ir.jpg,images/FBQ-0300_rgb.jpg,spatial_structure,Where is the oval track relative to the buildings?,To the left,sol,1,1,1,The oval occupies the left side while dense rectilinear structures occupy the right.,"The image is blurred, but the oval layout and adjacent structural cluster remain distinguishable."
FBQ-0300,FBQ-0300-CANON-Q4,RSICD,images/FBQ-0300_ir.jpg,images/FBQ-0300_rgb.jpg,intensity_contrast,How does the oval interior compare with its outer border?,Darker,sol,1,1,1,The oval interior is medium-dark while its surrounding boundary is much lighter.,"The image is blurred, but the oval layout and adjacent structural cluster remain distinguishable."
FBQ-0301,FBQ-0301-CANON-Q1,RSITMD,images/FBQ-0301_ir.jpg,images/FBQ-0301_rgb.jpg,scene_category,What type of complex is shown?,Sports complex,sol,1,1,1,A large enclosed stadium and adjacent marked fields are visible.,
FBQ-0301,FBQ-0301-CANON-Q2,RSITMD,images/FBQ-0301_ir.jpg,images/FBQ-0301_rgb.jpg,object_presence,Is a large stadium visible?,Yes,sol,1,1,1,A prominent oval enclosed structure occupies the lower portion.,
FBQ-0301,FBQ-0301-CANON-Q3,RSITMD,images/FBQ-0301_ir.jpg,images/FBQ-0301_rgb.jpg,spatial_structure,Where is the stadium relative to the fields?,Below the fields,sol,1,1,1,The oval stadium lies beneath the large rectangular field areas.,
FBQ-0301,FBQ-0301-CANON-Q4,RSITMD,images/FBQ-0301_ir.jpg,images/FBQ-0301_rgb.jpg,intensity_contrast,Is the stadium roof brighter or darker than the fields?,Brighter,sol,1,1,1,The pale stadium roof contrasts strongly with the darker fields.,
FBQ-0302,FBQ-0302-CANON-Q1,RSITMD,images/FBQ-0302_ir.jpg,images/FBQ-0302_rgb.jpg,scene_category,What type of site is depicted?,Building complex,sol,1,1,1,Several large rectangular roof outlines are grouped around access lanes.,
FBQ-0302,FBQ-0302-CANON-Q2,RSITMD,images/FBQ-0302_ir.jpg,images/FBQ-0302_rgb.jpg,object_presence,Is a large rectangular hall present?,Yes,sol,1,1,1,A sharply bounded rectangular roof occupies the lower-right area.,
FBQ-0302,FBQ-0302-CANON-Q3,RSITMD,images/FBQ-0302_ir.jpg,images/FBQ-0302_rgb.jpg,spatial_structure,Where are the smaller buildings relative to the hall?,To the left,sol,1,1,1,Two smaller roof forms lie left of the largest rectangle.,
FBQ-0302,FBQ-0302-CANON-Q4,RSITMD,images/FBQ-0302_ir.jpg,images/FBQ-0302_rgb.jpg,intensity_contrast,"Which is brighter, the large roof or the rectangular field?",The large roof,rewrite,1,1,1,The lower-right roof is pale while the upper-right field is dark.,
FBQ-0303,FBQ-0303-CANON-Q1,RSITMD,images/FBQ-0303_ir.jpg,images/FBQ-0303_rgb.jpg,scene_category,What type of facility is shown?,Airport terminal,sol,1,1,1,"Long concourses, repeated boarding projections, and aircraft silhouettes are visible.",
FBQ-0303,FBQ-0303-CANON-Q2,RSITMD,images/FBQ-0303_ir.jpg,images/FBQ-0303_rgb.jpg,object_presence,Are aircraft visible on the apron?,Yes,sol,1,1,1,Several distinct fuselage-and-wing silhouettes appear around the terminal structures.,
FBQ-0303,FBQ-0303-CANON-Q3,RSITMD,images/FBQ-0303_ir.jpg,images/FBQ-0303_rgb.jpg,spatial_structure,Where are the aircraft relative to the concourses?,Beside the concourses,sol,1,1,1,Aircraft outlines line the outer sides of both long concourses.,
FBQ-0303,FBQ-0303-CANON-Q4,RSITMD,images/FBQ-0303_ir.jpg,images/FBQ-0303_rgb.jpg,intensity_contrast,"Which is brighter, the terminal roofs or the apron?",The terminal roofs,sol,1,1,1,The terminal roofs are pale against the broad darker apron.,
FBQ-0304,FBQ-0304-CANON-Q1,RSITMD,images/FBQ-0304_ir.jpg,images/FBQ-0304_rgb.jpg,scene_category,What type of transport area is shown?,Airport apron,sol,1,1,1,Multiple aircraft outlines are arranged across a broad paved surface.,
FBQ-0304,FBQ-0304-CANON-Q2,RSITMD,images/FBQ-0304_ir.jpg,images/FBQ-0304_rgb.jpg,object_presence,Are multiple parked aircraft visible?,Yes,sol,1,1,1,A repeated row of winged aircraft shapes is visible along the left edge.,
FBQ-0304,FBQ-0304-CANON-Q3,RSITMD,images/FBQ-0304_ir.jpg,images/FBQ-0304_rgb.jpg,spatial_structure,Where is the main row of aircraft?,Along the left edge,rewrite,1,1,1,The clustered aircraft outlines form a line beside the left boundary.,
FBQ-0304,FBQ-0304-CANON-Q4,RSITMD,images/FBQ-0304_ir.jpg,images/FBQ-0304_rgb.jpg,intensity_contrast,Which side contains the brightest elongated region?,The right side,sol,1,1,1,A narrow high-intensity strip extends vertically near the right boundary.,
FBQ-0305,FBQ-0305-CANON-Q1,RSITMD,images/FBQ-0305_ir.jpg,images/FBQ-0305_rgb.jpg,scene_category,What type of site is shown?,Excavation site,sol,1,1,1,"Stepped cuts, disturbed surfaces, and broad tracks are visible.",
FBQ-0305,FBQ-0305-CANON-Q2,RSITMD,images/FBQ-0305_ir.jpg,images/FBQ-0305_rgb.jpg,object_presence,Is a broad curving track visible?,Yes,rewrite,1,1,1,A wide curved band extends upward from the lower portion.,
FBQ-0305,FBQ-0305-CANON-Q3,RSITMD,images/FBQ-0305_ir.jpg,images/FBQ-0305_rgb.jpg,spatial_structure,Where are the stepped cuts relative to the broad track?,To the left,rewrite,1,1,1,Densely textured stepped cuts lie left of the smoother curved band.,
FBQ-0305,FBQ-0305-CANON-Q4,RSITMD,images/FBQ-0305_ir.jpg,images/FBQ-0305_rgb.jpg,intensity_contrast,Which side has the broader bright graded surface?,The right side,sol,1,1,1,A large pale graded area occupies much of the right half.,
FBQ-0306,FBQ-0306-CANON-Q1,RSITMD,images/FBQ-0306_ir.jpg,images/FBQ-0306_rgb.jpg,scene_category,What broad scene type is shown?,Disturbed land area,rewrite_backfill,1,1,1,A smooth bounded parcel adjoins irregular rough ground across a straight boundary.,The blurred IR image does not support a reliable scene category.
FBQ-0306,FBQ-0306-CANON-Q2,RSITMD,images/FBQ-0306_ir.jpg,images/FBQ-0306_rgb.jpg,object_presence,Is a straight linear boundary visible?,Yes,sol,1,1,1,A distinct near-vertical strip divides the left and right regions.,The blurred IR image does not support a reliable scene category.
FBQ-0306,FBQ-0306-CANON-Q3,RSITMD,images/FBQ-0306_ir.jpg,images/FBQ-0306_rgb.jpg,spatial_structure,Where is the smoother region relative to the rough region?,To the left,rewrite,1,1,1,Uniform texture occupies the left while mottled texture occupies the right.,The blurred IR image does not support a reliable scene category.
FBQ-0306,FBQ-0306-CANON-Q4,RSITMD,images/FBQ-0306_ir.jpg,images/FBQ-0306_rgb.jpg,intensity_contrast,What is brighter than both adjacent regions?,The central boundary strip,sol,1,1,1,The dividing strip has higher intensity than the neighboring land regions.,The blurred IR image does not support a reliable scene category.
FBQ-0307,FBQ-0307-CANON-Q1,RSITMD,images/FBQ-0307_ir.jpg,images/FBQ-0307_rgb.jpg,scene_category,What type of sports facility is shown?,Baseball complex,sol,1,1,1,Three adjoining fields have curved boundaries and central infield regions.,
FBQ-0307,FBQ-0307-CANON-Q2,RSITMD,images/FBQ-0307_ir.jpg,images/FBQ-0307_rgb.jpg,object_presence,Are three ball fields visible?,Yes,sol,1,1,1,One upper field and two lower rounded fields are distinctly outlined.,
FBQ-0307,FBQ-0307-CANON-Q3,RSITMD,images/FBQ-0307_ir.jpg,images/FBQ-0307_rgb.jpg,spatial_structure,What lies between the three fields?,A building cluster,sol,1,1,1,Bright angular structures occupy the junction among the three fields.,
FBQ-0307,FBQ-0307-CANON-Q4,RSITMD,images/FBQ-0307_ir.jpg,images/FBQ-0307_rgb.jpg,intensity_contrast,"Which is darker, the lower field interiors or nearby paths?",The lower field interiors,rewrite,1,1,1,Both lower interiors are dark against the adjacent pale paths.,
FBQ-0308,FBQ-0308-CANON-Q1,RSITMD,images/FBQ-0308_ir.jpg,images/FBQ-0308_rgb.jpg,scene_category,What type of complex is depicted?,Baseball complex,sol,1,1,1,Four fields show repeated infields and curved outer boundaries.,
FBQ-0308,FBQ-0308-CANON-Q2,RSITMD,images/FBQ-0308_ir.jpg,images/FBQ-0308_rgb.jpg,object_presence,Are four ball fields visible?,Yes,sol,1,1,1,Four separate rounded field layouts surround the central junction.,
FBQ-0308,FBQ-0308-CANON-Q3,RSITMD,images/FBQ-0308_ir.jpg,images/FBQ-0308_rgb.jpg,spatial_structure,How are the fields arranged?,Around a central junction,sol,1,1,1,Four field layouts extend outward in different directions from one center.,
FBQ-0308,FBQ-0308-CANON-Q4,RSITMD,images/FBQ-0308_ir.jpg,images/FBQ-0308_rgb.jpg,intensity_contrast,"Which is brighter, the infields or the outfields?",The infields,sol,1,1,1,The infield regions are pale against the darker surrounding field surfaces.,
FBQ-0309,FBQ-0309-CANON-Q1,RSITMD,images/FBQ-0309_ir.jpg,images/FBQ-0309_rgb.jpg,scene_category,What type of sports facility is shown?,Baseball facility,sol,1,1,1,Two fields have curved outer boundaries and distinct infield shapes.,
FBQ-0309,FBQ-0309-CANON-Q2,RSITMD,images/FBQ-0309_ir.jpg,images/FBQ-0309_rgb.jpg,object_presence,Is a large rectangular building visible?,Yes,sol,1,1,1,A sharply bounded rectangular roof occupies much of the right side.,
FBQ-0309,FBQ-0309-CANON-Q3,RSITMD,images/FBQ-0309_ir.jpg,images/FBQ-0309_rgb.jpg,spatial_structure,Where is the large building relative to the fields?,To the right,sol,1,1,1,Both rounded fields lie left of the large rectangular roof.,
FBQ-0309,FBQ-0309-CANON-Q4,RSITMD,images/FBQ-0309_ir.jpg,images/FBQ-0309_rgb.jpg,intensity_contrast,"Which is brighter, the infields or the outfields?",The infields,sol,1,1,1,The infield areas are pale against the darker outer field surfaces.,
FBQ-0310,FBQ-0310-CANON-Q1,RSITMD,images/FBQ-0310_ir.jpg,images/FBQ-0310_rgb.jpg,scene_category,What type of scene is shown?,Coastal shoreline,sol,1,1,1,A curved land-water boundary and repeated surf bands are visible.,
FBQ-0310,FBQ-0310-CANON-Q2,RSITMD,images/FBQ-0310_ir.jpg,images/FBQ-0310_rgb.jpg,object_presence,Are breaking waves visible?,Yes,sol,1,1,1,Repeated bright foamy bands form curved fronts across the water.,
FBQ-0310,FBQ-0310-CANON-Q3,RSITMD,images/FBQ-0310_ir.jpg,images/FBQ-0310_rgb.jpg,spatial_structure,Where do the wave bands run relative to the shore?,Parallel to the shore,sol,1,1,1,The curved wave bands follow the contour of the shoreline.,
FBQ-0310,FBQ-0310-CANON-Q4,RSITMD,images/FBQ-0310_ir.jpg,images/FBQ-0310_rgb.jpg,intensity_contrast,"Which is brighter, the wave crests or surrounding water?",The wave crests,sol,1,1,1,High-intensity textured crests contrast with the darker water.,
FBQ-0311,FBQ-0311-CANON-Q1,RSITMD,images/FBQ-0311_ir.jpg,images/FBQ-0311_rgb.jpg,scene_category,What type of scene is shown?,coastal beach,sol,1,1,1,A diagonal shoreline and textured surf band separate broad water and land regions.,
FBQ-0311,FBQ-0311-CANON-Q2,RSITMD,images/FBQ-0311_ir.jpg,images/FBQ-0311_rgb.jpg,object_presence,Are breaking waves visible?,yes,sol,1,1,1,Repeated curved bright fronts are visible along the shoreline.,
FBQ-0311,FBQ-0311-CANON-Q3,RSITMD,images/FBQ-0311_ir.jpg,images/FBQ-0311_rgb.jpg,spatial_structure,How is the shoreline oriented?,diagonally,sol,1,1,1,The main land-water boundary extends diagonally across the image.,
FBQ-0311,FBQ-0311-CANON-Q4,RSITMD,images/FBQ-0311_ir.jpg,images/FBQ-0311_rgb.jpg,intensity_contrast,How do the wave patches compare with adjacent water?,mostly brighter,rewrite,1,1,1,Numerous bright wave patches contrast with the smoother darker water.,
FBQ-0312,FBQ-0312-CANON-Q1,RSITMD,images/FBQ-0312_ir.jpg,images/FBQ-0312_rgb.jpg,scene_category,What type of scene is shown?,urban canal junction,sol,1,1,1,Two bounded water channels meet among dense angular structures and paved banks.,
FBQ-0312,FBQ-0312-CANON-Q2,RSITMD,images/FBQ-0312_ir.jpg,images/FBQ-0312_rgb.jpg,object_presence,Is a bridge visible?,yes,sol,1,1,1,A broad linear structure crosses the water near the image center.,
FBQ-0312,FBQ-0312-CANON-Q3,RSITMD,images/FBQ-0312_ir.jpg,images/FBQ-0312_rgb.jpg,spatial_structure,What does the central bridge cross?,a canal,sol,1,1,1,The bridge connects opposite embankments across a smooth water channel.,
FBQ-0312,FBQ-0312-CANON-Q4,RSITMD,images/FBQ-0312_ir.jpg,images/FBQ-0312_rgb.jpg,intensity_contrast,How does the central bridge compare with the water?,brighter,rewrite,1,1,1,The bridge has higher grayscale intensity than the surrounding channel.,
FBQ-0313,FBQ-0313-CANON-Q1,RSITMD,images/FBQ-0313_ir.jpg,images/FBQ-0313_rgb.jpg,scene_category,What type of scene is shown?,river crossing,sol,1,1,1,A wide water channel is spanned by a continuous linear structure.,
FBQ-0313,FBQ-0313-CANON-Q2,RSITMD,images/FBQ-0313_ir.jpg,images/FBQ-0313_rgb.jpg,object_presence,Is a bridge present?,yes,sol,1,1,1,Two closely spaced linear edges form a bridge across the channel.,
FBQ-0313,FBQ-0313-CANON-Q3,RSITMD,images/FBQ-0313_ir.jpg,images/FBQ-0313_rgb.jpg,spatial_structure,How does the bridge traverse the river?,diagonally,rewrite,1,1,1,The bridge runs from the lower-left toward the upper-right bank.,
FBQ-0313,FBQ-0313-CANON-Q4,RSITMD,images/FBQ-0313_ir.jpg,images/FBQ-0313_rgb.jpg,intensity_contrast,How does the river compare with the bridge?,darker,rewrite,1,1,1,The broad river region is darker than the narrow bridge.,
FBQ-0314,FBQ-0314-CANON-Q1,RSITMD,images/FBQ-0314_ir.jpg,images/FBQ-0314_rgb.jpg,scene_category,What type of facility is shown?,circular stadium,sol,1,1,1,A large enclosed circular structure with a segmented perimeter dominates the image.,
FBQ-0314,FBQ-0314-CANON-Q2,RSITMD,images/FBQ-0314_ir.jpg,images/FBQ-0314_rgb.jpg,object_presence,Is an open central area visible?,yes,sol,1,1,1,A broad nearly uniform circular area lies inside the perimeter ring.,
FBQ-0314,FBQ-0314-CANON-Q3,RSITMD,images/FBQ-0314_ir.jpg,images/FBQ-0314_rgb.jpg,spatial_structure,What surrounds the central area?,a circular ring,sol,1,1,1,A continuous segmented annulus encloses the broad center.,
FBQ-0314,FBQ-0314-CANON-Q4,RSITMD,images/FBQ-0314_ir.jpg,images/FBQ-0314_rgb.jpg,intensity_contrast,How does the perimeter ring compare with the center?,darker,rewrite,1,1,1,Most perimeter segments are darker than the broad central area.,
FBQ-0315,FBQ-0315-CANON-Q1,RSITMD,images/FBQ-0315_ir.jpg,images/FBQ-0315_rgb.jpg,scene_category,What type of structure is shown?,large rectangular building,rewrite,1,1,1,A large rectangular roof outline dominates the scene.,
FBQ-0315,FBQ-0315-CANON-Q2,RSITMD,images/FBQ-0315_ir.jpg,images/FBQ-0315_rgb.jpg,object_presence,Are repeated rooftop features visible?,yes,rewrite,1,1,1,Many similarly shaped features repeat across the large roof.,
FBQ-0315,FBQ-0315-CANON-Q3,RSITMD,images/FBQ-0315_ir.jpg,images/FBQ-0315_rgb.jpg,spatial_structure,How are the rooftop features arranged?,in parallel rows,rewrite,1,1,1,The repeated features form two long aligned rows along the building.,
FBQ-0315,FBQ-0315-CANON-Q4,RSITMD,images/FBQ-0315_ir.jpg,images/FBQ-0315_rgb.jpg,intensity_contrast,How does the roof compare with nearby roads?,brighter,rewrite,1,1,1,The broad roof is brighter than the bordering linear road surfaces.,
FBQ-0316,FBQ-0316-CANON-Q1,RSITMD,images/FBQ-0316_ir.jpg,images/FBQ-0316_rgb.jpg,scene_category,What type of structure is shown?,large square building,rewrite,1,1,1,A single large square roof with a sharp perimeter dominates the center.,
FBQ-0316,FBQ-0316-CANON-Q2,RSITMD,images/FBQ-0316_ir.jpg,images/FBQ-0316_rgb.jpg,object_presence,Are parked vehicles visible?,yes,rewrite,1,1,1,Numerous small elongated shapes form aligned rows beside the building.,
FBQ-0316,FBQ-0316-CANON-Q3,RSITMD,images/FBQ-0316_ir.jpg,images/FBQ-0316_rgb.jpg,spatial_structure,What surrounds the main building?,paved bands with vehicle rows,rewrite,1,1,1,Dark paved bands containing aligned small shapes border several roof edges.,
FBQ-0316,FBQ-0316-CANON-Q4,RSITMD,images/FBQ-0316_ir.jpg,images/FBQ-0316_rgb.jpg,intensity_contrast,How does the roof compare with surrounding pavement?,brighter,rewrite,1,1,1,The broad roof is brighter than the darker encircling paved areas.,
FBQ-0317,FBQ-0317-CANON-Q1,RSITMD,images/FBQ-0317_ir.jpg,images/FBQ-0317_rgb.jpg,scene_category,What type of structure is shown?,polygonal building complex,rewrite,1,1,1,A prominent multi-sided building with several nested boundaries dominates the image.,
FBQ-0317,FBQ-0317-CANON-Q2,RSITMD,images/FBQ-0317_ir.jpg,images/FBQ-0317_rgb.jpg,object_presence,Are internal roof panels visible?,yes,rewrite,1,1,1,Angular outlines and segmented sections are visible within the central roof.,
FBQ-0317,FBQ-0317-CANON-Q3,RSITMD,images/FBQ-0317_ir.jpg,images/FBQ-0317_rgb.jpg,spatial_structure,How are the main sections arranged?,as nested polygonal rings,sol,1,1,1,Successive multi-sided boundaries enclose the central roof area.,
FBQ-0317,FBQ-0317-CANON-Q4,RSITMD,images/FBQ-0317_ir.jpg,images/FBQ-0317_rgb.jpg,intensity_contrast,How does the central roof compare with outer bands?,darker,rewrite,1,1,1,The central polygon is darker than several surrounding linear bands.,
FBQ-0318,FBQ-0318-CANON-Q1,RSITMD,images/FBQ-0318_ir.jpg,images/FBQ-0318_rgb.jpg,scene_category,What setting is shown?,dense building complex,terra,1,1,1,Numerous adjoining rectilinear roof outlines fill nearly the entire image.,"IR detail is blurred, but the principal building layout remains distinguishable."
FBQ-0318,FBQ-0318-CANON-Q2,RSITMD,images/FBQ-0318_ir.jpg,images/FBQ-0318_rgb.jpg,object_presence,Is a long central roof visible?,yes,rewrite,1,1,1,A prominent elongated bright rectangle crosses the central area.,"IR detail is blurred, but the principal building layout remains distinguishable."
FBQ-0318,FBQ-0318-CANON-Q3,RSITMD,images/FBQ-0318_ir.jpg,images/FBQ-0318_rgb.jpg,spatial_structure,Where is the long roof located?,near the center,rewrite,1,1,1,The elongated rectangular roof is surrounded by other roof structures.,"IR detail is blurred, but the principal building layout remains distinguishable."
FBQ-0318,FBQ-0318-CANON-Q4,RSITMD,images/FBQ-0318_ir.jpg,images/FBQ-0318_rgb.jpg,intensity_contrast,How do gaps between buildings appear?,darker,rewrite,1,1,1,Dark narrow regions separate the brighter roof outlines.,"IR detail is blurred, but the principal building layout remains distinguishable."
FBQ-0319,FBQ-0319-CANON-Q1,RSITMD,images/FBQ-0319_ir.jpg,images/FBQ-0319_rgb.jpg,scene_category,What type of scene is shown?,large building complex,rewrite,1,1,1,Several large connected roof masses occupy a planned block-scale site.,
FBQ-0319,FBQ-0319-CANON-Q2,RSITMD,images/FBQ-0319_ir.jpg,images/FBQ-0319_rgb.jpg,object_presence,Is a rounded central feature visible?,yes,rewrite,1,1,1,A distinct curved feature is visible near the center of the complex.,
FBQ-0319,FBQ-0319-CANON-Q3,RSITMD,images/FBQ-0319_ir.jpg,images/FBQ-0319_rgb.jpg,spatial_structure,What borders the main complex?,roads on multiple sides,rewrite,1,1,1,Dark linear corridors extend along several sides of the main buildings.,
FBQ-0319,FBQ-0319-CANON-Q4,RSITMD,images/FBQ-0319_ir.jpg,images/FBQ-0319_rgb.jpg,intensity_contrast,How do the main roofs compare with nearby roads?,brighter,rewrite,1,1,1,The broad roof regions are brighter than the bordering road corridors.,
FBQ-0320,FBQ-0320-CANON-Q1,RSITMD,images/FBQ-0320_ir.jpg,images/FBQ-0320_rgb.jpg,scene_category,What type of scene is shown?,dense urban district,rewrite,1,1,1,"Closely spaced building outlines, paved areas, and major linear corridors fill the image.",
FBQ-0320,FBQ-0320-CANON-Q2,RSITMD,images/FBQ-0320_ir.jpg,images/FBQ-0320_rgb.jpg,object_presence,Are multiple large buildings present?,yes,sol,1,1,1,Several distinct large rectilinear roof outlines are visible across the scene.,
FBQ-0320,FBQ-0320-CANON-Q3,RSITMD,images/FBQ-0320_ir.jpg,images/FBQ-0320_rgb.jpg,spatial_structure,Where is the broad road corridor located?,along the left side,rewrite,1,1,1,A wide straight linear feature extends vertically near the left boundary.,
FBQ-0320,FBQ-0320-CANON-Q4,RSITMD,images/FBQ-0320_ir.jpg,images/FBQ-0320_rgb.jpg,intensity_contrast,How do building edges compare with adjacent ground?,brighter,rewrite,1,1,1,Bright edge lines sharply outline buildings against darker adjacent ground.,
FBQ-0321,FBQ-0321-CANON-Q1,RSITMD,images/FBQ-0321_ir.jpg,images/FBQ-0321_rgb.jpg,scene_category,What broad scene category is shown?,An urban district,sol,1,1,1,Numerous rectilinear building outlines and connected roads are clearly visible in IR.,
FBQ-0321,FBQ-0321-CANON-Q2,RSITMD,images/FBQ-0321_ir.jpg,images/FBQ-0321_rgb.jpg,object_presence,Are large buildings visible?,Yes,sol,1,1,1,Several large enclosed roof outlines appear across the IR image.,
FBQ-0321,FBQ-0321-CANON-Q3,RSITMD,images/FBQ-0321_ir.jpg,images/FBQ-0321_rgb.jpg,spatial_structure,What runs through the image center?,A straight road,sol,1,1,1,A dark linear corridor extends vertically through the central IR region.,
FBQ-0321,FBQ-0321-CANON-Q4,RSITMD,images/FBQ-0321_ir.jpg,images/FBQ-0321_rgb.jpg,intensity_contrast,Are building edges brighter than nearby roads?,Yes,sol,1,1,1,Bright building boundaries contrast with adjacent darker road corridors.,
FBQ-0322,FBQ-0322-CANON-Q1,RSITMD,images/FBQ-0322_ir.jpg,images/FBQ-0322_rgb.jpg,scene_category,What type of area fills the image?,A dense urban area,sol,1,1,1,Closely packed building outlines and an extensive road network occupy nearly the entire IR frame.,
FBQ-0322,FBQ-0322-CANON-Q2,RSITMD,images/FBQ-0322_ir.jpg,images/FBQ-0322_rgb.jpg,object_presence,Are multiple buildings present?,Yes,sol,1,1,1,Many distinct polygonal and rectilinear roof outlines are visible in IR.,
FBQ-0322,FBQ-0322-CANON-Q3,RSITMD,images/FBQ-0322_ir.jpg,images/FBQ-0322_rgb.jpg,spatial_structure,Are the main roads straight or curved?,Curved,sol,1,1,1,Several broad dark corridors bend around the central building clusters.,
FBQ-0322,FBQ-0322-CANON-Q4,RSITMD,images/FBQ-0322_ir.jpg,images/FBQ-0322_rgb.jpg,intensity_contrast,"What is darker, roads or building edges?",Roads,sol,1,1,1,The roads form dark bands beside brighter building boundaries.,
FBQ-0323,FBQ-0323-CANON-Q1,RSITMD,images/FBQ-0323_ir.jpg,images/FBQ-0323_rgb.jpg,scene_category,What type of area is shown?,Low-rise urban area,terra,1,1,1,Small rectangular building footprints are arranged along intersecting streets.,
FBQ-0323,FBQ-0323-CANON-Q2,RSITMD,images/FBQ-0323_ir.jpg,images/FBQ-0323_rgb.jpg,object_presence,Are rectangular buildings visible?,Yes,terra,1,1,1,Many compact rectangular roof forms are clearly separated by streets.,
FBQ-0323,FBQ-0323-CANON-Q3,RSITMD,images/FBQ-0323_ir.jpg,images/FBQ-0323_rgb.jpg,spatial_structure,What forms the central intersection?,Two crossing roads,terra,1,1,1,A vertical and a horizontal broad dark corridor intersect near the center.,
FBQ-0323,FBQ-0323-CANON-Q4,RSITMD,images/FBQ-0323_ir.jpg,images/FBQ-0323_rgb.jpg,intensity_contrast,Which surfaces appear brightest?,Several roof tops,terra,1,1,1,Multiple rectangular roof surfaces are much lighter than neighboring streets.,
FBQ-0324,FBQ-0324-CANON-Q1,RSITMD,images/FBQ-0324_ir.jpg,images/FBQ-0324_rgb.jpg,scene_category,What broad scene category is visible?,Built-up neighborhood,rewrite,1,1,1,Faint small structure outlines are distributed along a connected road network.,Only broad structures are reliable because contrast is weak.
FBQ-0324,FBQ-0324-CANON-Q2,RSITMD,images/FBQ-0324_ir.jpg,images/FBQ-0324_rgb.jpg,object_presence,Are individual buildings visible?,Yes,sol,1,1,1,Multiple small rectangular patches with discernible boundaries appear between roads.,Only broad structures are reliable because contrast is weak.
FBQ-0324,FBQ-0324-CANON-Q3,RSITMD,images/FBQ-0324_ir.jpg,images/FBQ-0324_rgb.jpg,spatial_structure,Do straight roads divide the scene into blocks?,Yes,sol,1,1,1,Dark linear corridors intersect and separate groups of structures.,Only broad structures are reliable because contrast is weak.
FBQ-0324,FBQ-0324-CANON-Q4,RSITMD,images/FBQ-0324_ir.jpg,images/FBQ-0324_rgb.jpg,intensity_contrast,Is the overall IR contrast strong or weak?,Weak,rewrite,1,1,1,Most surfaces have similar intensities with only soft boundaries.,Only broad structures are reliable because contrast is weak.
FBQ-0325,FBQ-0325-CANON-Q1,RSITMD,images/FBQ-0325_ir.jpg,images/FBQ-0325_rgb.jpg,scene_category,What type of neighborhood is shown?,A suburban residential area,sol,1,1,1,Separated house-sized footprints are distributed along a branching road network.,
FBQ-0325,FBQ-0325-CANON-Q2,RSITMD,images/FBQ-0325_ir.jpg,images/FBQ-0325_rgb.jpg,object_presence,Are detached buildings visible?,Yes,sol,1,1,1,Numerous separated rectangular roof shapes are clearly outlined in IR.,
FBQ-0325,FBQ-0325-CANON-Q3,RSITMD,images/FBQ-0325_ir.jpg,images/FBQ-0325_rgb.jpg,spatial_structure,What shape do the main roads follow?,Curving paths,sol,1,1,1,Broad smooth corridors bend repeatedly among the buildings.,
FBQ-0325,FBQ-0325-CANON-Q4,RSITMD,images/FBQ-0325_ir.jpg,images/FBQ-0325_rgb.jpg,intensity_contrast,Are many roofs darker than their edges?,Yes,sol,1,1,1,Numerous roofs have dark interiors bordered by narrow bright outlines.,
FBQ-0326,FBQ-0326-CANON-Q1,RSITMD,images/FBQ-0326_ir.jpg,images/FBQ-0326_rgb.jpg,scene_category,What broad scene category is shown?,A residential development,sol,1,1,1,Large numbers of similarly sized building footprints follow an organized street network.,
FBQ-0326,FBQ-0326-CANON-Q2,RSITMD,images/FBQ-0326_ir.jpg,images/FBQ-0326_rgb.jpg,object_presence,Are repeated rows of buildings present?,Yes,sol,1,1,1,Closely spaced elongated building outlines repeat across the lower and side regions.,
FBQ-0326,FBQ-0326-CANON-Q3,RSITMD,images/FBQ-0326_ir.jpg,images/FBQ-0326_rgb.jpg,spatial_structure,Are the streets mainly curved or straight?,Mainly curved,sol,1,1,1,Several broad road corridors arc through the central and upper IR regions.,
FBQ-0326,FBQ-0326-CANON-Q4,RSITMD,images/FBQ-0326_ir.jpg,images/FBQ-0326_rgb.jpg,intensity_contrast,Do building boundaries appear bright?,Yes,sol,1,1,1,Narrow high-intensity rims outline many building footprints.,
FBQ-0327,FBQ-0327-CANON-Q1,RSITMD,images/FBQ-0327_ir.jpg,images/FBQ-0327_rgb.jpg,scene_category,What broad scene category is visible?,A dense urban area,sol,1,1,1,Closely packed rectilinear structures occupy both sides of a major road.,
FBQ-0327,FBQ-0327-CANON-Q2,RSITMD,images/FBQ-0327_ir.jpg,images/FBQ-0327_rgb.jpg,object_presence,Are buildings present beside the central road?,Yes,sol,1,1,1,Dense rectangular roof outlines directly border both sides of the vertical corridor.,
FBQ-0327,FBQ-0327-CANON-Q3,RSITMD,images/FBQ-0327_ir.jpg,images/FBQ-0327_rgb.jpg,spatial_structure,Where is the widest road located?,Near the center,sol,1,1,1,A broad straight corridor extends vertically through the middle of the IR frame.,
FBQ-0327,FBQ-0327-CANON-Q4,RSITMD,images/FBQ-0327_ir.jpg,images/FBQ-0327_rgb.jpg,intensity_contrast,Are many roofs brighter than the central road?,Yes,sol,1,1,1,Pale roof surfaces contrast with the darker central corridor.,
FBQ-0328,FBQ-0328-CANON-Q1,RSITMD,images/FBQ-0328_ir.jpg,images/FBQ-0328_rgb.jpg,scene_category,What broad scene category is visible?,Open natural terrain,rewrite,1,1,1,Broad uninterrupted surface bands fill the frame without an organized road or building pattern.,Only broad terrain structure is reliable because the IR image is blurred.
FBQ-0328,FBQ-0328-CANON-Q2,RSITMD,images/FBQ-0328_ir.jpg,images/FBQ-0328_rgb.jpg,object_presence,Are broad surface bands visible?,Yes,rewrite,1,1,1,Several wide smooth tonal bands extend across the IR image.,Only broad terrain structure is reliable because the IR image is blurred.
FBQ-0328,FBQ-0328-CANON-Q3,RSITMD,images/FBQ-0328_ir.jpg,images/FBQ-0328_rgb.jpg,spatial_structure,What direction do the main bands follow?,Diagonally across the image,rewrite,1,1,1,The dominant bands extend from the upper-left toward the lower-right region.,Only broad terrain structure is reliable because the IR image is blurred.
FBQ-0328,FBQ-0328-CANON-Q4,RSITMD,images/FBQ-0328_ir.jpg,images/FBQ-0328_rgb.jpg,intensity_contrast,Which part of the image is darkest?,The upper region,sol,1,1,1,A broad dark zone spans most of the upper edge.,Only broad terrain structure is reliable because the IR image is blurred.
FBQ-0329,FBQ-0329-CANON-Q1,RSITMD,images/FBQ-0329_ir.jpg,images/FBQ-0329_rgb.jpg,scene_category,What scene category is shown?,Open barren terrain,luna,1,1,1,"Only continuous rippled ground is clearly visible, with no built-up structures.",
FBQ-0329,FBQ-0329-CANON-Q2,RSITMD,images/FBQ-0329_ir.jpg,images/FBQ-0329_rgb.jpg,object_presence,Are repeated ridges visible?,Yes,sol,1,1,1,Many elongated ridge-like bands repeat at regular intervals.,
FBQ-0329,FBQ-0329-CANON-Q3,RSITMD,images/FBQ-0329_ir.jpg,images/FBQ-0329_rgb.jpg,spatial_structure,How are the ripples arranged?,In diagonal parallel bands,luna,1,1,1,Numerous parallel ridge-like bands cross the frame diagonally.,
FBQ-0329,FBQ-0329-CANON-Q4,RSITMD,images/FBQ-0329_ir.jpg,images/FBQ-0329_rgb.jpg,intensity_contrast,Do adjacent bands alternate in intensity?,Yes,rewrite,1,1,1,Successive narrow bands alternate between darker and lighter values.,
FBQ-0330,FBQ-0330-CANON-Q1,RSITMD,images/FBQ-0330_ir.jpg,images/FBQ-0330_rgb.jpg,scene_category,Is this a natural terrain scene?,Yes,sol,1,1,1,The image contains irregular continuous landforms without visible roads or building grids.,Only broad terrain features are reliable because the IR image is blurred.
FBQ-0330,FBQ-0330-CANON-Q2,RSITMD,images/FBQ-0330_ir.jpg,images/FBQ-0330_rgb.jpg,object_presence,Are irregular terrain ridges visible?,Yes,sol,1,1,1,Several elongated uneven forms are discernible in the upper half.,Only broad terrain features are reliable because the IR image is blurred.
FBQ-0330,FBQ-0330-CANON-Q3,RSITMD,images/FBQ-0330_ir.jpg,images/FBQ-0330_rgb.jpg,spatial_structure,Where are most irregular features concentrated?,In the upper half,rewrite,1,1,1,Most dark textured shapes occur above the smoother central and lower regions.,Only broad terrain features are reliable because the IR image is blurred.
FBQ-0330,FBQ-0330-CANON-Q4,RSITMD,images/FBQ-0330_ir.jpg,images/FBQ-0330_rgb.jpg,intensity_contrast,Is the upper terrain darker than the lower area?,Yes,sol,1,1,1,The upper region contains broad dark patches while the lower region is predominantly pale.,Only broad terrain features are reliable because the IR image is blurred.
FBQ-0331,FBQ-0331-CANON-Q1,RSITMD,images/FBQ-0331_ir.jpg,images/FBQ-0331_rgb.jpg,scene_category,What type of area is shown?,Agricultural fields,terra,1,1,1,Repeated long rectangular strips and field boundaries fill the image.,
FBQ-0331,FBQ-0331-CANON-Q2,RSITMD,images/FBQ-0331_ir.jpg,images/FBQ-0331_rgb.jpg,object_presence,Are long narrow plots visible?,Yes,terra,1,1,1,Many parallel elongated rectangular strips are visible.,
FBQ-0331,FBQ-0331-CANON-Q3,RSITMD,images/FBQ-0331_ir.jpg,images/FBQ-0331_rgb.jpg,spatial_structure,How are the plots oriented?,Mostly vertical,terra,1,1,1,The dominant field boundaries run from top to bottom.,
FBQ-0331,FBQ-0331-CANON-Q4,RSITMD,images/FBQ-0331_ir.jpg,images/FBQ-0331_rgb.jpg,intensity_contrast,How do adjacent plots compare?,Alternating light and dark,terra,1,1,1,Neighboring narrow strips have clearly different intensity levels.,
FBQ-0332,FBQ-0332-CANON-Q1,RSITMD,images/FBQ-0332_ir.jpg,images/FBQ-0332_rgb.jpg,scene_category,What type of area is shown?,Agricultural fields,terra,1,1,1,Multiple parcel-like plots with clear boundaries are visible.,
FBQ-0332,FBQ-0332-CANON-Q2,RSITMD,images/FBQ-0332_ir.jpg,images/FBQ-0332_rgb.jpg,object_presence,Is a curving linear corridor visible?,Yes,terra,1,1,1,A broad curved feature with distinct edges appears on the right.,
FBQ-0332,FBQ-0332-CANON-Q3,RSITMD,images/FBQ-0332_ir.jpg,images/FBQ-0332_rgb.jpg,spatial_structure,Where is the curving corridor located?,On the right,terra,1,1,1,The curved linear feature occupies the right side of the image.,
FBQ-0332,FBQ-0332-CANON-Q4,RSITMD,images/FBQ-0332_ir.jpg,images/FBQ-0332_rgb.jpg,intensity_contrast,Do neighboring plots have different intensities?,Yes,rewrite,1,1,1,Adjacent plot interiors show clearly different brightness levels.,
FBQ-0333,FBQ-0333-CANON-Q1,RSITMD,images/FBQ-0333_ir.jpg,images/FBQ-0333_rgb.jpg,scene_category,What type of scene is depicted?,Patchwork farmland,sol,1,1,1,Many adjoining parcels contain repeated narrow row patterns.,
FBQ-0333,FBQ-0333-CANON-Q2,RSITMD,images/FBQ-0333_ir.jpg,images/FBQ-0333_rgb.jpg,object_presence,Is a curved corridor present?,Yes,rewrite,1,1,1,A smooth curving band is clearly outlined in the upper-right quadrant.,
FBQ-0333,FBQ-0333-CANON-Q3,RSITMD,images/FBQ-0333_ir.jpg,images/FBQ-0333_rgb.jpg,spatial_structure,Where is the curved corridor?,Upper right,rewrite,1,1,1,The curved band lies beside the parcel mosaic in the upper-right area.,
FBQ-0333,FBQ-0333-CANON-Q4,RSITMD,images/FBQ-0333_ir.jpg,images/FBQ-0333_rgb.jpg,intensity_contrast,Do the field rows alternate in intensity?,Yes,sol,1,1,1,Numerous parcels contain alternating light and dark narrow bands.,
FBQ-0334,FBQ-0334-CANON-Q1,RSITMD,images/FBQ-0334_ir.jpg,images/FBQ-0334_rgb.jpg,scene_category,What type of area is shown?,Agricultural fields,terra,1,1,1,Large rectangular parcels form a regular field pattern.,
FBQ-0334,FBQ-0334-CANON-Q2,RSITMD,images/FBQ-0334_ir.jpg,images/FBQ-0334_rgb.jpg,object_presence,Are straight dividing lines visible?,Yes,terra,1,1,1,Bright straight lines separate the rectangular parcels.,
FBQ-0334,FBQ-0334-CANON-Q3,RSITMD,images/FBQ-0334_ir.jpg,images/FBQ-0334_rgb.jpg,spatial_structure,How are the parcels arranged?,In a grid,terra,1,1,1,Intersecting straight boundaries form a regular grid of rectangles.,
FBQ-0334,FBQ-0334-CANON-Q4,RSITMD,images/FBQ-0334_ir.jpg,images/FBQ-0334_rgb.jpg,intensity_contrast,How do field interiors compare with edges?,Interiors are darker than edges,luna,1,1,1,Plot interiors are consistently darker than their surrounding boundaries.,
FBQ-0335,FBQ-0335-CANON-Q1,RSITMD,images/FBQ-0335_ir.jpg,images/FBQ-0335_rgb.jpg,scene_category,What type of landscape is shown?,Open agricultural land,terra,1,1,1,Faint large parcel outlines cover most of the image.,Only broad parcel structure is reliably visible.
FBQ-0335,FBQ-0335-CANON-Q2,RSITMD,images/FBQ-0335_ir.jpg,images/FBQ-0335_rgb.jpg,object_presence,Are field boundaries visible?,Yes,rewrite,1,1,1,Subtle linear edges divide the broad surface into multiple parcels.,Only broad parcel structure is reliably visible.
FBQ-0335,FBQ-0335-CANON-Q3,RSITMD,images/FBQ-0335_ir.jpg,images/FBQ-0335_rgb.jpg,spatial_structure,Where is the dense patterned cluster?,Lower left,sol,1,1,1,A compact region of repeated dark marks occupies the lower-left corner.,Only broad parcel structure is reliably visible.
FBQ-0335,FBQ-0335-CANON-Q4,RSITMD,images/FBQ-0335_ir.jpg,images/FBQ-0335_rgb.jpg,intensity_contrast,Is the overall IR contrast high or low?,Low,rewrite,1,1,1,Most regions have similar intensity with only weak boundaries.,Only broad parcel structure is reliably visible.
FBQ-0336,FBQ-0336-CANON-Q1,RSITMD,images/FBQ-0336_ir.jpg,images/FBQ-0336_rgb.jpg,scene_category,What type of terrain is shown?,Rugged woodland,terra,1,1,1,Irregular dense canopy-like texture covers uneven terrain across the frame.,Fine detail is limited by extreme contrast.
FBQ-0336,FBQ-0336-CANON-Q2,RSITMD,images/FBQ-0336_ir.jpg,images/FBQ-0336_rgb.jpg,object_presence,Are irregular dense patches visible?,Yes,terra,1,1,1,Many closely packed irregular light and dark clusters fill the scene.,Fine detail is limited by extreme contrast.
FBQ-0336,FBQ-0336-CANON-Q3,RSITMD,images/FBQ-0336_ir.jpg,images/FBQ-0336_rgb.jpg,spatial_structure,Are straight field boundaries visible?,No,terra,1,1,1,The texture is irregular and lacks long straight dividing lines.,Fine detail is limited by extreme contrast.
FBQ-0336,FBQ-0336-CANON-Q4,RSITMD,images/FBQ-0336_ir.jpg,images/FBQ-0336_rgb.jpg,intensity_contrast,What contrast pattern dominates?,Bright and dark mottling,luna,1,1,1,Strong alternating bright and dark textures dominate the IR image.,Fine detail is limited by extreme contrast.
FBQ-0337,FBQ-0337-CANON-Q1,RSITMD,images/FBQ-0337_ir.jpg,images/FBQ-0337_rgb.jpg,scene_category,What type of site is depicted?,Industrial complex,sol,1,1,1,Several large elongated rectangular structures form a dense built layout.,"Blur reduces boundary precision, but the main layout remains visible."
FBQ-0337,FBQ-0337-CANON-Q2,RSITMD,images/FBQ-0337_ir.jpg,images/FBQ-0337_rgb.jpg,object_presence,Are large rectangular structures visible?,Yes,sol,1,1,1,Multiple dark elongated blocks have distinct rectangular outlines.,"Blur reduces boundary precision, but the main layout remains visible."
FBQ-0337,FBQ-0337-CANON-Q3,RSITMD,images/FBQ-0337_ir.jpg,images/FBQ-0337_rgb.jpg,spatial_structure,How are the elongated structures arranged?,Roughly parallel,sol,1,1,1,The main rectangular blocks share a similar diagonal orientation.,"Blur reduces boundary precision, but the main layout remains visible."
FBQ-0337,FBQ-0337-CANON-Q4,RSITMD,images/FBQ-0337_ir.jpg,images/FBQ-0337_rgb.jpg,intensity_contrast,Are the elongated structures darker than their surroundings?,Yes,sol,1,1,1,The elongated blocks are dark against broad pale surrounding regions.,"Blur reduces boundary precision, but the main layout remains visible."
FBQ-0338,FBQ-0338-CANON-Q1,RSITMD,images/FBQ-0338_ir.jpg,images/FBQ-0338_rgb.jpg,scene_category,What type of area is shown?,Industrial area,sol,1,1,1,A dense group of large rectangular buildings and access corridors occupies the scene.,
FBQ-0338,FBQ-0338-CANON-Q2,RSITMD,images/FBQ-0338_ir.jpg,images/FBQ-0338_rgb.jpg,object_presence,Are large rectangular buildings visible?,Yes,rewrite,1,1,1,Multiple prominent rectangular structures occupy the central area.,
FBQ-0338,FBQ-0338-CANON-Q3,RSITMD,images/FBQ-0338_ir.jpg,images/FBQ-0338_rgb.jpg,spatial_structure,Where is the broad corridor?,On the right,terra,1,1,1,The dominant wide linear corridor occupies the right side.,
FBQ-0338,FBQ-0338-CANON-Q4,RSITMD,images/FBQ-0338_ir.jpg,images/FBQ-0338_rgb.jpg,intensity_contrast,How do roofs compare with surrounding gaps?,Roofs are brighter,rewrite,1,1,1,Many rectangular roof areas are bright relative to surrounding dark gaps.,
FBQ-0339,FBQ-0339-CANON-Q1,RSITMD,images/FBQ-0339_ir.jpg,images/FBQ-0339_rgb.jpg,scene_category,What type of scene is visible?,Open field,sol,1,1,1,A broad continuous surface with faint parallel field-like bands fills the frame.,Only the broad field and patch pattern are reliable.
FBQ-0339,FBQ-0339-CANON-Q2,RSITMD,images/FBQ-0339_ir.jpg,images/FBQ-0339_rgb.jpg,object_presence,Is a large rounded patch visible?,Yes,sol,1,1,1,A distinct broad rounded region occupies much of the right half.,Only the broad field and patch pattern are reliable.
FBQ-0339,FBQ-0339-CANON-Q3,RSITMD,images/FBQ-0339_ir.jpg,images/FBQ-0339_rgb.jpg,spatial_structure,Where is the large rounded patch?,Right side,sol,1,1,1,The patch is centered in the right half and extends toward the lower edge.,Only the broad field and patch pattern are reliable.
FBQ-0339,FBQ-0339-CANON-Q4,RSITMD,images/FBQ-0339_ir.jpg,images/FBQ-0339_rgb.jpg,intensity_contrast,Is the rounded patch darker than its surroundings?,Yes,sol,1,1,1,Its interior is markedly darker than the pale surrounding field.,Only the broad field and patch pattern are reliable.
FBQ-0340,FBQ-0340-CANON-Q3,RSITMD,images/FBQ-0340_ir.jpg,images/FBQ-0340_rgb.jpg,spatial_structure,Are distinct boundaries visible?,No,terra,1,1,1,"The IR image lacks distinct lines, edges, or separable regions.",IR does not safely support scene identity or object presence. Retry18 adjudication: The nearly uniform IR frame supports neither scene identity nor a distinct object. Retry9 adjudication: IR近乎均匀，既无可靠场景语义，也无清晰独立物体轮廓。
FBQ-0340,FBQ-0340-CANON-Q4,RSITMD,images/FBQ-0340_ir.jpg,images/FBQ-0340_rgb.jpg,intensity_contrast,What is the overall contrast level?,Low,rewrite,1,1,1,Most of the frame has similar intensity with only subtle mottling.,IR does not safely support scene identity or object presence. Retry18 adjudication: The nearly uniform IR frame supports neither scene identity nor a distinct object. Retry9 adjudication: IR近乎均匀，既无可靠场景语义，也无清晰独立物体轮廓。
FBQ-0341,FBQ-0341-CANON-Q1,RSITMD,images/FBQ-0341_ir.jpg,images/FBQ-0341_rgb.jpg,scene_category,What broad scene type is shown?,Open field,rewrite,1,1,1,"A broad, continuous, lightly textured ground area fills the IR image.",Only broad field structure and intensity features are reliably identifiable.
FBQ-0341,FBQ-0341-CANON-Q2,RSITMD,images/FBQ-0341_ir.jpg,images/FBQ-0341_rgb.jpg,object_presence,Is a narrow boundary visible?,Yes,rewrite,1,1,1,A narrow irregular linear feature is clearly visible near the right side.,Only broad field structure and intensity features are reliably identifiable.
FBQ-0341,FBQ-0341-CANON-Q3,RSITMD,images/FBQ-0341_ir.jpg,images/FBQ-0341_rgb.jpg,spatial_structure,Where is the main boundary located?,Near the right side,sol,1,1,1,The strongest continuous division lies to the right of the image center.,Only broad field structure and intensity features are reliably identifiable.
FBQ-0341,FBQ-0341-CANON-Q4,RSITMD,images/FBQ-0341_ir.jpg,images/FBQ-0341_rgb.jpg,intensity_contrast,Are isolated bright spots visible?,Yes,sol,1,1,1,Small high-intensity spots stand out left of center and near the boundary.,Only broad field structure and intensity features are reliably identifiable.
FBQ-0342,FBQ-0342-CANON-Q1,RSITMD,images/FBQ-0342_ir.jpg,images/FBQ-0342_rgb.jpg,scene_category,What type of area is shown?,Residential neighborhood,sol,1,1,1,Several separated rectangular roofs appear within irregular vegetated parcels.,
FBQ-0342,FBQ-0342-CANON-Q2,RSITMD,images/FBQ-0342_ir.jpg,images/FBQ-0342_rgb.jpg,object_presence,Are multiple buildings visible?,Yes,sol,1,1,1,Numerous distinct rectangular roof outlines are visible across the IR image.,
FBQ-0342,FBQ-0342-CANON-Q3,RSITMD,images/FBQ-0342_ir.jpg,images/FBQ-0342_rgb.jpg,spatial_structure,Are the buildings closely packed or dispersed?,Dispersed,sol,1,1,1,The roof shapes are separated by broad irregular gaps.,
FBQ-0342,FBQ-0342-CANON-Q4,RSITMD,images/FBQ-0342_ir.jpg,images/FBQ-0342_rgb.jpg,intensity_contrast,Are most roofs brighter than their surroundings?,Yes,sol,1,1,1,Most rectangular roofs have higher intensity than adjacent textured areas.,
FBQ-0343,FBQ-0343-CANON-Q1,RSITMD,images/FBQ-0343_ir.jpg,images/FBQ-0343_rgb.jpg,scene_category,What broad scene type is shown?,Rural settlement,sol,1,1,1,Scattered rectangular buildings and divided open parcels surround a broad route.,
FBQ-0343,FBQ-0343-CANON-Q2,RSITMD,images/FBQ-0343_ir.jpg,images/FBQ-0343_rgb.jpg,object_presence,Is a major road visible?,Yes,sol,1,1,1,A broad smooth linear strip crosses the IR image.,
FBQ-0343,FBQ-0343-CANON-Q3,RSITMD,images/FBQ-0343_ir.jpg,images/FBQ-0343_rgb.jpg,spatial_structure,How does the main road cross the image?,Diagonally,sol,1,1,1,The broad road extends from the upper left toward the lower right.,
FBQ-0343,FBQ-0343-CANON-Q4,RSITMD,images/FBQ-0343_ir.jpg,images/FBQ-0343_rgb.jpg,intensity_contrast,Do dark borders outline several parcels?,Yes,sol,1,1,1,Strong low-intensity linear edges enclose multiple bright ground sections.,
FBQ-0344,FBQ-0344-CANON-Q1,RSITMD,images/FBQ-0344_ir.jpg,images/FBQ-0344_rgb.jpg,scene_category,What broad terrain type is shown?,Rugged terrain,sol,1,1,1,Irregular relief-like textures and branching elongated forms cover the IR image.,Severe blur limits interpretation to coarse terrain and tonal structure.
FBQ-0344,FBQ-0344-CANON-Q2,RSITMD,images/FBQ-0344_ir.jpg,images/FBQ-0344_rgb.jpg,object_presence,Is a winding corridor visible?,Yes,rewrite,1,1,1,A continuous pale sinuous band is visible through the central region.,Severe blur limits interpretation to coarse terrain and tonal structure.
FBQ-0344,FBQ-0344-CANON-Q3,RSITMD,images/FBQ-0344_ir.jpg,images/FBQ-0344_rgb.jpg,spatial_structure,Where is the winding corridor located?,Near the center,sol,1,1,1,The pale sinuous band runs approximately vertically through the image center.,Severe blur limits interpretation to coarse terrain and tonal structure.
FBQ-0344,FBQ-0344-CANON-Q4,RSITMD,images/FBQ-0344_ir.jpg,images/FBQ-0344_rgb.jpg,intensity_contrast,Are dark elongated patches visible on both sides?,Yes,rewrite,1,1,1,Several low-intensity elongated regions flank the pale central corridor.,Severe blur limits interpretation to coarse terrain and tonal structure.
FBQ-0345,FBQ-0345-CANON-Q1,RSITMD,images/FBQ-0345_ir.jpg,images/FBQ-0345_rgb.jpg,scene_category,What broad scene type is shown?,Designed basin complex,rewrite,1,1,1,"Multiple enclosed irregular areas, concentric forms, and connected paths create an organized layout.",The specific recreational function is not required for the accepted scene label.
FBQ-0345,FBQ-0345-CANON-Q2,RSITMD,images/FBQ-0345_ir.jpg,images/FBQ-0345_rgb.jpg,object_presence,Is a concentric circular structure visible?,Yes,sol,1,1,1,Several nested circular outlines are clearly visible near the image center.,The specific recreational function is not required for the accepted scene label.
FBQ-0345,FBQ-0345-CANON-Q3,RSITMD,images/FBQ-0345_ir.jpg,images/FBQ-0345_rgb.jpg,spatial_structure,Where is the largest circular structure?,Near the center,sol,1,1,1,The largest set of concentric rings occupies the central portion.,The specific recreational function is not required for the accepted scene label.
FBQ-0345,FBQ-0345-CANON-Q4,RSITMD,images/FBQ-0345_ir.jpg,images/FBQ-0345_rgb.jpg,intensity_contrast,Are the structural outlines brighter than adjacent areas?,Yes,rewrite,1,1,1,Linear and curved boundaries have higher intensity than adjoining smooth regions.,The specific recreational function is not required for the accepted scene label.
FBQ-0346,FBQ-0346-CANON-Q1,RSITMD,images/FBQ-0346_ir.jpg,images/FBQ-0346_rgb.jpg,scene_category,What broad scene type is shown?,Built-up urban area,rewrite_backfill,1,1,1,Multiple rectilinear blocks and organized boundaries surround a textured central region.,IR detail is insufficient to establish a specific scene category.
FBQ-0346,FBQ-0346-CANON-Q2,RSITMD,images/FBQ-0346_ir.jpg,images/FBQ-0346_rgb.jpg,object_presence,Are rectangular structures visible?,Yes,terra,1,1,1,Several rectilinear forms are visible along the left and right margins.,IR detail is insufficient to establish a specific scene category.
FBQ-0346,FBQ-0346-CANON-Q3,RSITMD,images/FBQ-0346_ir.jpg,images/FBQ-0346_rgb.jpg,spatial_structure,Where is the broad textured area?,Across the center,rewrite,1,1,1,A large irregular mottled region occupies most of the central IR image.,IR detail is insufficient to establish a specific scene category.
FBQ-0346,FBQ-0346-CANON-Q4,RSITMD,images/FBQ-0346_ir.jpg,images/FBQ-0346_rgb.jpg,intensity_contrast,How do isolated small points appear?,Bright,terra,1,1,1,Several small points have distinctly higher intensity than the mottled background.,IR detail is insufficient to establish a specific scene category.
FBQ-0347,FBQ-0347-CANON-Q1,RSITMD,images/FBQ-0347_ir.jpg,images/FBQ-0347_rgb.jpg,scene_category,What broad scene type is shown?,Urban lakeside area,sol,1,1,1,Large smooth enclosed basins and a broad channel lie among dense building-like textures.,
FBQ-0347,FBQ-0347-CANON-Q2,RSITMD,images/FBQ-0347_ir.jpg,images/FBQ-0347_rgb.jpg,object_presence,Are two large lakes visible?,Yes,sol,1,1,1,Two separate large dark enclosed basins occupy the center-left and lower right.,
FBQ-0347,FBQ-0347-CANON-Q3,RSITMD,images/FBQ-0347_ir.jpg,images/FBQ-0347_rgb.jpg,spatial_structure,Where is the larger lake located?,Upper center,sol,1,1,1,The larger dark basin lies above and left of the smaller basin.,
FBQ-0347,FBQ-0347-CANON-Q4,RSITMD,images/FBQ-0347_ir.jpg,images/FBQ-0347_rgb.jpg,intensity_contrast,Are the lakes darker than surrounding terrain?,Yes,sol,1,1,1,Both smooth basin interiors have markedly lower intensity than adjacent textured land.,
FBQ-0348,FBQ-0348-CANON-Q1,RSITMD,images/FBQ-0348_ir.jpg,images/FBQ-0348_rgb.jpg,scene_category,What broad scene type is shown?,Built-up complex,rewrite_backfill,1,1,1,"Dense structural clusters, bounded circulation lines, and a large circular structure are visible.",IR supports coarse geometry but not a specific recreational scene category.
FBQ-0348,FBQ-0348-CANON-Q2,RSITMD,images/FBQ-0348_ir.jpg,images/FBQ-0348_rgb.jpg,object_presence,Is a large oval feature visible?,Yes,rewrite,1,1,1,A prominent smooth oval outline is clearly visible in the right portion.,IR supports coarse geometry but not a specific recreational scene category.
FBQ-0348,FBQ-0348-CANON-Q3,RSITMD,images/FBQ-0348_ir.jpg,images/FBQ-0348_rgb.jpg,spatial_structure,Where is the prominent oval feature?,On the right side,rewrite,1,1,1,The sharply bounded oval form is positioned near the right edge.,IR supports coarse geometry but not a specific recreational scene category.
FBQ-0348,FBQ-0348-CANON-Q4,RSITMD,images/FBQ-0348_ir.jpg,images/FBQ-0348_rgb.jpg,intensity_contrast,How does the oval interior appear?,Dark,rewrite,1,1,1,The oval interior has much lower intensity than its bright surrounding rim.,IR supports coarse geometry but not a specific recreational scene category.
FBQ-0349,FBQ-0349-CANON-Q1,RSITMD,images/FBQ-0349_ir.jpg,images/FBQ-0349_rgb.jpg,scene_category,What type of scene is shown?,Parking lot,sol,1,1,1,Many vehicle-shaped rectangles occupy marked spaces on a broad paved area.,
FBQ-0349,FBQ-0349-CANON-Q2,RSITMD,images/FBQ-0349_ir.jpg,images/FBQ-0349_rgb.jpg,object_presence,Are many cars visible?,Yes,sol,1,1,1,Numerous compact elongated rectangles with distinct outlines fill the lot.,
FBQ-0349,FBQ-0349-CANON-Q3,RSITMD,images/FBQ-0349_ir.jpg,images/FBQ-0349_rgb.jpg,spatial_structure,How are most cars arranged?,In parallel rows,sol,1,1,1,"Repeated vehicle shapes form several long, similarly oriented lines.",
FBQ-0349,FBQ-0349-CANON-Q4,RSITMD,images/FBQ-0349_ir.jpg,images/FBQ-0349_rgb.jpg,intensity_contrast,Do car edges contrast with the pavement?,Yes,sol,1,1,1,Vehicle outlines differ sharply in intensity from the smoother lot surface.,
FBQ-0350,FBQ-0350-CANON-Q1,RSITMD,images/FBQ-0350_ir.jpg,images/FBQ-0350_rgb.jpg,scene_category,What type of scene is shown?,Vehicle parking lot,sol,1,1,1,A broad open surface is filled with repeated car-sized shapes.,
FBQ-0350,FBQ-0350-CANON-Q2,RSITMD,images/FBQ-0350_ir.jpg,images/FBQ-0350_rgb.jpg,object_presence,Are numerous vehicles visible?,Yes,sol,1,1,1,Many compact rectangular vehicle outlines are clearly distinguishable.,
FBQ-0350,FBQ-0350-CANON-Q3,RSITMD,images/FBQ-0350_ir.jpg,images/FBQ-0350_rgb.jpg,spatial_structure,How are the vehicles organized?,In long parallel rows,sol,1,1,1,"The repeated shapes form several elongated, similarly oriented groups.",
FBQ-0350,FBQ-0350-CANON-Q4,RSITMD,images/FBQ-0350_ir.jpg,images/FBQ-0350_rgb.jpg,intensity_contrast,Do vehicles strongly contrast with the ground?,Yes,sol,1,1,1,Vehicle bodies and edges show pronounced intensity differences from the smoother ground.,
FBQ-0351,FBQ-0351-CANON-Q1,RSITMD,images/FBQ-0351_ir.jpg,images/FBQ-0351_rgb.jpg,scene_category,What type of facility dominates the scene?,Athletic track,sol,1,1,1,A continuous oval outline encloses a large central field.,
FBQ-0351,FBQ-0351-CANON-Q2,RSITMD,images/FBQ-0351_ir.jpg,images/FBQ-0351_rgb.jpg,object_presence,Is an oval track visible?,Yes,sol,1,1,1,A distinct closed oval boundary is clearly visible.,
FBQ-0351,FBQ-0351-CANON-Q3,RSITMD,images/FBQ-0351_ir.jpg,images/FBQ-0351_rgb.jpg,spatial_structure,What lies inside the oval track?,A central field,sol,1,1,1,A large uniform area occupies the oval's interior.,
FBQ-0351,FBQ-0351-CANON-Q4,RSITMD,images/FBQ-0351_ir.jpg,images/FBQ-0351_rgb.jpg,intensity_contrast,Is the oval boundary brighter than the infield?,Yes,sol,1,1,1,The oval perimeter appears substantially brighter than the enclosed area.,
FBQ-0352,FBQ-0352-CANON-Q1,RSITMD,images/FBQ-0352_ir.jpg,images/FBQ-0352_rgb.jpg,scene_category,What type of scene is shown?,Sports field,luna,1,1,1,A large bounded rectangle with faint internal markings dominates the image.,
FBQ-0352,FBQ-0352-CANON-Q2,RSITMD,images/FBQ-0352_ir.jpg,images/FBQ-0352_rgb.jpg,object_presence,Is a large rectangular field visible?,Yes,sol,1,1,1,A continuous dark rectangular region has clear straight boundaries.,
FBQ-0352,FBQ-0352-CANON-Q3,RSITMD,images/FBQ-0352_ir.jpg,images/FBQ-0352_rgb.jpg,spatial_structure,Where are most buildings relative to the field?,Along one side,sol,1,1,1,Bright angular structures cluster beside the field's right boundary.,
FBQ-0352,FBQ-0352-CANON-Q4,RSITMD,images/FBQ-0352_ir.jpg,images/FBQ-0352_rgb.jpg,intensity_contrast,Is the field darker than its surroundings?,Yes,sol,1,1,1,The field is broadly dark while its borders and adjacent structures are brighter.,
FBQ-0353,FBQ-0353-CANON-Q1,RSITMD,images/FBQ-0353_ir.jpg,images/FBQ-0353_rgb.jpg,scene_category,What type of sports field is shown?,Soccer field,sol,1,1,1,Goal-area outlines and a center circle identify the rectangular pitch.,
FBQ-0353,FBQ-0353-CANON-Q2,RSITMD,images/FBQ-0353_ir.jpg,images/FBQ-0353_rgb.jpg,object_presence,Is a center circle visible?,Yes,sol,1,1,1,A faint circular marking is visible near the field's center.,
FBQ-0353,FBQ-0353-CANON-Q3,RSITMD,images/FBQ-0353_ir.jpg,images/FBQ-0353_rgb.jpg,spatial_structure,Where are the goal areas located?,At opposite ends,sol,1,1,1,Matching rectangular markings appear at both short ends.,
FBQ-0353,FBQ-0353-CANON-Q4,RSITMD,images/FBQ-0353_ir.jpg,images/FBQ-0353_rgb.jpg,intensity_contrast,Is the field darker than the adjacent buildings?,Yes,sol,1,1,1,The playing surface is dark while neighboring structures appear brighter.,
FBQ-0354,FBQ-0354-CANON-Q1,RSITMD,images/FBQ-0354_ir.jpg,images/FBQ-0354_rgb.jpg,scene_category,What type of facility is shown?,Athletic track,terra,1,1,1,A large continuous oval enclosure surrounds the central area.,
FBQ-0354,FBQ-0354-CANON-Q2,RSITMD,images/FBQ-0354_ir.jpg,images/FBQ-0354_rgb.jpg,object_presence,Are repeated parallel stripes visible inside?,Yes,terra,1,1,1,Multiple evenly spaced horizontal bands fill the central rectangle.,
FBQ-0354,FBQ-0354-CANON-Q3,RSITMD,images/FBQ-0354_ir.jpg,images/FBQ-0354_rgb.jpg,spatial_structure,What surrounds the central rectangle?,An oval track,terra,1,1,1,A continuous oval loop wraps around the rectangular interior.,
FBQ-0354,FBQ-0354-CANON-Q4,RSITMD,images/FBQ-0354_ir.jpg,images/FBQ-0354_rgb.jpg,intensity_contrast,How does the track compare with the field?,Brighter,terra,1,1,1,The oval boundary is bright while the enclosed rectangle is dark.,
FBQ-0355,FBQ-0355-CANON-Q1,RSITMD,images/FBQ-0355_ir.jpg,images/FBQ-0355_rgb.jpg,scene_category,What type of facility is shown?,Athletic stadium,terra,1,1,1,An oval enclosure surrounds a marked rectangular playing area.,
FBQ-0355,FBQ-0355-CANON-Q2,RSITMD,images/FBQ-0355_ir.jpg,images/FBQ-0355_rgb.jpg,object_presence,Is a rectangular playing field visible?,Yes,terra,1,1,1,A rectangular outline with repeated internal bands is visible.,
FBQ-0355,FBQ-0355-CANON-Q3,RSITMD,images/FBQ-0355_ir.jpg,images/FBQ-0355_rgb.jpg,spatial_structure,Where is the rectangular field located?,Inside the oval,terra,1,1,1,The rectangular region is centered within the closed oval boundary.,
FBQ-0355,FBQ-0355-CANON-Q4,RSITMD,images/FBQ-0355_ir.jpg,images/FBQ-0355_rgb.jpg,intensity_contrast,Is the field boundary brighter than its interior?,Yes,sol,1,1,1,A bright rectangular edge contrasts with the darker striped interior.,
FBQ-0356,FBQ-0356-CANON-Q1,RSITMD,images/FBQ-0356_ir.jpg,images/FBQ-0356_rgb.jpg,scene_category,What type of field is visible?,Soccer field,sol,1,1,1,A center circle and opposing rectangular goal-area markings identify the field.,
FBQ-0356,FBQ-0356-CANON-Q2,RSITMD,images/FBQ-0356_ir.jpg,images/FBQ-0356_rgb.jpg,object_presence,Is a center circle present?,Yes,sol,1,1,1,A faint circular outline appears near the middle of the field.,
FBQ-0356,FBQ-0356-CANON-Q3,RSITMD,images/FBQ-0356_ir.jpg,images/FBQ-0356_rgb.jpg,spatial_structure,Where are the penalty areas positioned?,At opposite ends,sol,1,1,1,Rectangular penalty-area markings occur at both ends of the pitch.,
FBQ-0356,FBQ-0356-CANON-Q4,RSITMD,images/FBQ-0356_ir.jpg,images/FBQ-0356_rgb.jpg,intensity_contrast,Is the playing field darker than its perimeter?,Yes,sol,1,1,1,The field interior is dark while surrounding paths and structures are brighter.,
FBQ-0357,FBQ-0357-CANON-Q1,RSITMD,images/FBQ-0357_ir.jpg,images/FBQ-0357_rgb.jpg,scene_category,What natural feature dominates the scene?,Lake,sol,1,1,1,A large continuous dark region with an irregular shoreline occupies most of the image.,
FBQ-0357,FBQ-0357-CANON-Q2,RSITMD,images/FBQ-0357_ir.jpg,images/FBQ-0357_rgb.jpg,object_presence,Is a rounded peninsula visible?,Yes,rewrite,1,1,1,A rounded landform projects into the dark lake region.,
FBQ-0357,FBQ-0357-CANON-Q3,RSITMD,images/FBQ-0357_ir.jpg,images/FBQ-0357_rgb.jpg,spatial_structure,What surrounds most of the rounded peninsula?,The lake,rewrite,1,1,1,The broad dark region borders most sides of the rounded projection.,
FBQ-0357,FBQ-0357-CANON-Q4,RSITMD,images/FBQ-0357_ir.jpg,images/FBQ-0357_rgb.jpg,intensity_contrast,Is the lake darker than the developed shoreline?,Yes,sol,1,1,1,The lake is uniformly dark while shoreline structures are much brighter.,
FBQ-0358,FBQ-0358-CANON-Q1,RSITMD,images/FBQ-0358_ir.jpg,images/FBQ-0358_rgb.jpg,scene_category,What type of scene is shown?,Rectangular pond,terra,1,1,1,A large smooth dark rectangular basin is enclosed by a perimeter boundary.,
FBQ-0358,FBQ-0358-CANON-Q2,RSITMD,images/FBQ-0358_ir.jpg,images/FBQ-0358_rgb.jpg,object_presence,Is a bright spot visible in the basin?,Yes,terra,1,1,1,A small isolated bright spot appears within the dark basin.,
FBQ-0358,FBQ-0358-CANON-Q3,RSITMD,images/FBQ-0358_ir.jpg,images/FBQ-0358_rgb.jpg,spatial_structure,Where is the bright spot located?,Near the center,terra,1,1,1,The isolated spot lies near the middle of the rectangular basin.,
FBQ-0358,FBQ-0358-CANON-Q4,RSITMD,images/FBQ-0358_ir.jpg,images/FBQ-0358_rgb.jpg,intensity_contrast,How does the basin compare with its perimeter?,Darker,terra,1,1,1,The basin interior is nearly black while its enclosing border is bright.,
FBQ-0359,FBQ-0359-CANON-Q1,RSITMD,images/FBQ-0359_ir.jpg,images/FBQ-0359_rgb.jpg,scene_category,What type of scene is shown?,Large lake,terra,1,1,1,A broad smooth dark basin is enclosed by an irregular shoreline.,
FBQ-0359,FBQ-0359-CANON-Q2,RSITMD,images/FBQ-0359_ir.jpg,images/FBQ-0359_rgb.jpg,object_presence,Is a continuous shoreline visible?,Yes,terra,1,1,1,A narrow light boundary traces most of the dark basin's edge.,
FBQ-0359,FBQ-0359-CANON-Q3,RSITMD,images/FBQ-0359_ir.jpg,images/FBQ-0359_rgb.jpg,spatial_structure,What surrounds the dark basin?,A lighter shoreline,terra,1,1,1,Lighter textured terrain encircles the dark interior.,
FBQ-0359,FBQ-0359-CANON-Q4,RSITMD,images/FBQ-0359_ir.jpg,images/FBQ-0359_rgb.jpg,intensity_contrast,How does the lake compare with the shore?,Darker,terra,1,1,1,The central lake region is substantially darker than the surrounding rim.,
FBQ-0360,FBQ-0360-CANON-Q1,RSITMD,images/FBQ-0360_ir.jpg,images/FBQ-0360_rgb.jpg,scene_category,What type of coastal facility is visible?,Harbor,rewrite,1,1,1,A sheltered dark basin is enclosed by shoreline and a long curved barrier.,
FBQ-0360,FBQ-0360-CANON-Q2,RSITMD,images/FBQ-0360_ir.jpg,images/FBQ-0360_rgb.jpg,object_presence,Is a long curved barrier visible?,Yes,rewrite,1,1,1,A narrow double-edged structure curves outward into the dark region.,
FBQ-0360,FBQ-0360-CANON-Q3,RSITMD,images/FBQ-0360_ir.jpg,images/FBQ-0360_rgb.jpg,spatial_structure,What extends outward from the shoreline?,A curved barrier,rewrite,1,1,1,The narrow structure begins at the shore and projects toward the right.,
FBQ-0360,FBQ-0360-CANON-Q4,RSITMD,images/FBQ-0360_ir.jpg,images/FBQ-0360_rgb.jpg,intensity_contrast,"Which is darker, the basin interior or barrier?",The basin interior,rewrite,1,1,1,The basin appears dark while the curved barrier appears bright.,
FBQ-0361,FBQ-0361-CANON-Q1,RSITMD,images/FBQ-0361_ir.jpg,images/FBQ-0361_rgb.jpg,scene_category,What type of scene is shown?,Coastal harbor,luna,1,1,1,"Dark water, a curved shoreline, and a narrow barrier are visible.",
FBQ-0361,FBQ-0361-CANON-Q2,RSITMD,images/FBQ-0361_ir.jpg,images/FBQ-0361_rgb.jpg,object_presence,Are breakwaters visible?,Yes,sol,1,1,1,Several narrow linear structures extend prominently across the dark water.,
FBQ-0361,FBQ-0361-CANON-Q3,RSITMD,images/FBQ-0361_ir.jpg,images/FBQ-0361_rgb.jpg,spatial_structure,Where is the open water relative to land?,Left of land,terra,1,1,1,A broad dark region lies left of the bright textured shoreline.,
FBQ-0361,FBQ-0361-CANON-Q4,RSITMD,images/FBQ-0361_ir.jpg,images/FBQ-0361_rgb.jpg,intensity_contrast,Is the harbor water darker than the shoreline?,Yes,sol,1,1,1,The enclosed water is broadly dark while the adjacent shoreline is much brighter.,
FBQ-0362,FBQ-0362-CANON-Q1,RSITMD,images/FBQ-0362_ir.jpg,images/FBQ-0362_rgb.jpg,scene_category,What type of waterfront scene is shown?,Boat-filled inlet,rewrite,1,1,1,Many elongated vessel-like forms occupy a narrow sheltered water channel.,
FBQ-0362,FBQ-0362-CANON-Q2,RSITMD,images/FBQ-0362_ir.jpg,images/FBQ-0362_rgb.jpg,object_presence,Are numerous boats present?,Yes,sol,1,1,1,Dozens of short bright elongated objects are visible throughout the dark inlet.,
FBQ-0362,FBQ-0362-CANON-Q3,RSITMD,images/FBQ-0362_ir.jpg,images/FBQ-0362_rgb.jpg,spatial_structure,Where are most boats concentrated?,In the central inlet,sol,1,1,1,The repeated elongated shapes form a dense vertical cluster between two shorelines.,
FBQ-0362,FBQ-0362-CANON-Q4,RSITMD,images/FBQ-0362_ir.jpg,images/FBQ-0362_rgb.jpg,intensity_contrast,Are the boats generally brighter than the water?,Yes,sol,1,1,1,Most boat-shaped objects appear bright against the dark inlet surface.,
FBQ-0363,FBQ-0363-CANON-Q1,RSITMD,images/FBQ-0363_ir.jpg,images/FBQ-0363_rgb.jpg,scene_category,What broad scene is shown?,Built-up area,rewrite,1,1,1,Multiple block-like structures are separated by connected linear corridors.,Only broad structural cues were retained because the IR image is blurred.
FBQ-0363,FBQ-0363-CANON-Q2,RSITMD,images/FBQ-0363_ir.jpg,images/FBQ-0363_rgb.jpg,object_presence,Are multiple building-like structures visible?,Yes,rewrite,1,1,1,Several distinct polygonal and rectangular outlines appear across the image.,Only broad structural cues were retained because the IR image is blurred.
FBQ-0363,FBQ-0363-CANON-Q3,RSITMD,images/FBQ-0363_ir.jpg,images/FBQ-0363_rgb.jpg,spatial_structure,Where are most block-like structures located?,Across the central area,rewrite,1,1,1,The strongest rectilinear outlines occupy the middle of the image.,Only broad structural cues were retained because the IR image is blurred.
FBQ-0363,FBQ-0363-CANON-Q4,RSITMD,images/FBQ-0363_ir.jpg,images/FBQ-0363_rgb.jpg,intensity_contrast,Are central structures brighter than the dark margins?,Yes,rewrite,1,1,1,Central structural surfaces are pale while several marginal regions are dark.,Only broad structural cues were retained because the IR image is blurred.
FBQ-0364,FBQ-0364-CANON-Q1,RSITMD,images/FBQ-0364_ir.jpg,images/FBQ-0364_rgb.jpg,scene_category,What dominant landscape feature defines the scene?,A winding river,sol,1,1,1,A continuous dark channel forms multiple broad bends through the image.,
FBQ-0364,FBQ-0364-CANON-Q2,RSITMD,images/FBQ-0364_ir.jpg,images/FBQ-0364_rgb.jpg,object_presence,Is a river visible?,Yes,sol,1,1,1,"The IR image contains a wide, continuous, winding dark channel.",
FBQ-0364,FBQ-0364-CANON-Q3,RSITMD,images/FBQ-0364_ir.jpg,images/FBQ-0364_rgb.jpg,spatial_structure,Where is the elongated developed area?,Between dark channels,luna,1,1,1,The elongated textured area lies between two prominent dark channels.,
FBQ-0364,FBQ-0364-CANON-Q4,RSITMD,images/FBQ-0364_ir.jpg,images/FBQ-0364_rgb.jpg,intensity_contrast,Is the river darker than the surrounding terrain?,Yes,sol,1,1,1,The channel has consistently lower intensity than the mottled adjacent land.,
FBQ-0365,FBQ-0365-CANON-Q1,RSITMD,images/FBQ-0365_ir.jpg,images/FBQ-0365_rgb.jpg,scene_category,What type of natural corridor is shown?,A river corridor,sol,1,1,1,"Multiple wide, connected, curving bands define a channel-like corridor.",Only broad channel geometry was used because the IR image is blurred.
FBQ-0365,FBQ-0365-CANON-Q2,RSITMD,images/FBQ-0365_ir.jpg,images/FBQ-0365_rgb.jpg,object_presence,Are multiple channel traces visible?,Yes,sol,1,1,1,Several parallel and branching curved bands are discernible in the IR image.,Only broad channel geometry was used because the IR image is blurred.
FBQ-0365,FBQ-0365-CANON-Q3,RSITMD,images/FBQ-0365_ir.jpg,images/FBQ-0365_rgb.jpg,spatial_structure,How does the main channel run through the scene?,From upper center toward lower left,rewrite,1,1,1,The main pale corridor curves from the upper center toward the lower-left area.,Only broad channel geometry was used because the IR image is blurred.
FBQ-0365,FBQ-0365-CANON-Q4,RSITMD,images/FBQ-0365_ir.jpg,images/FBQ-0365_rgb.jpg,intensity_contrast,What is the dominant contrast?,Pale channel against darker terrain,luna,1,1,1,The sinuous channel is lighter than adjacent broad terrain regions.,Only broad channel geometry was used because the IR image is blurred.
FBQ-0366,FBQ-0366-CANON-Q1,RSITMD,images/FBQ-0366_ir.jpg,images/FBQ-0366_rgb.jpg,scene_category,What type of sports facility is shown?,An athletics stadium,sol,1,1,1,A prominent oval track-like enclosure surrounds a large central field.,
FBQ-0366,FBQ-0366-CANON-Q2,RSITMD,images/FBQ-0366_ir.jpg,images/FBQ-0366_rgb.jpg,object_presence,Is an oval track visible?,Yes,sol,1,1,1,A continuous oval outline is clearly visible near the center.,
FBQ-0366,FBQ-0366-CANON-Q3,RSITMD,images/FBQ-0366_ir.jpg,images/FBQ-0366_rgb.jpg,spatial_structure,Where is the rectangular field located?,Inside the oval track,sol,1,1,1,The uniform rectangular area is fully enclosed by the oval boundary.,
FBQ-0366,FBQ-0366-CANON-Q4,RSITMD,images/FBQ-0366_ir.jpg,images/FBQ-0366_rgb.jpg,intensity_contrast,Is the central field more uniform than surrounding buildings?,Yes,sol,1,1,1,The field has smooth intensity while surrounding blocks show fragmented contrast.,
FBQ-0367,FBQ-0367-CANON-Q1,RSITMD,images/FBQ-0367_ir.jpg,images/FBQ-0367_rgb.jpg,scene_category,What broad setting is shown?,Urban built-up area,rewrite,1,1,1,Numerous repeated building outlines and intersecting linear corridors fill the scene.,
FBQ-0367,FBQ-0367-CANON-Q2,RSITMD,images/FBQ-0367_ir.jpg,images/FBQ-0367_rgb.jpg,object_presence,Are multiple rectangular buildings visible?,Yes,rewrite,1,1,1,Many distinct rectangular and elongated structural outlines are visible.,
FBQ-0367,FBQ-0367-CANON-Q3,RSITMD,images/FBQ-0367_ir.jpg,images/FBQ-0367_rgb.jpg,spatial_structure,Where is the main straight road located?,Along the right side,sol,1,1,1,A broad straight linear corridor runs vertically near the right edge.,
FBQ-0367,FBQ-0367-CANON-Q4,RSITMD,images/FBQ-0367_ir.jpg,images/FBQ-0367_rgb.jpg,intensity_contrast,How do building edges compare with the ground?,Brighter,terra,1,1,1,Building outlines have bright borders against the grayer surrounding ground.,
FBQ-0368,FBQ-0368-CANON-Q1,RSITMD,images/FBQ-0368_ir.jpg,images/FBQ-0368_rgb.jpg,scene_category,What type of property is shown?,A rural residence,sol,1,1,1,A main building and separate rectangular structure occupy an open parcel bordered by dense vegetation.,
FBQ-0368,FBQ-0368-CANON-Q2,RSITMD,images/FBQ-0368_ir.jpg,images/FBQ-0368_rgb.jpg,object_presence,Is a separate rectangular structure present?,Yes,rewrite,1,1,1,An elongated rectangular structure lies above-left of the main building.,
FBQ-0368,FBQ-0368-CANON-Q3,RSITMD,images/FBQ-0368_ir.jpg,images/FBQ-0368_rgb.jpg,spatial_structure,Where is the dense tree cover located?,Along the upper edge,sol,1,1,1,A dark coarse-textured vegetation band spans the top of the IR image.,
FBQ-0368,FBQ-0368-CANON-Q4,RSITMD,images/FBQ-0368_ir.jpg,images/FBQ-0368_rgb.jpg,intensity_contrast,Are the buildings brighter than the tree cover?,Yes,sol,1,1,1,Building surfaces are predominantly bright while the upper vegetation band is dark.,
FBQ-0369,FBQ-0369-CANON-Q1,RSITMD,images/FBQ-0369_ir.jpg,images/FBQ-0369_rgb.jpg,scene_category,What setting surrounds the house?,Woodland,terra,1,1,1,Dense irregular canopy texture fills nearly the entire image around the structure.,
FBQ-0369,FBQ-0369-CANON-Q2,RSITMD,images/FBQ-0369_ir.jpg,images/FBQ-0369_rgb.jpg,object_presence,Is an isolated building complex present?,Yes,sol,1,1,1,Connected roof-like polygons form a distinct complex at the image center.,
FBQ-0369,FBQ-0369-CANON-Q3,RSITMD,images/FBQ-0369_ir.jpg,images/FBQ-0369_rgb.jpg,spatial_structure,Where is the building complex located?,Near the center,sol,1,1,1,The outlined structures are centrally enclosed by woodland texture on all sides.,
FBQ-0369,FBQ-0369-CANON-Q4,RSITMD,images/FBQ-0369_ir.jpg,images/FBQ-0369_rgb.jpg,intensity_contrast,Is one rectangular roof section brighter than its surroundings?,Yes,sol,1,1,1,A compact rectangular section has markedly higher intensity than adjacent roofs and trees.,
FBQ-0370,FBQ-0370-CANON-Q1,RSITMD,images/FBQ-0370_ir.jpg,images/FBQ-0370_rgb.jpg,scene_category,What type of property dominates the scene?,A large estate,sol,1,1,1,A substantial central building is surrounded by extensive open grounds and perimeter vegetation.,
FBQ-0370,FBQ-0370-CANON-Q2,RSITMD,images/FBQ-0370_ir.jpg,images/FBQ-0370_rgb.jpg,object_presence,Is a large central building visible?,Yes,sol,1,1,1,A prominent multi-section structure with strong edges occupies the lower center.,
FBQ-0370,FBQ-0370-CANON-Q3,RSITMD,images/FBQ-0370_ir.jpg,images/FBQ-0370_rgb.jpg,spatial_structure,Where is the detached rectangular structure?,Near the upper edge,sol,1,1,1,A long striped rectangular form appears above the main clearing.,
FBQ-0370,FBQ-0370-CANON-Q4,RSITMD,images/FBQ-0370_ir.jpg,images/FBQ-0370_rgb.jpg,intensity_contrast,How do the tree rows compare with the open ground?,Darker,rewrite,1,1,1,Repeated vegetation clusters are dark compared with the lighter open ground.,
FBQ-0371,FBQ-0371-CANON-Q1,RSITMD,images/FBQ-0371_ir.jpg,images/FBQ-0371_rgb.jpg,scene_category,What type of scene is shown?,An agricultural compound,sol,1,1,1,Repeated orchard rows surround a central cluster of block-like structures.,
FBQ-0371,FBQ-0371-CANON-Q2,RSITMD,images/FBQ-0371_ir.jpg,images/FBQ-0371_rgb.jpg,object_presence,Are buildings visible?,Yes,sol,1,1,1,Several distinct rectangular roof outlines are visible near the center.,
FBQ-0371,FBQ-0371-CANON-Q3,RSITMD,images/FBQ-0371_ir.jpg,images/FBQ-0371_rgb.jpg,spatial_structure,Where are the orchard rows relative to the buildings?,Mostly to the right,sol,1,1,1,Repeated narrow rows occupy the right side beside the central structures.,
FBQ-0371,FBQ-0371-CANON-Q4,RSITMD,images/FBQ-0371_ir.jpg,images/FBQ-0371_rgb.jpg,intensity_contrast,"Which appears brighter, the central structures or orchard rows?",The central structures,sol,1,1,1,The central block-like structures are lighter than the adjacent repeated rows.,
FBQ-0372,FBQ-0372-CANON-Q1,RSITMD,images/FBQ-0372_ir.jpg,images/FBQ-0372_rgb.jpg,scene_category,What type of scene is shown?,A landscaped plaza,sol,1,1,1,A formal semicircular layout with repeated wedge-shaped sections is clearly visible.,
FBQ-0372,FBQ-0372-CANON-Q2,RSITMD,images/FBQ-0372_ir.jpg,images/FBQ-0372_rgb.jpg,object_presence,Are two elongated rectangular sections visible at the bottom?,Yes,rewrite,1,1,1,Two dark elongated rectangles extend upward from the lower edge.,
FBQ-0372,FBQ-0372-CANON-Q3,RSITMD,images/FBQ-0372_ir.jpg,images/FBQ-0372_rgb.jpg,spatial_structure,How are the wedge-shaped sections arranged?,In a semicircle,sol,1,1,1,Multiple wedge-shaped sections form an arc around a central dark area.,
FBQ-0372,FBQ-0372-CANON-Q4,RSITMD,images/FBQ-0372_ir.jpg,images/FBQ-0372_rgb.jpg,intensity_contrast,"Which is brighter, the wedge-shaped sections or central band?",The wedge-shaped sections,sol,1,1,1,The wedge-shaped regions are bright against the dark semicircular band.,
FBQ-0373,FBQ-0373-CANON-Q1,RSITMD,images/FBQ-0373_ir.jpg,images/FBQ-0373_rgb.jpg,scene_category,What type of scene is shown?,An urban building complex,sol,1,1,1,"Multiple large roof blocks, organized walkways, and an adjacent road are visible.",
FBQ-0373,FBQ-0373-CANON-Q2,RSITMD,images/FBQ-0373_ir.jpg,images/FBQ-0373_rgb.jpg,object_presence,Are multiple square buildings present?,Yes,sol,1,1,1,Four prominent square or rectangular roof outlines are visible.,
FBQ-0373,FBQ-0373-CANON-Q3,RSITMD,images/FBQ-0373_ir.jpg,images/FBQ-0373_rgb.jpg,spatial_structure,What connects the buildings?,A grid of walkways,sol,1,1,1,Straight intersecting bands form a regular network between the roof blocks.,
FBQ-0373,FBQ-0373-CANON-Q4,RSITMD,images/FBQ-0373_ir.jpg,images/FBQ-0373_rgb.jpg,intensity_contrast,"Which appears darker, the roofs or surrounding grounds?",The roofs,sol,1,1,1,The main roof blocks have darker interiors than the broad surrounding areas.,
FBQ-0374,FBQ-0374-CANON-Q1,RSITMD,images/FBQ-0374_ir.jpg,images/FBQ-0374_rgb.jpg,scene_category,What type of scene is shown?,A formal garden,sol,1,1,1,Geometric paths divide the enclosed area into symmetrical planned sections.,
FBQ-0374,FBQ-0374-CANON-Q2,RSITMD,images/FBQ-0374_ir.jpg,images/FBQ-0374_rgb.jpg,object_presence,Is a circular central feature visible?,Yes,sol,1,1,1,A small dark circular feature appears near several intersecting paths.,
FBQ-0374,FBQ-0374-CANON-Q3,RSITMD,images/FBQ-0374_ir.jpg,images/FBQ-0374_rgb.jpg,spatial_structure,How are the paths arranged?,In an intersecting geometric pattern,sol,1,1,1,Multiple straight paths cross diagonally and radially within the enclosure.,
FBQ-0374,FBQ-0374-CANON-Q4,RSITMD,images/FBQ-0374_ir.jpg,images/FBQ-0374_rgb.jpg,intensity_contrast,"Which is darker, the central circle or surrounding paths?",The central circle,rewrite,1,1,1,The small central circle is nearly black beside lighter path segments.,
FBQ-0375,FBQ-0375-CANON-Q1,RSITMD,images/FBQ-0375_ir.jpg,images/FBQ-0375_rgb.jpg,scene_category,What type of scene is shown?,A park plaza,sol,1,1,1,"An open fan-shaped area, scattered tree crowns, paths, and bordering roads are visible.",
FBQ-0375,FBQ-0375-CANON-Q2,RSITMD,images/FBQ-0375_ir.jpg,images/FBQ-0375_rgb.jpg,object_presence,Is a roundabout visible?,Yes,terra,1,1,1,A circular island enclosed by a road ring appears along the lower edge.,
FBQ-0375,FBQ-0375-CANON-Q3,RSITMD,images/FBQ-0375_ir.jpg,images/FBQ-0375_rgb.jpg,spatial_structure,Where is the roundabout located?,Below the plaza,luna,1,1,1,The circular road junction is positioned beneath the central open area.,
FBQ-0375,FBQ-0375-CANON-Q4,RSITMD,images/FBQ-0375_ir.jpg,images/FBQ-0375_rgb.jpg,intensity_contrast,How do the roads compare with the central ground?,The roads are brighter,luna,1,1,1,Curved road bands appear lighter than the broad central region.,
FBQ-0376,FBQ-0376-CANON-Q1,RSITMD,images/FBQ-0376_ir.jpg,images/FBQ-0376_rgb.jpg,scene_category,What type of scene is shown?,A circular urban plaza,sol,1,1,1,A dominant circular open area with radial divisions fills the developed enclosure.,
FBQ-0376,FBQ-0376-CANON-Q2,RSITMD,images/FBQ-0376_ir.jpg,images/FBQ-0376_rgb.jpg,object_presence,Is a large circular plaza present?,Yes,sol,1,1,1,A broad circular disk occupies the center of the image.,
FBQ-0376,FBQ-0376-CANON-Q3,RSITMD,images/FBQ-0376_ir.jpg,images/FBQ-0376_rgb.jpg,spatial_structure,How are the paths arranged around the center?,In a radial pattern,sol,1,1,1,Several narrow lines extend outward like spokes from the central circle.,
FBQ-0376,FBQ-0376-CANON-Q4,RSITMD,images/FBQ-0376_ir.jpg,images/FBQ-0376_rgb.jpg,intensity_contrast,"Which is brighter, the right border or central disk?",The right border,rewrite,1,1,1,The vertical strip at right is much lighter than the central disk.,
FBQ-0377,FBQ-0377-CANON-Q1,RSITMD,images/FBQ-0377_ir.jpg,images/FBQ-0377_rgb.jpg,scene_category,What type of scene is shown?,A monument complex,sol,1,1,1,A prominent central structure is surrounded by formal nested square terraces.,
FBQ-0377,FBQ-0377-CANON-Q2,RSITMD,images/FBQ-0377_ir.jpg,images/FBQ-0377_rgb.jpg,object_presence,Is a central building visible?,Yes,sol,1,1,1,An irregular building-shaped mass occupies the innermost square.,
FBQ-0377,FBQ-0377-CANON-Q3,RSITMD,images/FBQ-0377_ir.jpg,images/FBQ-0377_rgb.jpg,spatial_structure,What surrounds the central building?,Nested square terraces,sol,1,1,1,Several concentric square outlines enclose the central structure.,
FBQ-0377,FBQ-0377-CANON-Q4,RSITMD,images/FBQ-0377_ir.jpg,images/FBQ-0377_rgb.jpg,intensity_contrast,"Which appears darker, the central structure or outer platform?",The central structure,sol,1,1,1,The central mass contains broad dark regions against the lighter patterned platform.,
FBQ-0378,FBQ-0378-CANON-Q1,RSITMD,images/FBQ-0378_ir.jpg,images/FBQ-0378_rgb.jpg,scene_category,What type of scene is shown?,An oval stadium,sol,1,1,1,A continuous oval enclosure surrounds a large central open area.,
FBQ-0378,FBQ-0378-CANON-Q2,RSITMD,images/FBQ-0378_ir.jpg,images/FBQ-0378_rgb.jpg,object_presence,Is a central playing area visible?,Yes,sol,1,1,1,A large uninterrupted oval interior occupies the center.,
FBQ-0378,FBQ-0378-CANON-Q3,RSITMD,images/FBQ-0378_ir.jpg,images/FBQ-0378_rgb.jpg,spatial_structure,What encloses the central area?,A continuous oval ring,sol,1,1,1,A thick ring completely surrounds the central open region.,
FBQ-0378,FBQ-0378-CANON-Q4,RSITMD,images/FBQ-0378_ir.jpg,images/FBQ-0378_rgb.jpg,intensity_contrast,"Which appears darker, the oval ring or central area?",The oval ring,sol,1,1,1,The enclosing ring is dark while the central region is much brighter.,
FBQ-0379,FBQ-0379-CANON-Q1,RSITMD,images/FBQ-0379_ir.jpg,images/FBQ-0379_rgb.jpg,scene_category,What type of scene is shown?,A sports stadium,sol,1,1,1,A rectangular center is enclosed by a rounded track-like band and stadium perimeter.,
FBQ-0379,FBQ-0379-CANON-Q2,RSITMD,images/FBQ-0379_ir.jpg,images/FBQ-0379_rgb.jpg,object_presence,Is a rectangular playing field visible?,Yes,sol,1,1,1,A large regular rectangle occupies the middle of the enclosure.,
FBQ-0379,FBQ-0379-CANON-Q3,RSITMD,images/FBQ-0379_ir.jpg,images/FBQ-0379_rgb.jpg,spatial_structure,What surrounds the playing field?,An oval track,sol,1,1,1,A continuous rounded rectangular band encircles the central field.,
FBQ-0379,FBQ-0379-CANON-Q4,RSITMD,images/FBQ-0379_ir.jpg,images/FBQ-0379_rgb.jpg,intensity_contrast,"Which appears more uniform, the field or stadium perimeter?",The field,sol,1,1,1,The central rectangle has smooth intensity while the perimeter has repeated contrasts.,
FBQ-0380,FBQ-0380-CANON-Q1,RSITMD,images/FBQ-0380_ir.jpg,images/FBQ-0380_rgb.jpg,scene_category,What type of scene is shown?,An athletics stadium,sol,1,1,1,A rectangular field is enclosed by a clearly defined oval track and outer ring.,
FBQ-0380,FBQ-0380-CANON-Q2,RSITMD,images/FBQ-0380_ir.jpg,images/FBQ-0380_rgb.jpg,object_presence,Is a rectangular central field present?,Yes,sol,1,1,1,A large bright rectangle is clearly visible at the center.,
FBQ-0380,FBQ-0380-CANON-Q3,RSITMD,images/FBQ-0380_ir.jpg,images/FBQ-0380_rgb.jpg,spatial_structure,What surrounds the central field?,An oval running track,sol,1,1,1,A continuous oval band encircles the rectangular center.,
FBQ-0380,FBQ-0380-CANON-Q4,RSITMD,images/FBQ-0380_ir.jpg,images/FBQ-0380_rgb.jpg,intensity_contrast,Which area is brightest?,The central field,sol,1,1,1,The central rectangle is brighter than the surrounding oval band and outer rim.,
FBQ-0381,FBQ-0381-CANON-Q1,RSITMD,images/FBQ-0381_ir.jpg,images/FBQ-0381_rgb.jpg,scene_category,What type of scene is shown?,A sports stadium,luna,1,1,1,A large enclosed field-like region and surrounding curved stands are visible.,
FBQ-0381,FBQ-0381-CANON-Q2,RSITMD,images/FBQ-0381_ir.jpg,images/FBQ-0381_rgb.jpg,object_presence,Is a large playing field present?,Yes,sol,1,1,1,A broad continuous interior region is visibly enclosed by the stadium rim.,
FBQ-0381,FBQ-0381-CANON-Q3,RSITMD,images/FBQ-0381_ir.jpg,images/FBQ-0381_rgb.jpg,spatial_structure,Where is the field located?,Inside the oval enclosure,terra,1,1,1,The dark field is surrounded on all sides by the curved ring.,
FBQ-0381,FBQ-0381-CANON-Q4,RSITMD,images/FBQ-0381_ir.jpg,images/FBQ-0381_rgb.jpg,intensity_contrast,"Which is brighter, the lower rim or central field?",The lower rim,sol,1,1,1,The lower curved boundary has substantially higher intensity than the medium-gray field.,
FBQ-0382,FBQ-0382-CANON-Q1,RSITMD,images/FBQ-0382_ir.jpg,images/FBQ-0382_rgb.jpg,scene_category,What type of facility occupies the image?,A sports stadium,sol,1,1,1,A rectangular playing area is visibly enclosed by stands and broad roof structures.,
FBQ-0382,FBQ-0382-CANON-Q2,RSITMD,images/FBQ-0382_ir.jpg,images/FBQ-0382_rgb.jpg,object_presence,Is a rectangular playing field visible?,Yes,sol,1,1,1,A large bounded rectangle occupies the center of the IR image.,
FBQ-0382,FBQ-0382-CANON-Q3,RSITMD,images/FBQ-0382_ir.jpg,images/FBQ-0382_rgb.jpg,spatial_structure,Where is the brightest roof section relative to the field?,To the right,sol,1,1,1,A high-intensity curved structure directly borders the field's right edge.,
FBQ-0382,FBQ-0382-CANON-Q4,RSITMD,images/FBQ-0382_ir.jpg,images/FBQ-0382_rgb.jpg,intensity_contrast,"Which is brighter, the right roof or the field?",The right roof,sol,1,1,1,The right roof is nearly saturated while the field has medium intensity.,
FBQ-0383,FBQ-0383-CANON-Q1,RSITMD,images/FBQ-0383_ir.jpg,images/FBQ-0383_rgb.jpg,scene_category,Which kind of venue is visible?,A sports stadium,sol,1,1,1,The central rectangle and long repeated perimeter stands form a recognizable stadium layout.,
FBQ-0383,FBQ-0383-CANON-Q2,RSITMD,images/FBQ-0383_ir.jpg,images/FBQ-0383_rgb.jpg,object_presence,Are long spectator stands present?,Yes,sol,1,1,1,Repeated narrow rectangular elements form long bands above and below the central field.,
FBQ-0383,FBQ-0383-CANON-Q3,RSITMD,images/FBQ-0383_ir.jpg,images/FBQ-0383_rgb.jpg,spatial_structure,Where is the field relative to the stands?,Between the stands,sol,1,1,1,The rectangular field is visibly bounded by long stand structures on opposing sides.,
FBQ-0383,FBQ-0383-CANON-Q4,RSITMD,images/FBQ-0383_ir.jpg,images/FBQ-0383_rgb.jpg,intensity_contrast,"Which is brighter, the field center or lower stand?",The field center,sol,1,1,1,The central rectangle is high intensity while the lower stand includes a broad dark band.,
FBQ-0384,FBQ-0384-CANON-Q1,RSITMD,images/FBQ-0384_ir.jpg,images/FBQ-0384_rgb.jpg,scene_category,What type of site is shown?,Industrial facility,terra,1,1,1,"The image contains clustered tanks, large buildings, and repeated equipment-like structures.","Fine detail is softened, but all selected cues remain visible in IR."
FBQ-0384,FBQ-0384-CANON-Q2,RSITMD,images/FBQ-0384_ir.jpg,images/FBQ-0384_rgb.jpg,object_presence,Are circular tanks visible?,Yes,sol,1,1,1,Several distinct circular outlines are visible in the upper-left and lower-right portions.,"Fine detail is softened, but all selected cues remain visible in IR."
FBQ-0384,FBQ-0384-CANON-Q3,RSITMD,images/FBQ-0384_ir.jpg,images/FBQ-0384_rgb.jpg,spatial_structure,Where is the largest circular structure?,Near the upper left,sol,1,1,1,The most prominent circular outline occupies the upper-left quadrant.,"Fine detail is softened, but all selected cues remain visible in IR."
FBQ-0384,FBQ-0384-CANON-Q4,RSITMD,images/FBQ-0384_ir.jpg,images/FBQ-0384_rgb.jpg,intensity_contrast,How do tank rims compare with interiors?,The rims are darker,terra,1,1,1,The circular tank boundaries are darker than their central areas.,"Fine detail is softened, but all selected cues remain visible in IR."
FBQ-0385,FBQ-0385-CANON-Q1,RSITMD,images/FBQ-0385_ir.jpg,images/FBQ-0385_rgb.jpg,scene_category,What general type of site is shown?,An industrial facility,rewrite,1,1,1,Several large circular structures surround an organized rectangular compound.,
FBQ-0385,FBQ-0385-CANON-Q2,RSITMD,images/FBQ-0385_ir.jpg,images/FBQ-0385_rgb.jpg,object_presence,Are three large circular structures visible?,Yes,rewrite,1,1,1,Two large circles appear above the central rectangle and one appears below it.,
FBQ-0385,FBQ-0385-CANON-Q3,RSITMD,images/FBQ-0385_ir.jpg,images/FBQ-0385_rgb.jpg,spatial_structure,Where is the central rectangular area?,Between the circular structures,rewrite,1,1,1,The rectangle lies below the upper pair of circles and above the lower circle.,
FBQ-0385,FBQ-0385-CANON-Q4,RSITMD,images/FBQ-0385_ir.jpg,images/FBQ-0385_rgb.jpg,intensity_contrast,"Which is brighter, the circular structures or central surface?",The circular structures,rewrite,1,1,1,The circular interiors and rims have higher intensity than the dark central rectangle.,
FBQ-0386,FBQ-0386-CANON-Q1,RSITMD,images/FBQ-0386_ir.jpg,images/FBQ-0386_rgb.jpg,scene_category,What type of scene is shown?,An industrial facility,luna,1,1,1,Circular tanks and dense rectangular equipment structures form a facility layout.,
FBQ-0386,FBQ-0386-CANON-Q2,RSITMD,images/FBQ-0386_ir.jpg,images/FBQ-0386_rgb.jpg,object_presence,Is a circular radial structure visible?,Yes,terra,1,1,1,A large round feature with bright radial lines appears in the lower center.,
FBQ-0386,FBQ-0386-CANON-Q3,RSITMD,images/FBQ-0386_ir.jpg,images/FBQ-0386_rgb.jpg,spatial_structure,Where is the main road?,Along the right side,terra,1,1,1,A long bright linear corridor runs vertically along the right edge.,
FBQ-0386,FBQ-0386-CANON-Q4,RSITMD,images/FBQ-0386_ir.jpg,images/FBQ-0386_rgb.jpg,intensity_contrast,Which structure has the brightest radial pattern?,The lower central tank,sol,1,1,1,The lower-central circle contains highly contrasting radial spokes converging at its center.,
FBQ-0387,FBQ-0387-CANON-Q1,RSITMD,images/FBQ-0387_ir.jpg,images/FBQ-0387_rgb.jpg,scene_category,What type of site is shown?,Industrial plant,terra,1,1,1,"Dense tanks, buildings, and interconnected structures fill an elongated facility.",
FBQ-0387,FBQ-0387-CANON-Q2,RSITMD,images/FBQ-0387_ir.jpg,images/FBQ-0387_rgb.jpg,object_presence,Are rows of circular tanks present?,Yes,sol,1,1,1,Repeated circular outlines form a conspicuous row along the right side and additional groups elsewhere.,
FBQ-0387,FBQ-0387-CANON-Q3,RSITMD,images/FBQ-0387_ir.jpg,images/FBQ-0387_rgb.jpg,spatial_structure,Where is the clearest row of tanks?,Along the right side,sol,1,1,1,Multiple evenly spaced circular forms align near the right boundary.,
FBQ-0387,FBQ-0387-CANON-Q4,RSITMD,images/FBQ-0387_ir.jpg,images/FBQ-0387_rgb.jpg,intensity_contrast,"Which are brighter, small circles or adjacent linear regions?",The small circles,rewrite,1,1,1,Repeated circular forms have higher intensity than the neighboring elongated regions.,
FBQ-0388,FBQ-0388-CANON-Q1,RSITMD,images/FBQ-0388_ir.jpg,images/FBQ-0388_rgb.jpg,scene_category,What transportation feature is shown?,A highway interchange,sol,1,1,1,"Multiple broad roads, crossing segments, and curved connecting ramps are visible in IR.",
FBQ-0388,FBQ-0388-CANON-Q2,RSITMD,images/FBQ-0388_ir.jpg,images/FBQ-0388_rgb.jpg,object_presence,Is a loop ramp visible?,Yes,terra,1,1,1,A large curved roadway forms an almost complete loop on the left.,
FBQ-0388,FBQ-0388-CANON-Q3,RSITMD,images/FBQ-0388_ir.jpg,images/FBQ-0388_rgb.jpg,spatial_structure,Where is the straight roadway relative to the large loop?,Along its right side,rewrite,1,1,1,A broad nearly vertical road band runs immediately beside the loop's right boundary.,
FBQ-0388,FBQ-0388-CANON-Q4,RSITMD,images/FBQ-0388_ir.jpg,images/FBQ-0388_rgb.jpg,intensity_contrast,How do roads compare with surrounding ground?,The roads are brighter,terra,1,1,1,The road network is pale against darker irregular terrain texture.,
FBQ-0389,FBQ-0389-CANON-Q1,RSITMD,images/FBQ-0389_ir.jpg,images/FBQ-0389_rgb.jpg,scene_category,What type of transport structure is shown?,Highway interchange,terra,1,1,1,Several broad road corridors cross and branch at different angles.,"Despite blur, the selected road geometry and intensity cues remain distinct."
FBQ-0389,FBQ-0389-CANON-Q2,RSITMD,images/FBQ-0389_ir.jpg,images/FBQ-0389_rgb.jpg,object_presence,Is a curved ramp visible?,Yes,terra,1,1,1,A distinct curved roadway arcs through the lower-right quadrant.,"Despite blur, the selected road geometry and intensity cues remain distinct."
FBQ-0389,FBQ-0389-CANON-Q3,RSITMD,images/FBQ-0389_ir.jpg,images/FBQ-0389_rgb.jpg,spatial_structure,Where do the main highways cross?,Near the center,terra,1,1,1,A wide horizontal road intersects a diagonal road around the image center.,"Despite blur, the selected road geometry and intensity cues remain distinct."
FBQ-0389,FBQ-0389-CANON-Q4,RSITMD,images/FBQ-0389_ir.jpg,images/FBQ-0389_rgb.jpg,intensity_contrast,"Which is darker, the roads or right-side terrain?",The right-side terrain,sol,1,1,1,The right-side textured region is substantially darker than the bright roadway bands.,"Despite blur, the selected road geometry and intensity cues remain distinct."
FBQ-0390,FBQ-0390-CANON-Q1,RSITMD,images/FBQ-0390_ir.jpg,images/FBQ-0390_rgb.jpg,scene_category,What type of transport structure is shown?,Highway interchange,terra,1,1,1,Several broad roadways intersect and connect through curved ramps.,
FBQ-0390,FBQ-0390-CANON-Q2,RSITMD,images/FBQ-0390_ir.jpg,images/FBQ-0390_rgb.jpg,object_presence,Are curved connector ramps visible?,Yes,terra,1,1,1,Multiple curved linear road segments loop around the central roadways.,
FBQ-0390,FBQ-0390-CANON-Q3,RSITMD,images/FBQ-0390_ir.jpg,images/FBQ-0390_rgb.jpg,spatial_structure,What crosses the central interchange?,A dark diagonal highway,terra,1,1,1,A broad dark road band runs diagonally from upper center to lower right.,
FBQ-0390,FBQ-0390-CANON-Q4,RSITMD,images/FBQ-0390_ir.jpg,images/FBQ-0390_rgb.jpg,intensity_contrast,How does the diagonal highway compare with ramps?,The highway is darker,terra,1,1,1,The dominant diagonal roadway is dark beside several paler curved ramps.,
FBQ-0391,FBQ-0391-CANON-Q1,RSITMD,images/FBQ-0391_ir.jpg,images/FBQ-0391_rgb.jpg,scene_category,What type of transportation structure is shown?,A cloverleaf highway interchange,sol,1,1,1,The IR image clearly shows crossing highway decks surrounded by four looping ramps.,
FBQ-0391,FBQ-0391-CANON-Q2,RSITMD,images/FBQ-0391_ir.jpg,images/FBQ-0391_rgb.jpg,object_presence,Are multiple looping ramps visible?,Yes,sol,1,1,1,Four large rounded road loops are visible around the central crossing.,
FBQ-0391,FBQ-0391-CANON-Q3,RSITMD,images/FBQ-0391_ir.jpg,images/FBQ-0391_rgb.jpg,spatial_structure,What occupies the center of the looping ramps?,Crossing highway decks,sol,1,1,1,Two broad diagonal road structures intersect at the image center.,
FBQ-0391,FBQ-0391-CANON-Q4,RSITMD,images/FBQ-0391_ir.jpg,images/FBQ-0391_rgb.jpg,intensity_contrast,Are the diagonal roadways darker than the loop interiors?,Yes,sol,1,1,1,The diagonal roadway bands have lower intensity than the broad areas enclosed by the loops.,
FBQ-0392,FBQ-0392-CANON-Q1,RSITMD,images/FBQ-0392_ir.jpg,images/FBQ-0392_rgb.jpg,scene_category,What type of scene is shown?,Complex highway interchange,luna,1,1,1,Several large crossing roadways and curved ramps dominate the image.,
FBQ-0392,FBQ-0392-CANON-Q2,RSITMD,images/FBQ-0392_ir.jpg,images/FBQ-0392_rgb.jpg,object_presence,Are curved ramps visible?,Yes,terra,1,1,1,Multiple continuous arcing road bands are visible.,
FBQ-0392,FBQ-0392-CANON-Q3,RSITMD,images/FBQ-0392_ir.jpg,images/FBQ-0392_rgb.jpg,spatial_structure,How are the main highways arranged?,They cross near the center,sol,1,1,1,Two major roadway corridors converge and cross within the central portion.,
FBQ-0392,FBQ-0392-CANON-Q4,RSITMD,images/FBQ-0392_ir.jpg,images/FBQ-0392_rgb.jpg,intensity_contrast,Do roadways form darker bands than adjacent areas?,"Yes, roadways are darker",luna,1,1,1,The principal road surfaces are darker than many nearby open and built-up regions.,
FBQ-0393,FBQ-0393-CANON-Q1,RSITMD,images/FBQ-0393_ir.jpg,images/FBQ-0393_rgb.jpg,scene_category,What type of facility is shown?,An airport apron,sol,1,1,1,Three recognizable aircraft outlines are parked beside a large terminal-like structure.,
FBQ-0393,FBQ-0393-CANON-Q2,RSITMD,images/FBQ-0393_ir.jpg,images/FBQ-0393_rgb.jpg,object_presence,Are three aircraft visible?,Yes,sol,1,1,1,Three separate fuselage-and-wing silhouettes are clearly resolved in IR.,
FBQ-0393,FBQ-0393-CANON-Q3,RSITMD,images/FBQ-0393_ir.jpg,images/FBQ-0393_rgb.jpg,spatial_structure,Where are the aircraft relative to the large building?,To its right,sol,1,1,1,All three aircraft silhouettes are positioned immediately right of the large rectangular roof.,
FBQ-0393,FBQ-0393-CANON-Q4,RSITMD,images/FBQ-0393_ir.jpg,images/FBQ-0393_rgb.jpg,intensity_contrast,Is the large building roof lighter than the apron?,Yes,rewrite,1,1,1,The building roof has higher intensity than the surrounding apron.,
FBQ-0394,FBQ-0394-CANON-Q1,RSITMD,images/FBQ-0394_ir.jpg,images/FBQ-0394_rgb.jpg,scene_category,What type of area borders the open field?,A residential neighborhood,sol,1,1,1,Numerous small roof-shaped structures form a dense settlement beside the open region.,
FBQ-0394,FBQ-0394-CANON-Q2,RSITMD,images/FBQ-0394_ir.jpg,images/FBQ-0394_rgb.jpg,object_presence,Are numerous houses visible?,Yes,sol,1,1,1,Many small rectangular and polygonal rooftops are visible in the upper and right portions.,
FBQ-0394,FBQ-0394-CANON-Q3,RSITMD,images/FBQ-0394_ir.jpg,images/FBQ-0394_rgb.jpg,spatial_structure,Where is the dense building cluster relative to the field?,Along its upper-right side,sol,1,1,1,The open field fills the lower-left and central area while buildings cluster above and to the right.,
FBQ-0394,FBQ-0394-CANON-Q4,RSITMD,images/FBQ-0394_ir.jpg,images/FBQ-0394_rgb.jpg,intensity_contrast,Are the rooftops generally lighter than the tree canopies?,Yes,rewrite,1,1,1,Most roofs have higher intensity than the rounded tree crowns and tree rows.,
FBQ-0395,FBQ-0395-CANON-Q1,RSITMD,images/FBQ-0395_ir.jpg,images/FBQ-0395_rgb.jpg,scene_category,What is the main built-up scene category?,A residential neighborhood,sol,1,1,1,Closely spaced small building outlines and narrow internal streets dominate the left side.,
FBQ-0395,FBQ-0395-CANON-Q2,RSITMD,images/FBQ-0395_ir.jpg,images/FBQ-0395_rgb.jpg,object_presence,Are many small buildings visible?,Yes,terra,1,1,1,The left half contains a dense cluster of rectangular roof-like forms.,
FBQ-0395,FBQ-0395-CANON-Q3,RSITMD,images/FBQ-0395_ir.jpg,images/FBQ-0395_rgb.jpg,spatial_structure,What separates the houses from the open field?,A straight road,sol,1,1,1,A narrow linear corridor runs diagonally between the dense roofs and the smooth open region.,
FBQ-0395,FBQ-0395-CANON-Q4,RSITMD,images/FBQ-0395_ir.jpg,images/FBQ-0395_rgb.jpg,intensity_contrast,Which region appears smoother and more uniform?,The open field,sol,1,1,1,The field has low spatial variation compared with the strongly textured residential roofs.,
FBQ-0396,FBQ-0396-CANON-Q1,RSITMD,images/FBQ-0396_ir.jpg,images/FBQ-0396_rgb.jpg,scene_category,What type of site is shown?,Industrial facility,terra,1,1,1,Large rectilinear structures and a broad linear corridor dominate the scene.,
FBQ-0396,FBQ-0396-CANON-Q2,RSITMD,images/FBQ-0396_ir.jpg,images/FBQ-0396_rgb.jpg,object_presence,Is a long rectangular structure visible?,Yes,rewrite,1,1,1,A large high-intensity elongated rectangle spans most of the image.,
FBQ-0396,FBQ-0396-CANON-Q3,RSITMD,images/FBQ-0396_ir.jpg,images/FBQ-0396_rgb.jpg,spatial_structure,Where is the dark corridor?,Above the large rectangular structure,rewrite,1,1,1,A continuous low-intensity strip lies immediately above the long rectangular roof.,
FBQ-0396,FBQ-0396-CANON-Q4,RSITMD,images/FBQ-0396_ir.jpg,images/FBQ-0396_rgb.jpg,intensity_contrast,What appears darkest?,The upper corridor,rewrite,1,1,1,The broad upper strip has substantially lower intensity than nearby structures.,
FBQ-0397,FBQ-0397-CANON-Q1,RSITMD,images/FBQ-0397_ir.jpg,images/FBQ-0397_rgb.jpg,scene_category,What broad scene type is shown?,Coastal area,rewrite_backfill,1,1,1,A long shoreline-like boundary separates two broad regions of different intensity.,IR lacks sufficient scene-specific structure for reliable category identification.
FBQ-0397,FBQ-0397-CANON-Q2,RSITMD,images/FBQ-0397_ir.jpg,images/FBQ-0397_rgb.jpg,object_presence,Are two isolated bright objects visible?,Yes,rewrite,1,1,1,"Two separate compact high-intensity spots appear against the darker, low-texture background.",IR lacks sufficient scene-specific structure for reliable category identification.
FBQ-0397,FBQ-0397-CANON-Q3,RSITMD,images/FBQ-0397_ir.jpg,images/FBQ-0397_rgb.jpg,spatial_structure,How are the two isolated spots arranged vertically?,One above the other,rewrite,1,1,1,One compact spot lies in the upper portion and the second lies farther down near the center.,IR lacks sufficient scene-specific structure for reliable category identification.
FBQ-0397,FBQ-0397-CANON-Q4,RSITMD,images/FBQ-0397_ir.jpg,images/FBQ-0397_rgb.jpg,intensity_contrast,Do both spots have higher intensity than the background?,Yes,rewrite,1,1,1,Both compact spots have visibly higher intensity than their surrounding smooth regions.,IR lacks sufficient scene-specific structure for reliable category identification.
FBQ-0398,FBQ-0398-CANON-Q1,RSITMD,images/FBQ-0398_ir.jpg,images/FBQ-0398_rgb.jpg,scene_category,What type of road structure is shown?,A multilane intersection,sol,1,1,1,Multiple broad roadway arms converge at a large central crossing with visible lane divisions.,
FBQ-0398,FBQ-0398-CANON-Q2,RSITMD,images/FBQ-0398_ir.jpg,images/FBQ-0398_rgb.jpg,object_presence,Are several vehicles visible?,Yes,sol,1,1,1,Multiple compact elongated shapes are visible on different roadway lanes.,
FBQ-0398,FBQ-0398-CANON-Q3,RSITMD,images/FBQ-0398_ir.jpg,images/FBQ-0398_rgb.jpg,spatial_structure,Where do the main roadways meet?,Near the image center,sol,1,1,1,The wide roadway arms converge into a shared crossing in the central area.,
FBQ-0398,FBQ-0398-CANON-Q4,RSITMD,images/FBQ-0398_ir.jpg,images/FBQ-0398_rgb.jpg,intensity_contrast,Are several vehicles darker than the road surface?,Yes,sol,1,1,1,Several compact vehicle silhouettes have lower intensity than the surrounding pavement.,
FBQ-0399,FBQ-0399-CANON-Q1,RSITMD,images/FBQ-0399_ir.jpg,images/FBQ-0399_rgb.jpg,scene_category,What type of setting surrounds the intersection?,A residential neighborhood,sol,1,1,1,Four house-like building footprints and surrounding property boundaries are visible around the roads.,
FBQ-0399,FBQ-0399-CANON-Q2,RSITMD,images/FBQ-0399_ir.jpg,images/FBQ-0399_rgb.jpg,object_presence,Are four houses visible?,Yes,sol,1,1,1,One block-like residential structure appears in each of the four quadrants.,
FBQ-0399,FBQ-0399-CANON-Q3,RSITMD,images/FBQ-0399_ir.jpg,images/FBQ-0399_rgb.jpg,spatial_structure,How are the houses arranged around the intersection?,One in each quadrant,sol,1,1,1,The cross-shaped road network separates the four building forms into distinct quadrants.,
FBQ-0399,FBQ-0399-CANON-Q4,RSITMD,images/FBQ-0399_ir.jpg,images/FBQ-0399_rgb.jpg,intensity_contrast,Are the roads lighter than the surrounding lots?,Yes,rewrite,1,1,1,The intersecting roads form a high-intensity cross against lower-intensity adjacent property areas.,
FBQ-0400,FBQ-0400-CANON-Q1,RSITMD,images/FBQ-0400_ir.jpg,images/FBQ-0400_rgb.jpg,scene_category,What type of facility is shown?,An industrial tank facility,sol,1,1,1,Multiple large circular tank outlines and connecting linear structures are clearly visible.,
FBQ-0400,FBQ-0400-CANON-Q2,RSITMD,images/FBQ-0400_ir.jpg,images/FBQ-0400_rgb.jpg,object_presence,Are multiple circular tanks visible?,Yes,sol,1,1,1,At least eight distinct large circular forms can be identified in the IR image.,
FBQ-0400,FBQ-0400-CANON-Q3,RSITMD,images/FBQ-0400_ir.jpg,images/FBQ-0400_rgb.jpg,spatial_structure,What occupies the center of the tank cluster?,A dense linear framework,rewrite,1,1,1,Numerous narrow intersecting lines occupy the space between the surrounding circular tanks.,
FBQ-0400,FBQ-0400-CANON-Q4,RSITMD,images/FBQ-0400_ir.jpg,images/FBQ-0400_rgb.jpg,intensity_contrast,Are several tank interiors darker than the surrounding pad?,Yes,rewrite,1,1,1,Several large circular interiors have lower intensity than the adjacent compound background.,
FBQ-0401,FBQ-0401-CANON-Q1,SkyScript,images/FBQ-0401_ir.jpg,images/FBQ-0401_rgb.jpg,scene_category,What structure dominates the image?,A building roof,terra,1,1,1,A large tilted rectangular roof outline fills the infrared image.,
FBQ-0401,FBQ-0401-CANON-Q2,SkyScript,images/FBQ-0401_ir.jpg,images/FBQ-0401_rgb.jpg,object_presence,Is a large rectangular roof visible?,"Yes, a large roof",luna,1,1,1,A dominant elongated rectangular roof outline occupies the center.,
FBQ-0401,FBQ-0401-CANON-Q3,SkyScript,images/FBQ-0401_ir.jpg,images/FBQ-0401_rgb.jpg,spatial_structure,What occupies the center?,A large rectangular roof,luna,1,1,1,A broad rectangular form bounded by contrasting edges occupies the center.,
FBQ-0401,FBQ-0401-CANON-Q4,SkyScript,images/FBQ-0401_ir.jpg,images/FBQ-0401_rgb.jpg,intensity_contrast,How does the central roof compare with surrounding bands?,It is darker than the bands,luna,1,1,1,The central rectangular region is darker than adjacent linear bands.,
FBQ-0402,FBQ-0402-CANON-Q1,SkyScript,images/FBQ-0402_ir.jpg,images/FBQ-0402_rgb.jpg,scene_category,What structure dominates the scene?,A building roof,terra,1,1,1,A large roof-shaped mass occupies most of the infrared frame.,
FBQ-0402,FBQ-0402-CANON-Q2,SkyScript,images/FBQ-0402_ir.jpg,images/FBQ-0402_rgb.jpg,object_presence,Is a large building visible?,Yes,terra,1,1,1,A contiguous central structure has discernible outer boundaries.,
FBQ-0402,FBQ-0402-CANON-Q3,SkyScript,images/FBQ-0402_ir.jpg,images/FBQ-0402_rgb.jpg,spatial_structure,Where is the darkest rectangular region?,Near the center,luna,1,1,1,The largest dark rectangular area lies centrally in the frame.,
FBQ-0402,FBQ-0402-CANON-Q4,SkyScript,images/FBQ-0402_ir.jpg,images/FBQ-0402_rgb.jpg,intensity_contrast,Is the central region darker or brighter than its edges?,Darker than its edges,luna,1,1,1,The central region has lower intensity than the surrounding edge fragments.,
FBQ-0403,FBQ-0403-CANON-Q1,SkyScript,images/FBQ-0403_ir.jpg,images/FBQ-0403_rgb.jpg,scene_category,What scene category is shown?,Large building roof,luna,1,1,1,A broad rectangular roof surface dominates the infrared image.,
FBQ-0403,FBQ-0403-CANON-Q2,SkyScript,images/FBQ-0403_ir.jpg,images/FBQ-0403_rgb.jpg,object_presence,Are repeated roof fixtures visible?,Yes,terra,1,1,1,Several similar small bright protrusions repeat across the roof.,
FBQ-0403,FBQ-0403-CANON-Q3,SkyScript,images/FBQ-0403_ir.jpg,images/FBQ-0403_rgb.jpg,spatial_structure,How are the roof fixtures arranged?,In a single row,rewrite,1,1,1,The repeated fixtures form one diagonal line across the roof.,
FBQ-0403,FBQ-0403-CANON-Q4,SkyScript,images/FBQ-0403_ir.jpg,images/FBQ-0403_rgb.jpg,intensity_contrast,How do the fixtures contrast with the roof?,They appear brighter,rewrite,1,1,1,The small repeated fixtures have higher intensity than the dark roof.,
FBQ-0404,FBQ-0404-CANON-Q1,SkyScript,images/FBQ-0404_ir.jpg,images/FBQ-0404_rgb.jpg,scene_category,What type of scene is shown?,Parking area,sol,1,1,1,Many vehicle-sized rectangles are organized into rows on an open surface.,
FBQ-0404,FBQ-0404-CANON-Q2,SkyScript,images/FBQ-0404_ir.jpg,images/FBQ-0404_rgb.jpg,object_presence,Are numerous vehicles visible?,Yes,sol,1,1,1,Many small rectangular vehicle outlines appear throughout the infrared image.,
FBQ-0404,FBQ-0404-CANON-Q3,SkyScript,images/FBQ-0404_ir.jpg,images/FBQ-0404_rgb.jpg,spatial_structure,How are most vehicles arranged?,In parallel rows,sol,1,1,1,The vehicle-sized rectangles form multiple aligned horizontal bands.,
FBQ-0404,FBQ-0404-CANON-Q4,SkyScript,images/FBQ-0404_ir.jpg,images/FBQ-0404_rgb.jpg,intensity_contrast,How do most vehicles compare with the parking surface?,The vehicles are brighter,sol,1,1,1,Most vehicle rectangles have higher intensity than the surrounding surface.,
FBQ-0405,FBQ-0405-CANON-Q1,SkyScript,images/FBQ-0405_ir.jpg,images/FBQ-0405_rgb.jpg,scene_category,What general scene category is visible?,Organized building settlement,sol,1,1,1,Numerous similar elongated structures are systematically distributed along lanes.,
FBQ-0405,FBQ-0405-CANON-Q2,SkyScript,images/FBQ-0405_ir.jpg,images/FBQ-0405_rgb.jpg,object_presence,Are many elongated buildings present?,Yes,sol,1,1,1,Repeated long rectangular outlines cover most of the infrared image.,
FBQ-0405,FBQ-0405-CANON-Q3,SkyScript,images/FBQ-0405_ir.jpg,images/FBQ-0405_rgb.jpg,spatial_structure,How are the buildings arranged?,In parallel rows,sol,1,1,1,The elongated structures follow several regularly spaced diagonal alignments.,
FBQ-0405,FBQ-0405-CANON-Q4,SkyScript,images/FBQ-0405_ir.jpg,images/FBQ-0405_rgb.jpg,intensity_contrast,How do the buildings compare with the lanes?,The buildings are brighter,sol,1,1,1,Bright rectangular structures contrast with darker intervening lanes.,
FBQ-0406,FBQ-0406-CANON-Q1,SkyScript,images/FBQ-0406_ir.jpg,images/FBQ-0406_rgb.jpg,scene_category,What structure dominates the image?,A building roof,terra,1,1,1,A large elongated rectangular roof occupies most of the frame.,
FBQ-0406,FBQ-0406-CANON-Q2,SkyScript,images/FBQ-0406_ir.jpg,images/FBQ-0406_rgb.jpg,object_presence,Are vehicles visible beside the building?,Yes,sol,1,1,1,Several compact vehicle-shaped rectangles line the lower roof edge.,
FBQ-0406,FBQ-0406-CANON-Q3,SkyScript,images/FBQ-0406_ir.jpg,images/FBQ-0406_rgb.jpg,spatial_structure,Where are the vehicles located?,Along the building's lower side,sol,1,1,1,The compact rectangles form a line immediately below the long roof.,
FBQ-0406,FBQ-0406-CANON-Q4,SkyScript,images/FBQ-0406_ir.jpg,images/FBQ-0406_rgb.jpg,intensity_contrast,How does the main roof compare with the upper roof?,The main roof is brighter,rewrite,1,1,1,The central roof has higher intensity than the broad upper roof region.,
FBQ-0407,FBQ-0407-CANON-Q1,SkyScript,images/FBQ-0407_ir.jpg,images/FBQ-0407_rgb.jpg,scene_category,What scene category is shown?,Building complex,luna,1,1,1,Several connected angular roof sections form one compound structure.,
FBQ-0407,FBQ-0407-CANON-Q2,SkyScript,images/FBQ-0407_ir.jpg,images/FBQ-0407_rgb.jpg,object_presence,Are multiple roof sections visible?,"Yes, multiple roof sections",luna,1,1,1,Several distinct polygonal roof planes are visible in the infrared image.,
FBQ-0407,FBQ-0407-CANON-Q3,SkyScript,images/FBQ-0407_ir.jpg,images/FBQ-0407_rgb.jpg,spatial_structure,How are the roof sections arranged?,In an irregular connected layout,luna,1,1,1,The roof planes connect around several narrow intervening gaps.,
FBQ-0407,FBQ-0407-CANON-Q4,SkyScript,images/FBQ-0407_ir.jpg,images/FBQ-0407_rgb.jpg,intensity_contrast,Which parts appear brightest?,The large roof planes,luna,1,1,1,Broad angular roof surfaces have higher intensity than the narrow gaps.,
FBQ-0408,FBQ-0408-CANON-Q1,SkyScript,images/FBQ-0408_ir.jpg,images/FBQ-0408_rgb.jpg,scene_category,What type of setting is shown?,An urban block,terra,1,1,1,Multiple building-shaped blocks and intersecting corridors fill the infrared scene.,
FBQ-0408,FBQ-0408-CANON-Q2,SkyScript,images/FBQ-0408_ir.jpg,images/FBQ-0408_rgb.jpg,object_presence,Is a large building visible?,Yes,terra,1,1,1,A large outlined rectangular structure is visible in the lower-right area.,
FBQ-0408,FBQ-0408-CANON-Q3,SkyScript,images/FBQ-0408_ir.jpg,images/FBQ-0408_rgb.jpg,spatial_structure,Where is the largest outlined building?,In the lower right,terra,1,1,1,The most prominent rectangular building outline lies in the lower-right region.,
FBQ-0408,FBQ-0408-CANON-Q4,SkyScript,images/FBQ-0408_ir.jpg,images/FBQ-0408_rgb.jpg,intensity_contrast,What is brighter than the building interiors?,The street corridors,terra,1,1,1,Broad bright linear corridors separate darker block interiors.,
FBQ-0409,FBQ-0409-CANON-Q1,SkyScript,images/FBQ-0409_ir.jpg,images/FBQ-0409_rgb.jpg,scene_category,What general scene is visible?,An open yard,rewrite,1,1,1,Grouped objects and stacked elongated forms occupy a broad open surface.,
FBQ-0409,FBQ-0409-CANON-Q2,SkyScript,images/FBQ-0409_ir.jpg,images/FBQ-0409_rgb.jpg,object_presence,Are stacked cylindrical objects visible?,Yes,rewrite,1,1,1,Repeated circular openings and tube-like forms appear in the upper left.,
FBQ-0409,FBQ-0409-CANON-Q3,SkyScript,images/FBQ-0409_ir.jpg,images/FBQ-0409_rgb.jpg,spatial_structure,Where are the stacked cylindrical objects?,In the upper left,rewrite,1,1,1,The cluster of repeated circular openings occupies the upper-left area.,
FBQ-0409,FBQ-0409-CANON-Q4,SkyScript,images/FBQ-0409_ir.jpg,images/FBQ-0409_rgb.jpg,intensity_contrast,Which broad region is darker than the open yard?,The upper-right textured area,rewrite,1,1,1,The upper-right textured region has lower intensity than the open surface.,
FBQ-0410,FBQ-0410-CANON-Q1,SkyScript,images/FBQ-0410_ir.jpg,images/FBQ-0410_rgb.jpg,scene_category,What type of landscape is visible?,A riverside landscape,rewrite,1,1,1,A wide continuous water-shaped boundary borders vegetated and developed land.,
FBQ-0410,FBQ-0410-CANON-Q2,SkyScript,images/FBQ-0410_ir.jpg,images/FBQ-0410_rgb.jpg,object_presence,Is a river visible?,Yes,terra,1,1,1,A broad continuous dark water-shaped region runs along the left edge.,
FBQ-0410,FBQ-0410-CANON-Q3,SkyScript,images/FBQ-0410_ir.jpg,images/FBQ-0410_rgb.jpg,spatial_structure,Where is the river?,Along the left side,terra,1,1,1,The large continuous water region occupies the left side.,
FBQ-0410,FBQ-0410-CANON-Q4,SkyScript,images/FBQ-0410_ir.jpg,images/FBQ-0410_rgb.jpg,intensity_contrast,"Which is darker, the river or the land?",The river,terra,1,1,1,The left-side water region is consistently darker than adjacent land.,
FBQ-0411,FBQ-0411-CANON-Q1,SkyScript,images/FBQ-0411_ir.jpg,images/FBQ-0411_rgb.jpg,scene_category,What type of scene is shown?,A small settlement,rewrite,1,1,1,Several separate rectangular roof forms appear beside a branching linear band.,
FBQ-0411,FBQ-0411-CANON-Q2,SkyScript,images/FBQ-0411_ir.jpg,images/FBQ-0411_rgb.jpg,object_presence,Are multiple detached buildings visible?,Yes,sol,1,1,1,At least five spatially separated rectangular roof forms are visible.,
FBQ-0411,FBQ-0411-CANON-Q3,SkyScript,images/FBQ-0411_ir.jpg,images/FBQ-0411_rgb.jpg,spatial_structure,What connects the buildings spatially?,A branching road,sol,1,1,1,A continuous forked band passes between the separated roof forms.,
FBQ-0411,FBQ-0411-CANON-Q4,SkyScript,images/FBQ-0411_ir.jpg,images/FBQ-0411_rgb.jpg,intensity_contrast,"Which is darker, central vegetation or roofs?",Central vegetation,rewrite,1,1,1,The center-right textured mass is dark while the rectangular roofs are pale.,
FBQ-0412,FBQ-0412-CANON-Q3,SkyScript,images/FBQ-0412_ir.jpg,images/FBQ-0412_rgb.jpg,spatial_structure,Where are the irregular forms concentrated?,Along the right side,retry18_sol,1,1,1,Several irregular forms cluster against the right edge.,"The IR view is heavily obscured and does not support reliable annotation. Retry18 adjudication: Semantic annotation is unsafe, but coarse right-side layout and intensity are visible. Retry9 adjudication: 画面严重遮挡，右侧模糊区域不足以支持场景或物体判断。"
FBQ-0412,FBQ-0412-CANON-Q4,SkyScript,images/FBQ-0412_ir.jpg,images/FBQ-0412_rgb.jpg,intensity_contrast,Where is the brightest broad region?,Lower right,retry18_sol,1,1,1,A broad light region occupies the lower-right portion.,"The IR view is heavily obscured and does not support reliable annotation. Retry18 adjudication: Semantic annotation is unsafe, but coarse right-side layout and intensity are visible. Retry9 adjudication: 画面严重遮挡，右侧模糊区域不足以支持场景或物体判断。"
FBQ-0413,FBQ-0413-CANON-Q1,SkyScript,images/FBQ-0413_ir.jpg,images/FBQ-0413_rgb.jpg,scene_category,What broad landscape type is visible?,Wooded area,terra,1,1,1,A continuous irregular canopy-like mass occupies nearly the entire frame.,Only broad canopy structure and the compact central spot are sufficiently clear.
FBQ-0413,FBQ-0413-CANON-Q2,SkyScript,images/FBQ-0413_ir.jpg,images/FBQ-0413_rgb.jpg,object_presence,Is a compact bright spot visible?,Yes,rewrite,1,1,1,A small isolated pale mark is visible within the central dark mass.,Only broad canopy structure and the compact central spot are sufficiently clear.
FBQ-0413,FBQ-0413-CANON-Q3,SkyScript,images/FBQ-0413_ir.jpg,images/FBQ-0413_rgb.jpg,spatial_structure,Where is the bright spot?,Near the center,terra,1,1,1,The compact pale mark lies close to the image center.,Only broad canopy structure and the compact central spot are sufficiently clear.
FBQ-0413,FBQ-0413-CANON-Q4,SkyScript,images/FBQ-0413_ir.jpg,images/FBQ-0413_rgb.jpg,intensity_contrast,What is the brightest feature?,The small central spot,terra,1,1,1,The compact central mark is markedly paler than its immediate surroundings.,Only broad canopy structure and the compact central spot are sufficiently clear.
FBQ-0414,FBQ-0414-CANON-Q1,SkyScript,images/FBQ-0414_ir.jpg,images/FBQ-0414_rgb.jpg,scene_category,What type of scene is shown?,A small settlement,sol,1,1,1,Multiple angular roof-like forms are clustered above a broad linear band.,"Individual boundaries are blurred, but the broad layout is visible."
FBQ-0414,FBQ-0414-CANON-Q2,SkyScript,images/FBQ-0414_ir.jpg,images/FBQ-0414_rgb.jpg,object_presence,Are buildings visible above the road?,Yes,sol,1,1,1,Several bounded rectangular and polygonal forms occupy the upper half.,"Individual boundaries are blurred, but the broad layout is visible."
FBQ-0414,FBQ-0414-CANON-Q3,SkyScript,images/FBQ-0414_ir.jpg,images/FBQ-0414_rgb.jpg,spatial_structure,Where does the main road run?,Across the lower portion,sol,1,1,1,A continuous smooth band crosses the frame below the clustered structures.,"Individual boundaries are blurred, but the broad layout is visible."
FBQ-0414,FBQ-0414-CANON-Q4,SkyScript,images/FBQ-0414_ir.jpg,images/FBQ-0414_rgb.jpg,intensity_contrast,Are the buildings lighter than nearby gaps?,Yes,sol,1,1,1,Pale structural patches are separated by distinctly darker intervening regions.,"Individual boundaries are blurred, but the broad layout is visible."
FBQ-0415,FBQ-0415-CANON-Q1,SkyScript,images/FBQ-0415_ir.jpg,images/FBQ-0415_rgb.jpg,scene_category,What broad scene type is visible?,A built-up area,rewrite,1,1,1,Numerous block-like forms occur around a long linear band.,Blur prevents finer identification of the structures.
FBQ-0415,FBQ-0415-CANON-Q2,SkyScript,images/FBQ-0415_ir.jpg,images/FBQ-0415_rgb.jpg,object_presence,Are multiple block-like structures visible?,Yes,rewrite,1,1,1,Several distinct pale rectilinear forms are visible across the upper half.,Blur prevents finer identification of the structures.
FBQ-0415,FBQ-0415-CANON-Q3,SkyScript,images/FBQ-0415_ir.jpg,images/FBQ-0415_rgb.jpg,spatial_structure,Where does the main linear band cross?,Across the lower third,rewrite,1,1,1,A narrow continuous band extends laterally through the lower scene.,Blur prevents finer identification of the structures.
FBQ-0415,FBQ-0415-CANON-Q4,SkyScript,images/FBQ-0415_ir.jpg,images/FBQ-0415_rgb.jpg,intensity_contrast,"Which are brighter, block-like forms or surrounding patches?",Block-like forms,rewrite,1,1,1,Several bounded rectilinear forms are pale against darker mottled surroundings.,Blur prevents finer identification of the structures.
FBQ-0416,FBQ-0416-CANON-Q1,SkyScript,images/FBQ-0416_ir.jpg,images/FBQ-0416_rgb.jpg,scene_category,What broad scene pattern is visible?,A patchwork landscape,rewrite,1,1,1,Large irregular textured regions alternate with smoother open-looking regions.,Only coarse region-level structure is reliable.
FBQ-0416,FBQ-0416-CANON-Q2,SkyScript,images/FBQ-0416_ir.jpg,images/FBQ-0416_rgb.jpg,object_presence,Are multiple irregular land patches visible?,Yes,sol,1,1,1,"Several bounded dark, pale, and mid-gray regions are distinguishable.",Only coarse region-level structure is reliable.
FBQ-0416,FBQ-0416-CANON-Q3,SkyScript,images/FBQ-0416_ir.jpg,images/FBQ-0416_rgb.jpg,spatial_structure,Where is the largest smooth patch?,On the right,sol,1,1,1,A broad relatively uniform mid-gray region occupies the right-center.,Only coarse region-level structure is reliable.
FBQ-0416,FBQ-0416-CANON-Q4,SkyScript,images/FBQ-0416_ir.jpg,images/FBQ-0416_rgb.jpg,intensity_contrast,Do dark patches border lighter regions?,Yes,rewrite,1,1,1,Dark irregular patches directly adjoin much paler fragmented regions.,Only coarse region-level structure is reliable.
FBQ-0417,FBQ-0417-CANON-Q1,SkyScript,images/FBQ-0417_ir.jpg,images/FBQ-0417_rgb.jpg,scene_category,What type of landscape pattern is shown?,A parcelled landscape,rewrite,1,1,1,Large bounded block-like regions divide most of the frame.,The block layout is visible despite substantial pixelation.
FBQ-0417,FBQ-0417-CANON-Q2,SkyScript,images/FBQ-0417_ir.jpg,images/FBQ-0417_rgb.jpg,object_presence,Are large rectangular regions visible?,Yes,rewrite,1,1,1,Several broad rectilinear regions have distinguishable boundaries.,The block layout is visible despite substantial pixelation.
FBQ-0417,FBQ-0417-CANON-Q3,SkyScript,images/FBQ-0417_ir.jpg,images/FBQ-0417_rgb.jpg,spatial_structure,Where is the narrow winding band?,Along the left side,rewrite,1,1,1,A narrow sinuous band runs vertically near the left boundary.,The block layout is visible despite substantial pixelation.
FBQ-0417,FBQ-0417-CANON-Q4,SkyScript,images/FBQ-0417_ir.jpg,images/FBQ-0417_rgb.jpg,intensity_contrast,Do adjacent blocks have differing intensities?,Yes,rewrite,1,1,1,Neighboring blocks vary visibly from pale gray to dark gray.,The block layout is visible despite substantial pixelation.
FBQ-0418,FBQ-0418-CANON-Q1,SkyScript,images/FBQ-0418_ir.jpg,images/FBQ-0418_rgb.jpg,scene_category,What type of terrain is shown?,Rugged terrain,luna,1,1,1,Irregular relief-like forms and coarse mottled texture cover the frame.,Fine terrain details are blurred.
FBQ-0418,FBQ-0418-CANON-Q2,SkyScript,images/FBQ-0418_ir.jpg,images/FBQ-0418_rgb.jpg,object_presence,Is a narrow bright linear feature visible?,Yes,rewrite,1,1,1,A continuous pale tapered feature crosses the central-left area.,Fine terrain details are blurred.
FBQ-0418,FBQ-0418-CANON-Q3,SkyScript,images/FBQ-0418_ir.jpg,images/FBQ-0418_rgb.jpg,spatial_structure,From where does the tapered feature extend?,From the lower-left,rewrite,1,1,1,The pale feature begins near the lower-left and points toward the center.,Fine terrain details are blurred.
FBQ-0418,FBQ-0418-CANON-Q4,SkyScript,images/FBQ-0418_ir.jpg,images/FBQ-0418_rgb.jpg,intensity_contrast,"What is brighter, the linear feature or surroundings?",The linear feature,rewrite,1,1,1,The tapered band is paler than the adjacent mottled terrain.,Fine terrain details are blurred.
FBQ-0419,FBQ-0419-CANON-Q1,SkyScript,images/FBQ-0419_ir.jpg,images/FBQ-0419_rgb.jpg,scene_category,What type of scene is shown?,A building beside an organized yard,rewrite,1,1,1,A long roof-like structure directly borders a partitioned open area.,
FBQ-0419,FBQ-0419-CANON-Q2,SkyScript,images/FBQ-0419_ir.jpg,images/FBQ-0419_rgb.jpg,object_presence,Is a large building visible?,Yes,sol,1,1,1,A continuous broad roof-like band occupies the upper portion.,
FBQ-0419,FBQ-0419-CANON-Q3,SkyScript,images/FBQ-0419_ir.jpg,images/FBQ-0419_rgb.jpg,spatial_structure,Where is the yard relative to the building?,Below the building,rewrite,1,1,1,Partitioned open regions lie directly beneath the long upper structure.,
FBQ-0419,FBQ-0419-CANON-Q4,SkyScript,images/FBQ-0419_ir.jpg,images/FBQ-0419_rgb.jpg,intensity_contrast,Is the roof brighter than the yard clusters?,Yes,sol,1,1,1,The broad upper roof is pale while clustered features below are dark.,
FBQ-0420,FBQ-0420-CANON-Q1,SkyScript,images/FBQ-0420_ir.jpg,images/FBQ-0420_rgb.jpg,scene_category,What type of site is shown?,An excavation site,terra,1,1,1,Multiple depression-like forms and tracks occupy a broad exposed-looking surface.,
FBQ-0420,FBQ-0420-CANON-Q2,SkyScript,images/FBQ-0420_ir.jpg,images/FBQ-0420_rgb.jpg,object_presence,Are multiple excavated pits visible?,Yes,sol,1,1,1,Several separate dark irregular depressions are distributed across the frame.,
FBQ-0420,FBQ-0420-CANON-Q3,SkyScript,images/FBQ-0420_ir.jpg,images/FBQ-0420_rgb.jpg,spatial_structure,Where is the longest excavation feature?,Along the right side,rewrite,1,1,1,An elongated bounded depression extends vertically near the right edge.,
FBQ-0420,FBQ-0420-CANON-Q4,SkyScript,images/FBQ-0420_ir.jpg,images/FBQ-0420_rgb.jpg,intensity_contrast,"Which are darker, pits or surrounding ground?",The pits,sol,1,1,1,The enclosed depressions are dark against the broad pale surrounding surface.,
FBQ-0421,FBQ-0421-CANON-Q1,SkyScript,images/FBQ-0421_ir.jpg,images/FBQ-0421_rgb.jpg,scene_category,What type of area occupies the center?,Open clearing,rewrite,1,1,1,"A broad, low-texture open region occupies the image center.",Questions retain only coarse cues supported despite substantial blur.
FBQ-0421,FBQ-0421-CANON-Q2,SkyScript,images/FBQ-0421_ir.jpg,images/FBQ-0421_rgb.jpg,object_presence,Is dense vegetation visible around the clearing?,Yes,sol,1,1,1,Irregular clustered forms border the central open region.,Questions retain only coarse cues supported despite substantial blur.
FBQ-0421,FBQ-0421-CANON-Q3,SkyScript,images/FBQ-0421_ir.jpg,images/FBQ-0421_rgb.jpg,spatial_structure,Where is the continuous linear band relative to the clearing?,Along its upper edge,rewrite,1,1,1,A continuous horizontal band runs above the central open region.,Questions retain only coarse cues supported despite substantial blur.
FBQ-0421,FBQ-0421-CANON-Q4,SkyScript,images/FBQ-0421_ir.jpg,images/FBQ-0421_rgb.jpg,intensity_contrast,Is the clearing darker than much of its border?,Yes,sol,1,1,1,The central region has lower intensity than many bordering clusters.,Questions retain only coarse cues supported despite substantial blur.
FBQ-0422,FBQ-0422-CANON-Q1,SkyScript,images/FBQ-0422_ir.jpg,images/FBQ-0422_rgb.jpg,scene_category,What type of terrain is shown?,Rugged eroded terrain,sol,1,1,1,Irregular ridges and branching channels cover the image.,All selected cues are sharply visible in IR.
FBQ-0422,FBQ-0422-CANON-Q2,SkyScript,images/FBQ-0422_ir.jpg,images/FBQ-0422_rgb.jpg,object_presence,Are branching channels visible?,Yes,rewrite,1,1,1,Multiple pale linear features divide and reconnect across the terrain.,All selected cues are sharply visible in IR.
FBQ-0422,FBQ-0422-CANON-Q3,SkyScript,images/FBQ-0422_ir.jpg,images/FBQ-0422_rgb.jpg,spatial_structure,Where is the widest channel located?,Near the center,rewrite,1,1,1,A broad pale channel extends vertically through the central portion.,All selected cues are sharply visible in IR.
FBQ-0422,FBQ-0422-CANON-Q4,SkyScript,images/FBQ-0422_ir.jpg,images/FBQ-0422_rgb.jpg,intensity_contrast,Are the channels brighter than adjacent ridges?,Yes,sol,1,1,1,Pale channel surfaces contrast with darker irregular ridges.,All selected cues are sharply visible in IR.
FBQ-0423,FBQ-0423-CANON-Q1,SkyScript,images/FBQ-0423_ir.jpg,images/FBQ-0423_rgb.jpg,scene_category,What type of area is shown?,Developed waterside area,terra,1,1,1,A smooth dark region borders trees and several angular structures.,Building and waterside morphology are independently distinguishable in IR.
FBQ-0423,FBQ-0423-CANON-Q2,SkyScript,images/FBQ-0423_ir.jpg,images/FBQ-0423_rgb.jpg,object_presence,Are buildings visible?,Yes,terra,1,1,1,"Several large, sharply bounded angular roof forms are visible.",Building and waterside morphology are independently distinguishable in IR.
FBQ-0423,FBQ-0423-CANON-Q3,SkyScript,images/FBQ-0423_ir.jpg,images/FBQ-0423_rgb.jpg,spatial_structure,Where is the water body?,Along the left side,terra,1,1,1,A continuous smooth dark region occupies the left boundary.,Building and waterside morphology are independently distinguishable in IR.
FBQ-0423,FBQ-0423-CANON-Q4,SkyScript,images/FBQ-0423_ir.jpg,images/FBQ-0423_rgb.jpg,intensity_contrast,Are the roofs brighter than adjacent tree crowns?,Yes,terra,1,1,1,Angular roof surfaces have higher intensity than nearby mottled crowns.,Building and waterside morphology are independently distinguishable in IR.
FBQ-0424,FBQ-0424-CANON-Q1,SkyScript,images/FBQ-0424_ir.jpg,images/FBQ-0424_rgb.jpg,scene_category,What type of area is shown?,Wooded area,luna,1,1,1,A broad irregular canopy-like mass dominates the upper-left region.,"Severe blur permits only coarse vegetation, corridor, and intensity judgments."
FBQ-0424,FBQ-0424-CANON-Q2,SkyScript,images/FBQ-0424_ir.jpg,images/FBQ-0424_rgb.jpg,object_presence,Is dense vegetation visible?,Yes,rewrite,1,1,1,A continuous textured mass with irregular boundaries occupies much of the image.,"Severe blur permits only coarse vegetation, corridor, and intensity judgments."
FBQ-0424,FBQ-0424-CANON-Q3,SkyScript,images/FBQ-0424_ir.jpg,images/FBQ-0424_rgb.jpg,spatial_structure,Where is the narrow pale corridor relative to the canopy?,To the right,rewrite,1,1,1,A pale linear corridor borders the right side of the darker textured mass.,"Severe blur permits only coarse vegetation, corridor, and intensity judgments."
FBQ-0424,FBQ-0424-CANON-Q4,SkyScript,images/FBQ-0424_ir.jpg,images/FBQ-0424_rgb.jpg,intensity_contrast,Is the canopy darker than the adjacent pale areas?,Yes,rewrite,1,1,1,The textured canopy-like mass has lower intensity than nearby open regions.,"Severe blur permits only coarse vegetation, corridor, and intensity judgments."
FBQ-0425,FBQ-0425-CANON-Q1,SkyScript,images/FBQ-0425_ir.jpg,images/FBQ-0425_rgb.jpg,scene_category,What type of scene is shown?,Urban street scene,terra,1,1,1,A paved linear corridor runs beside a large structured roof.,Major urban forms and the central vehicle are clearly resolved.
FBQ-0425,FBQ-0425-CANON-Q2,SkyScript,images/FBQ-0425_ir.jpg,images/FBQ-0425_rgb.jpg,object_presence,Is a car visible on the street?,Yes,sol,1,1,1,A compact vehicle outline is visible near the street center.,Major urban forms and the central vehicle are clearly resolved.
FBQ-0425,FBQ-0425-CANON-Q3,SkyScript,images/FBQ-0425_ir.jpg,images/FBQ-0425_rgb.jpg,spatial_structure,Where is the roadway relative to the main roof?,Below the roof,rewrite,1,1,1,The roadway forms a long band beneath the large roof footprint.,Major urban forms and the central vehicle are clearly resolved.
FBQ-0425,FBQ-0425-CANON-Q4,SkyScript,images/FBQ-0425_ir.jpg,images/FBQ-0425_rgb.jpg,intensity_contrast,Is the main roof brighter than the roadway?,Yes,rewrite,1,1,1,The broad roof surface has higher intensity than the adjacent roadway.,Major urban forms and the central vehicle are clearly resolved.
FBQ-0426,FBQ-0426-CANON-Q1,SkyScript,images/FBQ-0426_ir.jpg,images/FBQ-0426_rgb.jpg,scene_category,What occupies most of the image?,Open field,sol,1,1,1,Most of the frame is a broad continuous region with little internal texture.,Strong blur limits annotation to the field and prominent upper strip.
FBQ-0426,FBQ-0426-CANON-Q2,SkyScript,images/FBQ-0426_ir.jpg,images/FBQ-0426_rgb.jpg,object_presence,Is a continuous linear strip visible?,Yes,rewrite,1,1,1,A narrow horizontal strip spans the upper portion of the image.,Strong blur limits annotation to the field and prominent upper strip.
FBQ-0426,FBQ-0426-CANON-Q3,SkyScript,images/FBQ-0426_ir.jpg,images/FBQ-0426_rgb.jpg,spatial_structure,Where is the linear strip relative to the field?,Along the upper edge,rewrite,1,1,1,The strip runs across the upper boundary of the broad open region.,Strong blur limits annotation to the field and prominent upper strip.
FBQ-0426,FBQ-0426-CANON-Q4,SkyScript,images/FBQ-0426_ir.jpg,images/FBQ-0426_rgb.jpg,intensity_contrast,Is the upper strip brighter than the central field?,Yes,rewrite,1,1,1,The upper horizontal strip has higher intensity than the central expanse.,Strong blur limits annotation to the field and prominent upper strip.
FBQ-0427,FBQ-0427-CANON-Q1,SkyScript,images/FBQ-0427_ir.jpg,images/FBQ-0427_rgb.jpg,scene_category,What type of setting surrounds the building?,Open field,sol,1,1,1,A broad low-texture region extends behind the central structure.,"The building, field, and adjoining road are distinct in IR."
FBQ-0427,FBQ-0427-CANON-Q2,SkyScript,images/FBQ-0427_ir.jpg,images/FBQ-0427_rgb.jpg,object_presence,Is a rectangular building visible?,Yes,sol,1,1,1,A bounded rectangular structure with repeated roof elements appears near the center.,"The building, field, and adjoining road are distinct in IR."
FBQ-0427,FBQ-0427-CANON-Q3,SkyScript,images/FBQ-0427_ir.jpg,images/FBQ-0427_rgb.jpg,spatial_structure,Where is the road relative to the building?,To the right,terra,1,1,1,A wide linear strip runs along the building's right side.,"The building, field, and adjoining road are distinct in IR."
FBQ-0427,FBQ-0427-CANON-Q4,SkyScript,images/FBQ-0427_ir.jpg,images/FBQ-0427_rgb.jpg,intensity_contrast,Is the building brighter than the field?,Yes,rewrite,1,1,1,The building has higher intensity than the adjacent low-texture field.,"The building, field, and adjoining road are distinct in IR."
FBQ-0428,FBQ-0428-CANON-Q1,SkyScript,images/FBQ-0428_ir.jpg,images/FBQ-0428_rgb.jpg,scene_category,What type of structure dominates the image?,Large circular structure,rewrite,1,1,1,Multiple complete concentric boundaries define one engineered circular form.,The structure's precise purpose is not asserted.
FBQ-0428,FBQ-0428-CANON-Q2,SkyScript,images/FBQ-0428_ir.jpg,images/FBQ-0428_rgb.jpg,object_presence,Is a circular ring visible?,Yes,luna,1,1,1,A continuous high-intensity ring encloses the image interior.,The structure's precise purpose is not asserted.
FBQ-0428,FBQ-0428-CANON-Q3,SkyScript,images/FBQ-0428_ir.jpg,images/FBQ-0428_rgb.jpg,spatial_structure,What does the ring surround?,An irregular interior region,rewrite,1,1,1,The circular rim encloses mottled forms and a diagonal linear feature.,The structure's precise purpose is not asserted.
FBQ-0428,FBQ-0428-CANON-Q4,SkyScript,images/FBQ-0428_ir.jpg,images/FBQ-0428_rgb.jpg,intensity_contrast,Is the outer rim brighter than the interior?,Yes,rewrite,1,1,1,The perimeter rim has higher intensity than most enclosed regions.,The structure's precise purpose is not asserted.
FBQ-0429,FBQ-0429-CANON-Q1,SkyScript,images/FBQ-0429_ir.jpg,images/FBQ-0429_rgb.jpg,scene_category,What type of area occupies the lower half?,Residential neighborhood,sol,1,1,1,Repeated rectangular buildings are arranged along intersecting streets below the central corridor.,"Neighborhood, field, and separating roadway are clearly organized."
FBQ-0429,FBQ-0429-CANON-Q2,SkyScript,images/FBQ-0429_ir.jpg,images/FBQ-0429_rgb.jpg,object_presence,Are houses visible?,Yes,terra,1,1,1,Numerous compact rectilinear roof forms repeat across the lower half.,"Neighborhood, field, and separating roadway are clearly organized."
FBQ-0429,FBQ-0429-CANON-Q3,SkyScript,images/FBQ-0429_ir.jpg,images/FBQ-0429_rgb.jpg,spatial_structure,What separates the field from the houses?,A straight roadway,rewrite,1,1,1,A continuous horizontal corridor lies between the upper field and lower buildings.,"Neighborhood, field, and separating roadway are clearly organized."
FBQ-0429,FBQ-0429-CANON-Q4,SkyScript,images/FBQ-0429_ir.jpg,images/FBQ-0429_rgb.jpg,intensity_contrast,Is the field more uniform than the neighborhood?,Yes,rewrite,1,1,1,The upper field has smoother intensity than the densely textured lower neighborhood.,"Neighborhood, field, and separating roadway are clearly organized."
FBQ-0430,FBQ-0430-CANON-Q1,SkyScript,images/FBQ-0430_ir.jpg,images/FBQ-0430_rgb.jpg,scene_category,What type of site is shown?,Terraced excavation,rewrite,1,1,1,Nested cut outlines and connecting tracks form a large excavated landscape.,"Terraces, pits, tracks, and their intensity boundaries are clearly visible."
FBQ-0430,FBQ-0430-CANON-Q2,SkyScript,images/FBQ-0430_ir.jpg,images/FBQ-0430_rgb.jpg,object_presence,Are enclosed pits visible?,Yes,rewrite,1,1,1,Multiple broad low-intensity regions are enclosed by sharply defined boundaries.,"Terraces, pits, tracks, and their intensity boundaries are clearly visible."
FBQ-0430,FBQ-0430-CANON-Q3,SkyScript,images/FBQ-0430_ir.jpg,images/FBQ-0430_rgb.jpg,spatial_structure,What pattern do the excavation cuts form?,Winding nested terraces,sol,1,1,1,Curving contours repeatedly follow and enclose one another across the site.,"Terraces, pits, tracks, and their intensity boundaries are clearly visible."
FBQ-0430,FBQ-0430-CANON-Q4,SkyScript,images/FBQ-0430_ir.jpg,images/FBQ-0430_rgb.jpg,intensity_contrast,Are pit edges brighter than their interiors?,Yes,rewrite,1,1,1,High-intensity curving rims contrast with lower-intensity enclosed interiors.,"Terraces, pits, tracks, and their intensity boundaries are clearly visible."
FBQ-0431,FBQ-0431-CANON-Q1,SkyScript,images/FBQ-0431_ir.jpg,images/FBQ-0431_rgb.jpg,scene_category,What type of scene is shown?,A road intersection,luna,1,1,1,Two broad dark linear road bands visibly cross above the image center.,
FBQ-0431,FBQ-0431-CANON-Q2,SkyScript,images/FBQ-0431_ir.jpg,images/FBQ-0431_rgb.jpg,object_presence,Are rectangular structures visible beside the roads?,Yes,rewrite,1,1,1,Several compact straight-edged rectangular forms appear beside the intersecting bands.,
FBQ-0431,FBQ-0431-CANON-Q3,SkyScript,images/FBQ-0431_ir.jpg,images/FBQ-0431_rgb.jpg,spatial_structure,Where do the roadways meet?,Near the upper center,luna,1,1,1,The crossing point is visibly located above the image center.,
FBQ-0431,FBQ-0431-CANON-Q4,SkyScript,images/FBQ-0431_ir.jpg,images/FBQ-0431_rgb.jpg,intensity_contrast,How do the roads contrast with their surroundings?,They are darker,rewrite,1,1,1,The crossing road bands have lower grayscale intensity than adjacent terrain.,
FBQ-0432,FBQ-0432-CANON-Q1,SkyScript,images/FBQ-0432_ir.jpg,images/FBQ-0432_rgb.jpg,scene_category,What broad scene type is shown?,Rough ground area,rewrite_backfill,1,1,1,An irregular strongly mottled ground patch is surrounded by smoother terrain.,"The IR supports morphology and contrast, but not a reliable scene identity."
FBQ-0432,FBQ-0432-CANON-Q2,SkyScript,images/FBQ-0432_ir.jpg,images/FBQ-0432_rgb.jpg,object_presence,Is a large irregular feature visible?,Yes,sol,1,1,1,A distinct uneven form with a visible outline occupies much of the frame.,"The IR supports morphology and contrast, but not a reliable scene identity."
FBQ-0432,FBQ-0432-CANON-Q3,SkyScript,images/FBQ-0432_ir.jpg,images/FBQ-0432_rgb.jpg,spatial_structure,Where is the irregular feature concentrated?,Center and right side,luna,1,1,1,The strongest clustered texture occupies the middle and right portions.,"The IR supports morphology and contrast, but not a reliable scene identity."
FBQ-0432,FBQ-0432-CANON-Q4,SkyScript,images/FBQ-0432_ir.jpg,images/FBQ-0432_rgb.jpg,intensity_contrast,Is the feature more mottled than its surroundings?,Yes,rewrite,1,1,1,Alternating bright and dark speckles occur within the feature beside smoother areas.,"The IR supports morphology and contrast, but not a reliable scene identity."
FBQ-0433,FBQ-0433-CANON-Q1,SkyScript,images/FBQ-0433_ir.jpg,images/FBQ-0433_rgb.jpg,scene_category,What broad scene category is shown?,A roadway transport area,luna,1,1,1,Multiple broad linear road-like bands dominate the scene.,
FBQ-0433,FBQ-0433-CANON-Q2,SkyScript,images/FBQ-0433_ir.jpg,images/FBQ-0433_rgb.jpg,object_presence,Are rectangular objects visible?,"Yes, several rectangles",luna,1,1,1,Distinct bright and dark rectangular forms appear along the linear bands.,
FBQ-0433,FBQ-0433-CANON-Q3,SkyScript,images/FBQ-0433_ir.jpg,images/FBQ-0433_rgb.jpg,spatial_structure,How are the main bands arranged?,Roughly parallel across the frame,rewrite,1,1,1,The major bands extend in similar left-to-right directions.,
FBQ-0433,FBQ-0433-CANON-Q4,SkyScript,images/FBQ-0433_ir.jpg,images/FBQ-0433_rgb.jpg,intensity_contrast,What contrast separates the roadway bands?,Lighter bands against dark margins,luna,1,1,1,Smooth central bands contrast with darker bordering strips.,
FBQ-0434,FBQ-0434-CANON-Q1,SkyScript,images/FBQ-0434_ir.jpg,images/FBQ-0434_rgb.jpg,scene_category,What type of terrain dominates the scene?,Densely vegetated terrain,sol,1,1,1,Tightly repeated canopy-like marks cover nearly the entire image.,
FBQ-0434,FBQ-0434-CANON-Q2,SkyScript,images/FBQ-0434_ir.jpg,images/FBQ-0434_rgb.jpg,object_presence,Is a small open patch visible?,Yes,sol,1,1,1,A smooth oval area interrupts the dense repeated texture near the center.,
FBQ-0434,FBQ-0434-CANON-Q3,SkyScript,images/FBQ-0434_ir.jpg,images/FBQ-0434_rgb.jpg,spatial_structure,Where is the open patch located?,Near the center,sol,1,1,1,The oval texture gap lies close to the middle of the frame.,
FBQ-0434,FBQ-0434-CANON-Q4,SkyScript,images/FBQ-0434_ir.jpg,images/FBQ-0434_rgb.jpg,intensity_contrast,Is the open patch lighter than nearby texture?,Yes,rewrite,1,1,1,The central oval has higher grayscale intensity than surrounding dark marks.,
FBQ-0435,FBQ-0435-CANON-Q1,SkyScript,images/FBQ-0435_ir.jpg,images/FBQ-0435_rgb.jpg,scene_category,What type of spatial layout is shown?,Circular open site,sol,1,1,1,A broad smooth region is enclosed by a continuous curved boundary.,
FBQ-0435,FBQ-0435-CANON-Q2,SkyScript,images/FBQ-0435_ir.jpg,images/FBQ-0435_rgb.jpg,object_presence,Is a compact feature present near the center?,Yes,sol,1,1,1,A small bright irregular form is visible close to the center.,
FBQ-0435,FBQ-0435-CANON-Q3,SkyScript,images/FBQ-0435_ir.jpg,images/FBQ-0435_rgb.jpg,spatial_structure,Where is the compact feature located?,Near the center,sol,1,1,1,The compact form lies within the middle portion of the circular boundary.,
FBQ-0435,FBQ-0435-CANON-Q4,SkyScript,images/FBQ-0435_ir.jpg,images/FBQ-0435_rgb.jpg,intensity_contrast,Is the central feature brighter than the open area?,Yes,sol,1,1,1,The central compact form has substantially higher grayscale intensity than its surroundings.,
FBQ-0436,FBQ-0436-CANON-Q1,SkyScript,images/FBQ-0436_ir.jpg,images/FBQ-0436_rgb.jpg,scene_category,What broad scene type is visible?,Vegetated roadside area,sol,1,1,1,A mottled vegetation-like region directly adjoins a smooth horizontal road-like band.,
FBQ-0436,FBQ-0436-CANON-Q2,SkyScript,images/FBQ-0436_ir.jpg,images/FBQ-0436_rgb.jpg,object_presence,Are rectangular forms visible along the lower band?,Yes,rewrite,1,1,1,Several compact straight-edged forms occur along the smooth lower band.,
FBQ-0436,FBQ-0436-CANON-Q3,SkyScript,images/FBQ-0436_ir.jpg,images/FBQ-0436_rgb.jpg,spatial_structure,How is the dark corridor oriented?,Vertically,sol,1,1,1,The elongated dark strip runs from the upper edge toward the lower edge.,
FBQ-0436,FBQ-0436-CANON-Q4,SkyScript,images/FBQ-0436_ir.jpg,images/FBQ-0436_rgb.jpg,intensity_contrast,Is the corridor darker than the adjacent texture?,Yes,rewrite,1,1,1,The elongated strip is nearly black beside much lighter mottled texture.,
FBQ-0437,FBQ-0437-CANON-Q1,SkyScript,images/FBQ-0437_ir.jpg,images/FBQ-0437_rgb.jpg,scene_category,What broad scene type is shown?,Vegetated landscape,rewrite_backfill,1,1,1,Irregular clumped texture fills the frame around a narrow curving corridor.,Severe blur prevents reliable scene categorization.
FBQ-0437,FBQ-0437-CANON-Q2,SkyScript,images/FBQ-0437_ir.jpg,images/FBQ-0437_rgb.jpg,object_presence,Is a broad dark band visible?,Yes,rewrite,1,1,1,An elongated dark blurred band is discernible across the central portion.,Severe blur prevents reliable scene categorization.
FBQ-0437,FBQ-0437-CANON-Q3,SkyScript,images/FBQ-0437_ir.jpg,images/FBQ-0437_rgb.jpg,spatial_structure,Where does the dark band extend?,Across the middle,rewrite,1,1,1,The elongated darker region runs laterally through the image center.,Severe blur prevents reliable scene categorization.
FBQ-0437,FBQ-0437-CANON-Q4,SkyScript,images/FBQ-0437_ir.jpg,images/FBQ-0437_rgb.jpg,intensity_contrast,Are most intensity boundaries blurred?,Yes,rewrite,1,1,1,Bright and dark regions transition through broad soft edges throughout the frame.,Severe blur prevents reliable scene categorization.
FBQ-0438,FBQ-0438-CANON-Q1,SkyScript,images/FBQ-0438_ir.jpg,images/FBQ-0438_rgb.jpg,scene_category,What type of scene is shown?,Road beside vegetated terrain,sol,1,1,1,A broad curved road-like band borders a densely mottled terrain region.,
FBQ-0438,FBQ-0438-CANON-Q2,SkyScript,images/FBQ-0438_ir.jpg,images/FBQ-0438_rgb.jpg,object_presence,Is a curved road visible?,Yes,sol,1,1,1,A continuous broad smooth band curves along the left side.,
FBQ-0438,FBQ-0438-CANON-Q3,SkyScript,images/FBQ-0438_ir.jpg,images/FBQ-0438_rgb.jpg,spatial_structure,Which side contains the road?,Left side,sol,1,1,1,The smooth curved band occupies the left portion of the frame.,
FBQ-0438,FBQ-0438-CANON-Q4,SkyScript,images/FBQ-0438_ir.jpg,images/FBQ-0438_rgb.jpg,intensity_contrast,Is the road smoother than the adjacent terrain?,Yes,rewrite,1,1,1,The road band is relatively uniform beside a strongly mottled region.,
FBQ-0439,FBQ-0439-CANON-Q1,SkyScript,images/FBQ-0439_ir.jpg,images/FBQ-0439_rgb.jpg,scene_category,What broad scene category is visible?,Open field beside vegetation,sol,1,1,1,A large uniform open region adjoins a dense elongated textured boundary.,
FBQ-0439,FBQ-0439-CANON-Q2,SkyScript,images/FBQ-0439_ir.jpg,images/FBQ-0439_rgb.jpg,object_presence,Is part of a large rectangular structure visible?,Yes,rewrite,1,1,1,A large straight-edged rectangular form enters along the lower boundary.,
FBQ-0439,FBQ-0439-CANON-Q3,SkyScript,images/FBQ-0439_ir.jpg,images/FBQ-0439_rgb.jpg,spatial_structure,Where is the open field located?,Right side,sol,1,1,1,The broad uniform region occupies most of the right half.,
FBQ-0439,FBQ-0439-CANON-Q4,SkyScript,images/FBQ-0439_ir.jpg,images/FBQ-0439_rgb.jpg,intensity_contrast,Is the vegetation strip darker than the field?,Yes,sol,1,1,1,The vertical textured strip has lower grayscale intensity than the adjacent uniform field.,
FBQ-0440,FBQ-0440-CANON-Q1,SkyScript,images/FBQ-0440_ir.jpg,images/FBQ-0440_rgb.jpg,scene_category,What broad land-cover scene is shown?,Dense vegetation,terra,1,1,1,Densely packed irregular canopy-like marks dominate the image.,
FBQ-0440,FBQ-0440-CANON-Q2,SkyScript,images/FBQ-0440_ir.jpg,images/FBQ-0440_rgb.jpg,object_presence,Is a dense textured patch visible?,Yes,terra,1,1,1,A compact region of repeated high-frequency texture fills most of the frame.,
FBQ-0440,FBQ-0440-CANON-Q3,SkyScript,images/FBQ-0440_ir.jpg,images/FBQ-0440_rgb.jpg,spatial_structure,Where is the densest texture located?,In the center,terra,1,1,1,"The repeated marks are most concentrated centrally, with smoother margins.",
FBQ-0440,FBQ-0440-CANON-Q4,SkyScript,images/FBQ-0440_ir.jpg,images/FBQ-0440_rgb.jpg,intensity_contrast,How does the central patch appear?,Strongly mottled,terra,1,1,1,Numerous alternating bright and dark marks create strong local grayscale contrast.,
FBQ-0441,FBQ-0441-CANON-Q1,SkyScript,images/FBQ-0441_ir.jpg,images/FBQ-0441_rgb.jpg,scene_category,What type of landscape is shown?,Cultivated agricultural land,sol,1,1,1,Organized parallel rows and bounded planting areas cover much of the IR image.,
FBQ-0441,FBQ-0441-CANON-Q2,SkyScript,images/FBQ-0441_ir.jpg,images/FBQ-0441_rgb.jpg,object_presence,Are repeated crop rows visible?,Yes,sol,1,1,1,Numerous closely spaced parallel linear patterns are clearly visible.,
FBQ-0441,FBQ-0441-CANON-Q3,SkyScript,images/FBQ-0441_ir.jpg,images/FBQ-0441_rgb.jpg,spatial_structure,Where are the clearest parallel rows located?,In the lower half,sol,1,1,1,Several prominent horizontal row bands occupy the lower half.,
FBQ-0441,FBQ-0441-CANON-Q4,SkyScript,images/FBQ-0441_ir.jpg,images/FBQ-0441_rgb.jpg,intensity_contrast,Do the planting rows alternate in intensity?,Yes,sol,1,1,1,Adjacent narrow rows repeatedly alternate between bright and dark tones.,
FBQ-0442,FBQ-0442-CANON-Q1,SkyScript,images/FBQ-0442_ir.jpg,images/FBQ-0442_rgb.jpg,scene_category,What broad type of site is shown?,Built-up site,rewrite,1,1,1,A large rectilinear region with several angular internal forms dominates the IR image.,"Fine details are blurred, but the broad rectilinear layout is visible."
FBQ-0442,FBQ-0442-CANON-Q2,SkyScript,images/FBQ-0442_ir.jpg,images/FBQ-0442_rgb.jpg,object_presence,Are multiple rectangular forms visible?,Yes,rewrite,1,1,1,Several distinct rectangular forms appear within the central pale region.,"Fine details are blurred, but the broad rectilinear layout is visible."
FBQ-0442,FBQ-0442-CANON-Q3,SkyScript,images/FBQ-0442_ir.jpg,images/FBQ-0442_rgb.jpg,spatial_structure,Where is the darkest broad region?,Along the right side,sol,1,1,1,A continuous dark irregular band borders the right side.,"Fine details are blurred, but the broad rectilinear layout is visible."
FBQ-0442,FBQ-0442-CANON-Q4,SkyScript,images/FBQ-0442_ir.jpg,images/FBQ-0442_rgb.jpg,intensity_contrast,Is the central region brighter than the right border?,Yes,rewrite,1,1,1,The broad central region is pale relative to the dark right-side band.,"Fine details are blurred, but the broad rectilinear layout is visible."
FBQ-0443,FBQ-0443-CANON-Q1,SkyScript,images/FBQ-0443_ir.jpg,images/FBQ-0443_rgb.jpg,scene_category,What type of landscape is shown?,Agricultural fields,terra,1,1,1,Multiple adjacent rectangular plots form a regular field layout.,
FBQ-0443,FBQ-0443-CANON-Q2,SkyScript,images/FBQ-0443_ir.jpg,images/FBQ-0443_rgb.jpg,object_presence,Are rectangular plots visible?,Yes,terra,1,1,1,Several broad quadrilateral regions are outlined by straight edges.,
FBQ-0443,FBQ-0443-CANON-Q3,SkyScript,images/FBQ-0443_ir.jpg,images/FBQ-0443_rgb.jpg,spatial_structure,What separates the dark plots?,Bright straight boundaries,terra,1,1,1,Pale linear segments divide neighboring dark rectangular regions.,
FBQ-0443,FBQ-0443-CANON-Q4,SkyScript,images/FBQ-0443_ir.jpg,images/FBQ-0443_rgb.jpg,intensity_contrast,How do the plots compare with their boundaries?,The plots are darker,rewrite,1,1,1,Broad plot interiors have lower intensity than the narrow dividing lines.,
FBQ-0444,FBQ-0444-CANON-Q1,SkyScript,images/FBQ-0444_ir.jpg,images/FBQ-0444_rgb.jpg,scene_category,What broad scene is shown?,A shoreline scene,sol,1,1,1,A smooth open region meets a textured region along an irregular boundary.,"Scattered points are visible, but their identities are not used."
FBQ-0444,FBQ-0444-CANON-Q2,SkyScript,images/FBQ-0444_ir.jpg,images/FBQ-0444_rgb.jpg,object_presence,Is an irregular shoreline boundary visible?,Yes,rewrite,1,1,1,A distinct uneven edge separates the two broad regions.,"Scattered points are visible, but their identities are not used."
FBQ-0444,FBQ-0444-CANON-Q3,SkyScript,images/FBQ-0444_ir.jpg,images/FBQ-0444_rgb.jpg,spatial_structure,Which side contains the smoother open region?,The right side,rewrite,1,1,1,The low-texture region extends across the right side of the IR image.,"Scattered points are visible, but their identities are not used."
FBQ-0444,FBQ-0444-CANON-Q4,SkyScript,images/FBQ-0444_ir.jpg,images/FBQ-0444_rgb.jpg,intensity_contrast,Which side is generally darker?,The left side,sol,1,1,1,The textured left region is darker than the broad pale right region.,"Scattered points are visible, but their identities are not used."
FBQ-0445,FBQ-0445-CANON-Q1,SkyScript,images/FBQ-0445_ir.jpg,images/FBQ-0445_rgb.jpg,scene_category,What broad scene type is shown?,Open vegetated land,rewrite_backfill,1,1,1,Widely separated rounded patches occur across a broad uniform open background.,Severe blur prevents a reliable scene classification or object identity.
FBQ-0445,FBQ-0445-CANON-Q2,SkyScript,images/FBQ-0445_ir.jpg,images/FBQ-0445_rgb.jpg,object_presence,Are multiple isolated bright patches visible?,Yes,rewrite,1,1,1,Several separate rounded and block-like bright patches are clearly visible.,Severe blur prevents a reliable scene classification or object identity.
FBQ-0445,FBQ-0445-CANON-Q3,SkyScript,images/FBQ-0445_ir.jpg,images/FBQ-0445_rgb.jpg,spatial_structure,How are the large bright patches arranged?,Scattered across the frame,sol,1,1,1,The patches are separated from one another by broad dark gaps.,Severe blur prevents a reliable scene classification or object identity.
FBQ-0445,FBQ-0445-CANON-Q4,SkyScript,images/FBQ-0445_ir.jpg,images/FBQ-0445_rgb.jpg,intensity_contrast,Are the isolated patches brighter than the background?,Yes,sol,1,1,1,The isolated patches have markedly higher intensity than their surroundings.,Severe blur prevents a reliable scene classification or object identity.
FBQ-0446,FBQ-0446-CANON-Q1,SkyScript,images/FBQ-0446_ir.jpg,images/FBQ-0446_rgb.jpg,scene_category,What broad type of site is shown?,Built rural site,rewrite,1,1,1,An isolated elongated rectilinear structure lies beside irregular ground textures.,The structure is described geometrically because its precise function is not independently certain.
FBQ-0446,FBQ-0446-CANON-Q2,SkyScript,images/FBQ-0446_ir.jpg,images/FBQ-0446_rgb.jpg,object_presence,Is a long rectangular structure visible?,Yes,terra,1,1,1,A prominent elongated pale rectangle with repeated transverse bands is visible.,The structure is described geometrically because its precise function is not independently certain.
FBQ-0446,FBQ-0446-CANON-Q3,SkyScript,images/FBQ-0446_ir.jpg,images/FBQ-0446_rgb.jpg,spatial_structure,Where is the long structure located?,Along the left side,rewrite,1,1,1,The elongated structure extends diagonally through the left half.,The structure is described geometrically because its precise function is not independently certain.
FBQ-0446,FBQ-0446-CANON-Q4,SkyScript,images/FBQ-0446_ir.jpg,images/FBQ-0446_rgb.jpg,intensity_contrast,Is the structure brighter than the adjacent ground?,Yes,rewrite,1,1,1,The structure is consistently pale against darker neighboring regions.,The structure is described geometrically because its precise function is not independently certain.
FBQ-0447,FBQ-0447-CANON-Q1,SkyScript,images/FBQ-0447_ir.jpg,images/FBQ-0447_rgb.jpg,scene_category,What broad scene type is shown?,Agricultural area,rewrite_backfill,1,1,1,Repeated parallel row-like textures cover the ground around an isolated rounded structure.,Blur prevents reliable classification of the scene or the rounded form.
FBQ-0447,FBQ-0447-CANON-Q2,SkyScript,images/FBQ-0447_ir.jpg,images/FBQ-0447_rgb.jpg,object_presence,Is a rounded rectangular form visible?,Yes,rewrite,1,1,1,A large pale oval-ended form with a dark internal band is visible.,Blur prevents reliable classification of the scene or the rounded form.
FBQ-0447,FBQ-0447-CANON-Q3,SkyScript,images/FBQ-0447_ir.jpg,images/FBQ-0447_rgb.jpg,spatial_structure,Where is the rounded form located?,In the lower right,rewrite,1,1,1,The form is cropped by both the lower and right image borders.,Blur prevents reliable classification of the scene or the rounded form.
FBQ-0447,FBQ-0447-CANON-Q4,SkyScript,images/FBQ-0447_ir.jpg,images/FBQ-0447_rgb.jpg,intensity_contrast,Is the rounded form brighter than its surroundings?,Yes,rewrite,1,1,1,Its pale exterior strongly contrasts with the adjacent dark region.,Blur prevents reliable classification of the scene or the rounded form.
FBQ-0448,FBQ-0448-CANON-Q1,SkyScript,images/FBQ-0448_ir.jpg,images/FBQ-0448_rgb.jpg,scene_category,What type of landscape is shown?,Agricultural nursery,sol,1,1,1,Numerous organized narrow planting beds form several bounded groups.,
FBQ-0448,FBQ-0448-CANON-Q2,SkyScript,images/FBQ-0448_ir.jpg,images/FBQ-0448_rgb.jpg,object_presence,Are parallel cultivation rows visible?,Yes,terra,1,1,1,Many repeated parallel linear bands extend across multiple plots.,
FBQ-0448,FBQ-0448-CANON-Q3,SkyScript,images/FBQ-0448_ir.jpg,images/FBQ-0448_rgb.jpg,spatial_structure,How are the planting beds arranged?,In parallel rectangular groups,sol,1,1,1,Long repeated bands are grouped inside several rectangular sections.,
FBQ-0448,FBQ-0448-CANON-Q4,SkyScript,images/FBQ-0448_ir.jpg,images/FBQ-0448_rgb.jpg,intensity_contrast,Do the planting beds alternate in intensity?,Yes,sol,1,1,1,Adjacent rows repeatedly alternate between bright and dark tones.,
FBQ-0449,FBQ-0449-CANON-Q1,SkyScript,images/FBQ-0449_ir.jpg,images/FBQ-0449_rgb.jpg,scene_category,What broad scene category is visible?,Built-up area,rewrite_backfill,1,1,1,Large rectilinear forms and straight constructed boundaries occupy the frame.,Severe blur prevents reliable scene classification.
FBQ-0449,FBQ-0449-CANON-Q2,SkyScript,images/FBQ-0449_ir.jpg,images/FBQ-0449_rgb.jpg,object_presence,Is a large rectilinear region visible?,Yes,rewrite,1,1,1,A broad region with several straight boundaries occupies the right portion.,Severe blur prevents reliable scene classification.
FBQ-0449,FBQ-0449-CANON-Q3,SkyScript,images/FBQ-0449_ir.jpg,images/FBQ-0449_rgb.jpg,spatial_structure,Where is the darkest textured region?,On the left side,rewrite,1,1,1,The left portion contains the most continuous dark mottled area.,Severe blur prevents reliable scene classification.
FBQ-0449,FBQ-0449-CANON-Q4,SkyScript,images/FBQ-0449_ir.jpg,images/FBQ-0449_rgb.jpg,intensity_contrast,Is the outer border brighter than the central area?,Yes,sol,1,1,1,Pale bands along the outer edges contrast with the darker interior.,Severe blur prevents reliable scene classification.
FBQ-0450,FBQ-0450-CANON-Q1,SkyScript,images/FBQ-0450_ir.jpg,images/FBQ-0450_rgb.jpg,scene_category,What type of landscape is shown?,Cultivated field,sol,1,1,1,Dense regular row texture extends across nearly the entire IR image.,
FBQ-0450,FBQ-0450-CANON-Q2,SkyScript,images/FBQ-0450_ir.jpg,images/FBQ-0450_rgb.jpg,object_presence,Is a curved track visible?,Yes,sol,1,1,1,A distinct pale curving band appears near the upper-right edge.,
FBQ-0450,FBQ-0450-CANON-Q3,SkyScript,images/FBQ-0450_ir.jpg,images/FBQ-0450_rgb.jpg,spatial_structure,Where does the curved track pass?,Across the upper-right area,sol,1,1,1,The curved band bends through the upper-right portion of the image.,
FBQ-0450,FBQ-0450-CANON-Q4,SkyScript,images/FBQ-0450_ir.jpg,images/FBQ-0450_rgb.jpg,intensity_contrast,Is the track brighter than the adjacent field?,Yes,sol,1,1,1,The track forms a pale band against darker surrounding row texture.,
FBQ-0451,FBQ-0451-CANON-Q1,SkyScript,images/FBQ-0451_ir.jpg,images/FBQ-0451_rgb.jpg,scene_category,What broad scene category is shown?,Transportation corridor,sol,1,1,1,A broad curving roadway band with parallel boundaries crosses the lower IR region.,"The right side lacks scene detail, but the roadway remains clearly interpretable."
FBQ-0451,FBQ-0451-CANON-Q2,SkyScript,images/FBQ-0451_ir.jpg,images/FBQ-0451_rgb.jpg,object_presence,Is a curved roadway visible?,Yes,sol,1,1,1,A continuous curved strip with distinct parallel edges is visible near the bottom.,"The right side lacks scene detail, but the roadway remains clearly interpretable."
FBQ-0451,FBQ-0451-CANON-Q3,SkyScript,images/FBQ-0451_ir.jpg,images/FBQ-0451_rgb.jpg,spatial_structure,Where is the curved roadway located?,Across the lower portion,sol,1,1,1,The roadway band extends across the bottom of the usable IR area.,"The right side lacks scene detail, but the roadway remains clearly interpretable."
FBQ-0451,FBQ-0451-CANON-Q4,SkyScript,images/FBQ-0451_ir.jpg,images/FBQ-0451_rgb.jpg,intensity_contrast,How does the roadway compare with adjacent dark patches?,Brighter,rewrite,1,1,1,The smooth roadway band is lighter than the irregular dark patches along its upper edge.,"The right side lacks scene detail, but the roadway remains clearly interpretable."
FBQ-0452,FBQ-0452-CANON-Q1,SkyScript,images/FBQ-0452_ir.jpg,images/FBQ-0452_rgb.jpg,scene_category,What broad type of site is visible?,Developed site,rewrite_backfill,1,1,1,A large constructed circular enclosure with a continuous raised rim dominates the frame.,"The structure is clear, but its scene category cannot be identified safely from IR."
FBQ-0452,FBQ-0452-CANON-Q2,SkyScript,images/FBQ-0452_ir.jpg,images/FBQ-0452_rgb.jpg,object_presence,Is a large circular enclosure visible?,Yes,sol,1,1,1,A complete circular boundary encloses most of the IR frame.,"The structure is clear, but its scene category cannot be identified safely from IR."
FBQ-0452,FBQ-0452-CANON-Q3,SkyScript,images/FBQ-0452_ir.jpg,images/FBQ-0452_rgb.jpg,spatial_structure,Where is the circular enclosure located?,At the center,sol,1,1,1,The large circular outline is centered and occupies nearly the entire image.,"The structure is clear, but its scene category cannot be identified safely from IR."
FBQ-0452,FBQ-0452-CANON-Q4,SkyScript,images/FBQ-0452_ir.jpg,images/FBQ-0452_rgb.jpg,intensity_contrast,"Which is brighter, the rim or interior?",The rim,rewrite,1,1,1,A narrow bright ring surrounds the substantially darker interior region.,"The structure is clear, but its scene category cannot be identified safely from IR."
FBQ-0453,FBQ-0453-CANON-Q1,SkyScript,images/FBQ-0453_ir.jpg,images/FBQ-0453_rgb.jpg,scene_category,What type of scene is shown?,Building courtyard,sol,1,1,1,Rectilinear building sections adjoin a bounded paved area with curved edges.,
FBQ-0453,FBQ-0453-CANON-Q2,SkyScript,images/FBQ-0453_ir.jpg,images/FBQ-0453_rgb.jpg,object_presence,Is a building present?,Yes,sol,1,1,1,Connected rectangular roof sections occupy the upper and right portions.,
FBQ-0453,FBQ-0453-CANON-Q3,SkyScript,images/FBQ-0453_ir.jpg,images/FBQ-0453_rgb.jpg,spatial_structure,Where is the paved forecourt located?,In the lower center,terra,1,1,1,A broad paved region lies below the main rectangular roof sections.,
FBQ-0453,FBQ-0453-CANON-Q4,SkyScript,images/FBQ-0453_ir.jpg,images/FBQ-0453_rgb.jpg,intensity_contrast,How does the paving compare with the roof sections?,Brighter,terra,1,1,1,The paved forecourt appears lighter than the adjoining dark rectangular roof planes.,
FBQ-0454,FBQ-0454-CANON-Q1,SkyScript,images/FBQ-0454_ir.jpg,images/FBQ-0454_rgb.jpg,scene_category,What broad scene category is visible?,Transportation area,rewrite_backfill,1,1,1,Long parallel lane-like bands contain several compact vehicle-like objects.,"The parallel geometry is visible, but the scene identity is too ambiguous in IR."
FBQ-0454,FBQ-0454-CANON-Q2,SkyScript,images/FBQ-0454_ir.jpg,images/FBQ-0454_rgb.jpg,object_presence,Are compact bright objects visible on the central strip?,Yes,rewrite,1,1,1,Several isolated compact spots are visible within the smooth central band.,"The parallel geometry is visible, but the scene identity is too ambiguous in IR."
FBQ-0454,FBQ-0454-CANON-Q3,SkyScript,images/FBQ-0454_ir.jpg,images/FBQ-0454_rgb.jpg,spatial_structure,How are the long boundaries oriented?,Parallel,sol,1,1,1,The two dominant diagonal edges maintain nearly constant separation.,"The parallel geometry is visible, but the scene identity is too ambiguous in IR."
FBQ-0454,FBQ-0454-CANON-Q4,SkyScript,images/FBQ-0454_ir.jpg,images/FBQ-0454_rgb.jpg,intensity_contrast,How do the compact objects compare with the central strip?,Brighter,rewrite,1,1,1,The isolated compact spots are lighter than the surrounding smooth strip.,"The parallel geometry is visible, but the scene identity is too ambiguous in IR."
FBQ-0455,FBQ-0455-CANON-Q1,SkyScript,images/FBQ-0455_ir.jpg,images/FBQ-0455_rgb.jpg,scene_category,What broad scene category is shown?,Residential property,sol,1,1,1,A compact multi-section building is surrounded by vegetation and yard-like open space.,
FBQ-0455,FBQ-0455-CANON-Q2,SkyScript,images/FBQ-0455_ir.jpg,images/FBQ-0455_rgb.jpg,object_presence,Is a multi-section building present?,Yes,sol,1,1,1,Several connected roof polygons with sharp boundaries occupy the center.,
FBQ-0455,FBQ-0455-CANON-Q3,SkyScript,images/FBQ-0455_ir.jpg,images/FBQ-0455_rgb.jpg,spatial_structure,Where are the main roof sections located?,In the center,rewrite,1,1,1,The largest connected roof outlines occupy the central IR region.,
FBQ-0455,FBQ-0455-CANON-Q4,SkyScript,images/FBQ-0455_ir.jpg,images/FBQ-0455_rgb.jpg,intensity_contrast,Which roof area appears darkest?,Upper-left roof section,sol,1,1,1,The broad upper-left roof polygon is markedly darker than adjoining roof planes.,
FBQ-0456,FBQ-0456-CANON-Q1,SkyScript,images/FBQ-0456_ir.jpg,images/FBQ-0456_rgb.jpg,scene_category,What broad landscape category is shown?,Agricultural landscape,sol,1,1,1,Numerous large parcels are separated by an extensive network of narrow tracks and boundaries.,
FBQ-0456,FBQ-0456-CANON-Q2,SkyScript,images/FBQ-0456_ir.jpg,images/FBQ-0456_rgb.jpg,object_presence,Are multiple field parcels visible?,Yes,sol,1,1,1,Many distinct polygonal regions are enclosed by narrow linear borders.,
FBQ-0456,FBQ-0456-CANON-Q3,SkyScript,images/FBQ-0456_ir.jpg,images/FBQ-0456_rgb.jpg,spatial_structure,What divides the field parcels?,A branching track network,sol,1,1,1,Connected narrow lines branch across the image and separate adjacent parcels.,
FBQ-0456,FBQ-0456-CANON-Q4,SkyScript,images/FBQ-0456_ir.jpg,images/FBQ-0456_rgb.jpg,intensity_contrast,"Which is brighter, the tracks or most fields?",The tracks,sol,1,1,1,The narrow track network appears lighter than most parcel interiors.,
FBQ-0457,FBQ-0457-CANON-Q1,SkyScript,images/FBQ-0457_ir.jpg,images/FBQ-0457_rgb.jpg,scene_category,What type of scene is shown?,Roadside vegetation area,luna,1,1,1,A dense textured vegetation patch lies directly beside a straight road corridor.,
FBQ-0457,FBQ-0457-CANON-Q2,SkyScript,images/FBQ-0457_ir.jpg,images/FBQ-0457_rgb.jpg,object_presence,Is dense vegetation present?,Yes,luna,1,1,1,A broad irregular region with dense clustered texture fills the center.,
FBQ-0457,FBQ-0457-CANON-Q3,SkyScript,images/FBQ-0457_ir.jpg,images/FBQ-0457_rgb.jpg,spatial_structure,Where is the vegetation patch located?,Between road and open ground,luna,1,1,1,The textured patch lies right of the road and left of the smoother exposed area.,
FBQ-0457,FBQ-0457-CANON-Q4,SkyScript,images/FBQ-0457_ir.jpg,images/FBQ-0457_rgb.jpg,intensity_contrast,How does the vegetation compare with the open ground?,Darker,luna,1,1,1,The central textured vegetation is darker than the smoother ground on the right.,
FBQ-0458,FBQ-0458-CANON-Q1,SkyScript,images/FBQ-0458_ir.jpg,images/FBQ-0458_rgb.jpg,scene_category,What type of scene is shown?,Agricultural area,luna,1,1,1,"Cultivated plots, repeated rows, tracks, and compact structures are visible.",
FBQ-0458,FBQ-0458-CANON-Q2,SkyScript,images/FBQ-0458_ir.jpg,images/FBQ-0458_rgb.jpg,object_presence,Are parallel field rows visible?,Yes,luna,1,1,1,Numerous regularly spaced parallel bands cross the upper portion.,
FBQ-0458,FBQ-0458-CANON-Q3,SkyScript,images/FBQ-0458_ir.jpg,images/FBQ-0458_rgb.jpg,spatial_structure,Where are the cultivated rows located?,Across the upper area,terra,1,1,1,The repeated parallel bands extend across the upper IR region.,
FBQ-0458,FBQ-0458-CANON-Q4,SkyScript,images/FBQ-0458_ir.jpg,images/FBQ-0458_rgb.jpg,intensity_contrast,What intensity pattern appears across the cultivated rows?,Alternating bright and dark bands,rewrite,1,1,1,Adjacent regularly spaced row bands alternate between lighter and darker intensities.,
FBQ-0459,FBQ-0459-CANON-Q1,SkyScript,images/FBQ-0459_ir.jpg,images/FBQ-0459_rgb.jpg,scene_category,What type of complex is shown?,Industrial complex,sol,1,1,1,Several very large adjoining rectangular buildings with repeated roof features dominate the scene.,
FBQ-0459,FBQ-0459-CANON-Q2,SkyScript,images/FBQ-0459_ir.jpg,images/FBQ-0459_rgb.jpg,object_presence,Are large rectangular roofs present?,Yes,rewrite,1,1,1,Broad rectangular roof planes cover most of the IR image.,
FBQ-0459,FBQ-0459-CANON-Q3,SkyScript,images/FBQ-0459_ir.jpg,images/FBQ-0459_rgb.jpg,spatial_structure,How are the small roof features arranged?,In regular rows,rewrite,1,1,1,Repeated compact rectangles form evenly spaced lines across the main roof.,
FBQ-0459,FBQ-0459-CANON-Q4,SkyScript,images/FBQ-0459_ir.jpg,images/FBQ-0459_rgb.jpg,intensity_contrast,How do the small roof features compare with the main roof?,Brighter,rewrite,1,1,1,Most repeated roof features appear lighter than the broad surrounding roof plane.,
FBQ-0460,FBQ-0460-CANON-Q1,SkyScript,images/FBQ-0460_ir.jpg,images/FBQ-0460_rgb.jpg,scene_category,What broad scene category is shown?,Built-up complex,sol,1,1,1,"Multiple large rectangular buildings, open grounds, and an adjacent linear corridor form a developed site.",
FBQ-0460,FBQ-0460-CANON-Q2,SkyScript,images/FBQ-0460_ir.jpg,images/FBQ-0460_rgb.jpg,object_presence,Are multiple rectangular buildings visible?,Yes,rewrite,1,1,1,Two prominent elongated rectangular roof outlines occupy the central and lower regions.,
FBQ-0460,FBQ-0460-CANON-Q3,SkyScript,images/FBQ-0460_ir.jpg,images/FBQ-0460_rgb.jpg,spatial_structure,Where is the smaller building relative to the long building?,Below it,luna,1,1,1,A smaller rectangular structure is visibly positioned below the long central building.,
FBQ-0460,FBQ-0460-CANON-Q4,SkyScript,images/FBQ-0460_ir.jpg,images/FBQ-0460_rgb.jpg,intensity_contrast,How do the building outlines compare with surrounding ground?,Brighter,rewrite,1,1,1,Bright structural edges separate both buildings from the darker surrounding surfaces.,
FBQ-0461,FBQ-0461-CANON-Q1,SkyScript,images/FBQ-0461_ir.jpg,images/FBQ-0461_rgb.jpg,scene_category,What type of scene is shown?,Urban building and roadway,sol,1,1,1,A large rectilinear structure directly borders a long marked roadway.,
FBQ-0461,FBQ-0461-CANON-Q2,SkyScript,images/FBQ-0461_ir.jpg,images/FBQ-0461_rgb.jpg,object_presence,Is a large building visible?,Yes,terra,1,1,1,A large straight-edged structure occupies most of the left side.,
FBQ-0461,FBQ-0461-CANON-Q3,SkyScript,images/FBQ-0461_ir.jpg,images/FBQ-0461_rgb.jpg,spatial_structure,Where is the road relative to the main building?,Beside the building,sol,1,1,1,The narrow roadway runs directly along the building's right edge.,
FBQ-0461,FBQ-0461-CANON-Q4,SkyScript,images/FBQ-0461_ir.jpg,images/FBQ-0461_rgb.jpg,intensity_contrast,"Which is brighter, the left building edge or the road?",The left building edge,sol,1,1,1,The broad left edge has distinctly higher intensity than the adjacent roadway.,
FBQ-0462,FBQ-0462-CANON-Q1,SkyScript,images/FBQ-0462_ir.jpg,images/FBQ-0462_rgb.jpg,scene_category,What type of landscape is visible?,Forested clearing,sol,1,1,1,Dense irregular vegetation surrounds a relatively open central area.,
FBQ-0462,FBQ-0462-CANON-Q2,SkyScript,images/FBQ-0462_ir.jpg,images/FBQ-0462_rgb.jpg,object_presence,Is a narrow path visible?,Yes,sol,1,1,1,A thin smooth strip enters from the left and extends toward the center.,
FBQ-0462,FBQ-0462-CANON-Q3,SkyScript,images/FBQ-0462_ir.jpg,images/FBQ-0462_rgb.jpg,spatial_structure,How does the path cross the image?,Diagonally from left toward center,sol,1,1,1,The narrow strip forms a diagonal from the left edge into the clearing.,
FBQ-0462,FBQ-0462-CANON-Q4,SkyScript,images/FBQ-0462_ir.jpg,images/FBQ-0462_rgb.jpg,intensity_contrast,Which side contains the darkest large region?,The right side,sol,1,1,1,A broad low-intensity region occupies much of the right half.,
FBQ-0463,FBQ-0463-CANON-Q1,SkyScript,images/FBQ-0463_ir.jpg,images/FBQ-0463_rgb.jpg,scene_category,What type of scene is shown?,Building rooftop,luna,1,1,1,A large bounded roof-like surface with straight edges dominates the image.,"The image is blurred, so the questions use only the clearly visible roof outline and two compact features."
FBQ-0463,FBQ-0463-CANON-Q2,SkyScript,images/FBQ-0463_ir.jpg,images/FBQ-0463_rgb.jpg,object_presence,Are two small roof fixtures visible?,Yes,rewrite,1,1,1,Two separate compact protrusions appear on the broad roof surface.,"The image is blurred, so the questions use only the clearly visible roof outline and two compact features."
FBQ-0463,FBQ-0463-CANON-Q3,SkyScript,images/FBQ-0463_ir.jpg,images/FBQ-0463_rgb.jpg,spatial_structure,Where are the two fixtures?,Near the upper-left roof area,luna,1,1,1,Both compact features are grouped left of center in the upper half.,"The image is blurred, so the questions use only the clearly visible roof outline and two compact features."
FBQ-0463,FBQ-0463-CANON-Q4,SkyScript,images/FBQ-0463_ir.jpg,images/FBQ-0463_rgb.jpg,intensity_contrast,How do the bright fixture portions compare with the roof?,They are brighter,rewrite,1,1,1,Bright portions of both compact features stand out against the darker roof.,"The image is blurred, so the questions use only the clearly visible roof outline and two compact features."
FBQ-0464,FBQ-0464-CANON-Q1,SkyScript,images/FBQ-0464_ir.jpg,images/FBQ-0464_rgb.jpg,scene_category,What type of developed scene is shown?,Building complex with parking,sol,1,1,1,Multiple rectilinear structures are separated by broad open paved areas.,
FBQ-0464,FBQ-0464-CANON-Q2,SkyScript,images/FBQ-0464_ir.jpg,images/FBQ-0464_rgb.jpg,object_presence,Are multiple vehicles visible?,Yes,sol,1,1,1,Numerous small elongated forms occur in organized groups across the open areas.,
FBQ-0464,FBQ-0464-CANON-Q3,SkyScript,images/FBQ-0464_ir.jpg,images/FBQ-0464_rgb.jpg,spatial_structure,Where is the largest building?,Lower left,terra,1,1,1,The largest rectangular roof occupies the lower-left quadrant.,
FBQ-0464,FBQ-0464-CANON-Q4,SkyScript,images/FBQ-0464_ir.jpg,images/FBQ-0464_rgb.jpg,intensity_contrast,How does the largest roof compare with nearby ground?,The roof is brighter,sol,1,1,1,The large rectangular roof has higher intensity than the adjacent ground.,
FBQ-0465,FBQ-0465-CANON-Q1,SkyScript,images/FBQ-0465_ir.jpg,images/FBQ-0465_rgb.jpg,scene_category,What type of scene is shown?,Elongated patterned corridor,rewrite,1,1,1,A long bounded region with repeated linear texture crosses the image.,Specific land use is uncertain; the final questions retain only directly visible structural cues.
FBQ-0465,FBQ-0465-CANON-Q2,SkyScript,images/FBQ-0465_ir.jpg,images/FBQ-0465_rgb.jpg,object_presence,Are repeated linear rows visible?,Yes,rewrite,1,1,1,Closely spaced dark linear elements repeat throughout the central band.,Specific land use is uncertain; the final questions retain only directly visible structural cues.
FBQ-0465,FBQ-0465-CANON-Q3,SkyScript,images/FBQ-0465_ir.jpg,images/FBQ-0465_rgb.jpg,spatial_structure,How is the central band oriented?,Diagonally across the image,rewrite,1,1,1,The elongated textured band extends diagonally between opposite sides.,Specific land use is uncertain; the final questions retain only directly visible structural cues.
FBQ-0465,FBQ-0465-CANON-Q4,SkyScript,images/FBQ-0465_ir.jpg,images/FBQ-0465_rgb.jpg,intensity_contrast,How does the central band compare with adjacent strips?,The central band is darker,rewrite,1,1,1,The textured central region has lower intensity than the smooth bordering strips.,Specific land use is uncertain; the final questions retain only directly visible structural cues.
FBQ-0466,FBQ-0466-CANON-Q1,SkyScript,images/FBQ-0466_ir.jpg,images/FBQ-0466_rgb.jpg,scene_category,What broad scene category is visible?,Rectilinear built structure,rewrite,1,1,1,Straight-edged square and tall rectangular sections dominate the image.,"The modalities do not support a precise shared interpretation, so only generic IR-visible geometry is used."
FBQ-0466,FBQ-0466-CANON-Q2,SkyScript,images/FBQ-0466_ir.jpg,images/FBQ-0466_rgb.jpg,object_presence,Is a square framed feature visible?,Yes,rewrite,1,1,1,A distinct dark square frame enclosing a lighter center appears left of center.,"The modalities do not support a precise shared interpretation, so only generic IR-visible geometry is used."
FBQ-0466,FBQ-0466-CANON-Q3,SkyScript,images/FBQ-0466_ir.jpg,images/FBQ-0466_rgb.jpg,spatial_structure,Where is the square feature relative to the tall section?,To its left,rewrite,1,1,1,The square feature lies left of the tall grid-like rectangular section.,"The modalities do not support a precise shared interpretation, so only generic IR-visible geometry is used."
FBQ-0466,FBQ-0466-CANON-Q4,SkyScript,images/FBQ-0466_ir.jpg,images/FBQ-0466_rgb.jpg,intensity_contrast,How does the square frame compare with its center?,The frame is darker,sol,1,1,1,A low-intensity square border surrounds a distinctly lighter central patch.,"The modalities do not support a precise shared interpretation, so only generic IR-visible geometry is used."
FBQ-0467,FBQ-0467-CANON-Q1,SkyScript,images/FBQ-0467_ir.jpg,images/FBQ-0467_rgb.jpg,scene_category,What transportation scene is shown?,Railway corridor,sol,1,1,1,"Several continuous, closely spaced parallel lines form a central corridor.",
FBQ-0467,FBQ-0467-CANON-Q2,SkyScript,images/FBQ-0467_ir.jpg,images/FBQ-0467_rgb.jpg,object_presence,Are parallel railway tracks visible?,Yes,sol,1,1,1,Repeated paired linear features extend continuously across the image.,
FBQ-0467,FBQ-0467-CANON-Q3,SkyScript,images/FBQ-0467_ir.jpg,images/FBQ-0467_rgb.jpg,spatial_structure,How are the tracks oriented?,Diagonally from lower right to upper left,sol,1,1,1,The parallel lines connect the lower-right and upper-left image boundaries.,
FBQ-0467,FBQ-0467-CANON-Q4,SkyScript,images/FBQ-0467_ir.jpg,images/FBQ-0467_rgb.jpg,intensity_contrast,How does the track corridor compare with adjacent ground?,The corridor is darker,rewrite,1,1,1,The central linear corridor has lower intensity than the broader neighboring surfaces.,
FBQ-0468,FBQ-0468-CANON-Q1,SkyScript,images/FBQ-0468_ir.jpg,images/FBQ-0468_rgb.jpg,scene_category,What type of ground feature dominates the image?,Circular enclosed field,rewrite,1,1,1,A large nearly circular bounded area occupies most of the frame.,
FBQ-0468,FBQ-0468-CANON-Q2,SkyScript,images/FBQ-0468_ir.jpg,images/FBQ-0468_rgb.jpg,object_presence,Is a ring-shaped boundary visible?,Yes,sol,1,1,1,A continuous curved outline encircles the central region.,
FBQ-0468,FBQ-0468-CANON-Q3,SkyScript,images/FBQ-0468_ir.jpg,images/FBQ-0468_rgb.jpg,spatial_structure,What lies inside the circular boundary?,A broad central field,sol,1,1,1,"The perimeter encloses one large, mostly uniform interior area.",
FBQ-0468,FBQ-0468-CANON-Q4,SkyScript,images/FBQ-0468_ir.jpg,images/FBQ-0468_rgb.jpg,intensity_contrast,How does the center compare with the lower outer margin?,The center is darker,sol,1,1,1,The enclosed center has lower intensity than the bright band outside its lower edge.,
FBQ-0469,FBQ-0469-CANON-Q1,SkyScript,images/FBQ-0469_ir.jpg,images/FBQ-0469_rgb.jpg,scene_category,What type of landscape is shown?,Open field beside trees,sol,1,1,1,A broad uniform area is sharply bordered by dense irregular vegetation.,
FBQ-0469,FBQ-0469-CANON-Q2,SkyScript,images/FBQ-0469_ir.jpg,images/FBQ-0469_rgb.jpg,object_presence,Is a tree border visible?,Yes,sol,1,1,1,Closely packed irregular canopy forms line the right and lower margins.,
FBQ-0469,FBQ-0469-CANON-Q3,SkyScript,images/FBQ-0469_ir.jpg,images/FBQ-0469_rgb.jpg,spatial_structure,Where are the trees relative to the field?,Along the right and lower edges,sol,1,1,1,The textured vegetation band borders the smooth field on those two sides.,
FBQ-0469,FBQ-0469-CANON-Q4,SkyScript,images/FBQ-0469_ir.jpg,images/FBQ-0469_rgb.jpg,intensity_contrast,How does the field compare with the tree border?,The field is brighter,sol,1,1,1,The uniform field has higher overall intensity than the dark edge vegetation.,
FBQ-0470,FBQ-0470-CANON-Q1,SkyScript,images/FBQ-0470_ir.jpg,images/FBQ-0470_rgb.jpg,scene_category,What type of scene is depicted?,Dense building cluster,sol,1,1,1,Numerous adjoining angular roof outlines fill the frame.,
FBQ-0470,FBQ-0470-CANON-Q2,SkyScript,images/FBQ-0470_ir.jpg,images/FBQ-0470_rgb.jpg,object_presence,Are multiple rooftops visible?,Yes,rewrite,1,1,1,Many distinct angular roof-like surfaces are visible throughout the image.,
FBQ-0470,FBQ-0470-CANON-Q3,SkyScript,images/FBQ-0470_ir.jpg,images/FBQ-0470_rgb.jpg,spatial_structure,How are the buildings arranged?,Closely adjoining one another,sol,1,1,1,Roof polygons meet or overlap with only narrow gaps between them.,
FBQ-0470,FBQ-0470-CANON-Q4,SkyScript,images/FBQ-0470_ir.jpg,images/FBQ-0470_rgb.jpg,intensity_contrast,How do narrow gaps compare with adjacent roofs?,The gaps are darker,rewrite,1,1,1,Low-intensity channels separate several brighter angular roof surfaces.,
FBQ-0471,FBQ-0471-CANON-Q1,SkyScript,images/FBQ-0471_ir.jpg,images/FBQ-0471_rgb.jpg,scene_category,What broad scene category is visible?,Rooftop scene,luna,1,1,1,A broad planar surface and a sharp diagonal roof edge dominate the IR image.,
FBQ-0471,FBQ-0471-CANON-Q2,SkyScript,images/FBQ-0471_ir.jpg,images/FBQ-0471_rgb.jpg,object_presence,Are small rooftop fixtures visible?,Yes,sol,1,1,1,Several compact bright and dark protrusions appear on the broad planar surfaces.,
FBQ-0471,FBQ-0471-CANON-Q3,SkyScript,images/FBQ-0471_ir.jpg,images/FBQ-0471_rgb.jpg,spatial_structure,What separates the two broad roof planes?,A diagonal boundary,sol,1,1,1,A continuous oblique edge crosses the IR image between the two planes.,
FBQ-0471,FBQ-0471-CANON-Q4,SkyScript,images/FBQ-0471_ir.jpg,images/FBQ-0471_rgb.jpg,intensity_contrast,Which roof plane appears brighter overall?,The lower plane,sol,1,1,1,The plane below the diagonal boundary has a lighter overall grayscale tone.,
FBQ-0472,FBQ-0472-CANON-Q1,SkyScript,images/FBQ-0472_ir.jpg,images/FBQ-0472_rgb.jpg,scene_category,What broad scene is visible?,Building beside vegetation,rewrite,1,1,1,A straight-edged roof-like form appears beside an extensive mottled region.,
FBQ-0472,FBQ-0472-CANON-Q2,SkyScript,images/FBQ-0472_ir.jpg,images/FBQ-0472_rgb.jpg,object_presence,Is a building visible?,Yes,sol,1,1,1,A compact structure with straight roof edges is visible on the left.,
FBQ-0472,FBQ-0472-CANON-Q3,SkyScript,images/FBQ-0472_ir.jpg,images/FBQ-0472_rgb.jpg,spatial_structure,Where is the building relative to the dense vegetation?,Left of it,sol,1,1,1,The angular building outline lies left of the large mottled vegetation region.,
FBQ-0472,FBQ-0472-CANON-Q4,SkyScript,images/FBQ-0472_ir.jpg,images/FBQ-0472_rgb.jpg,intensity_contrast,"Which has smoother intensity, the roof or vegetation?",The roof,sol,1,1,1,"The roof has a broad uniform patch, unlike the strongly mottled vegetation.",
FBQ-0473,FBQ-0473-CANON-Q1,SkyScript,images/FBQ-0473_ir.jpg,images/FBQ-0473_rgb.jpg,scene_category,What scene category is shown?,Dense settlement,terra,1,1,1,Numerous tightly packed compact forms create a continuous built-up pattern.,
FBQ-0473,FBQ-0473-CANON-Q2,SkyScript,images/FBQ-0473_ir.jpg,images/FBQ-0473_rgb.jpg,object_presence,Are many compact structures present?,Yes,terra,1,1,1,The IR image contains dense repetitions of small bounded forms.,
FBQ-0473,FBQ-0473-CANON-Q3,SkyScript,images/FBQ-0473_ir.jpg,images/FBQ-0473_rgb.jpg,spatial_structure,Where is the dense cluster located?,Right and lower areas,terra,1,1,1,The compact high-frequency pattern is concentrated toward the right and bottom.,
FBQ-0473,FBQ-0473-CANON-Q4,SkyScript,images/FBQ-0473_ir.jpg,images/FBQ-0473_rgb.jpg,intensity_contrast,How does the settlement compare with open land?,More textured,terra,1,1,1,The settlement has dense local variations while the adjacent open region is smoother.,
FBQ-0474,FBQ-0474-CANON-Q1,SkyScript,images/FBQ-0474_ir.jpg,images/FBQ-0474_rgb.jpg,scene_category,What type of scene is shown?,Urban road junction,sol,1,1,1,Several broad linear routes meet near the center among multiple building outlines.,
FBQ-0474,FBQ-0474-CANON-Q2,SkyScript,images/FBQ-0474_ir.jpg,images/FBQ-0474_rgb.jpg,object_presence,Is a large flat-roofed building present?,Yes,sol,1,1,1,A large uniform polygonal roof occupies the upper-left region.,
FBQ-0474,FBQ-0474-CANON-Q3,SkyScript,images/FBQ-0474_ir.jpg,images/FBQ-0474_rgb.jpg,spatial_structure,Where do the main roads converge?,Near the center,sol,1,1,1,Multiple road edges visibly merge around the central image region.,
FBQ-0474,FBQ-0474-CANON-Q4,SkyScript,images/FBQ-0474_ir.jpg,images/FBQ-0474_rgb.jpg,intensity_contrast,"Which appears brighter, the large roof or the trees?",The large roof,sol,1,1,1,"The upper-left roof is bright and uniform, whereas the trees are darker and mottled.",
FBQ-0475,FBQ-0475-CANON-Q1,SkyScript,images/FBQ-0475_ir.jpg,images/FBQ-0475_rgb.jpg,scene_category,What type of scene fills the image?,Large building complex,sol,1,1,1,Numerous connected straight-edged roof forms dominate the IR image.,
FBQ-0475,FBQ-0475-CANON-Q2,SkyScript,images/FBQ-0475_ir.jpg,images/FBQ-0475_rgb.jpg,object_presence,Are multiple large buildings visible?,Yes,sol,1,1,1,Several distinct polygonal roof outlines occupy nearly the entire frame.,
FBQ-0475,FBQ-0475-CANON-Q3,SkyScript,images/FBQ-0475_ir.jpg,images/FBQ-0475_rgb.jpg,spatial_structure,How are the main roof sections arranged?,Tightly adjoining,sol,1,1,1,The roof polygons meet closely with only narrow intervening passages.,
FBQ-0475,FBQ-0475-CANON-Q4,SkyScript,images/FBQ-0475_ir.jpg,images/FBQ-0475_rgb.jpg,intensity_contrast,Where is the darkest broad roof region?,Near the upper center,sol,1,1,1,A large elongated dark rectangle lies between brighter roof sections near the upper center.,
FBQ-0476,FBQ-0476-CANON-Q1,SkyScript,images/FBQ-0476_ir.jpg,images/FBQ-0476_rgb.jpg,scene_category,What type of scene is visible?,Building rooftop,sol,1,1,1,Several broad angular planes form a connected roof-like structure.,
FBQ-0476,FBQ-0476-CANON-Q2,SkyScript,images/FBQ-0476_ir.jpg,images/FBQ-0476_rgb.jpg,object_presence,Is an angular roof present?,Yes,terra,1,1,1,Straight edges form a prominent angled roof shape in the center.,
FBQ-0476,FBQ-0476-CANON-Q3,SkyScript,images/FBQ-0476_ir.jpg,images/FBQ-0476_rgb.jpg,spatial_structure,What surrounds the central roof?,Vegetation,terra,1,1,1,Irregular mottled clusters border the smooth roof planes on multiple sides.,
FBQ-0476,FBQ-0476-CANON-Q4,SkyScript,images/FBQ-0476_ir.jpg,images/FBQ-0476_rgb.jpg,intensity_contrast,Which region is brightest?,The lower diagonal roof strip,sol,1,1,1,A broad diagonal strip extending downward from the center has the lightest tone.,
FBQ-0477,FBQ-0477-CANON-Q1,SkyScript,images/FBQ-0477_ir.jpg,images/FBQ-0477_rgb.jpg,scene_category,What broad scene category is visible?,Open field,luna,1,1,1,A large rectangular open area is clearly outlined by long straight boundaries.,
FBQ-0477,FBQ-0477-CANON-Q2,SkyScript,images/FBQ-0477_ir.jpg,images/FBQ-0477_rgb.jpg,object_presence,Is a rectangular open area visible?,Yes,sol,1,1,1,A large uninterrupted rectangle with clear straight edges occupies the center.,
FBQ-0477,FBQ-0477-CANON-Q3,SkyScript,images/FBQ-0477_ir.jpg,images/FBQ-0477_rgb.jpg,spatial_structure,What surrounds the central rectangular area?,Paved strips and paths,sol,1,1,1,Broad smooth bands border the central rectangle on several sides.,
FBQ-0477,FBQ-0477-CANON-Q4,SkyScript,images/FBQ-0477_ir.jpg,images/FBQ-0477_rgb.jpg,intensity_contrast,"Which is darker, the central area or surrounding pavement?",The central area,sol,1,1,1,The central rectangle has distinctly lower intensity than the bordering strips.,
FBQ-0478,FBQ-0478-CANON-Q1,SkyScript,images/FBQ-0478_ir.jpg,images/FBQ-0478_rgb.jpg,scene_category,What type of site contains the repeated rectangular plots?,Cemetery,sol,1,1,1,Numerous small rectangular markers appear in organized rows separated by narrow paths.,
FBQ-0478,FBQ-0478-CANON-Q2,SkyScript,images/FBQ-0478_ir.jpg,images/FBQ-0478_rgb.jpg,object_presence,Are repeated small rectangular features present?,Yes,terra,1,1,1,Numerous small box-like outlines are visible within the mottled terrain.,
FBQ-0478,FBQ-0478-CANON-Q3,SkyScript,images/FBQ-0478_ir.jpg,images/FBQ-0478_rgb.jpg,spatial_structure,Where is the major road relative to the cemetery?,Along its left edge,sol,1,1,1,A broad diagonal corridor borders the patterned site on the left.,
FBQ-0478,FBQ-0478-CANON-Q4,SkyScript,images/FBQ-0478_ir.jpg,images/FBQ-0478_rgb.jpg,intensity_contrast,"Which has smoother intensity, the road or vegetation?",The road,sol,1,1,1,"The diagonal road corridor is comparatively uniform, while vegetation is strongly mottled.",
FBQ-0479,FBQ-0479-CANON-Q1,SkyScript,images/FBQ-0479_ir.jpg,images/FBQ-0479_rgb.jpg,scene_category,What type of sports facility is shown?,Tennis court complex,sol,1,1,1,Four elongated courts display a repeated internal line layout within one enclosure.,
FBQ-0479,FBQ-0479-CANON-Q2,SkyScript,images/FBQ-0479_ir.jpg,images/FBQ-0479_rgb.jpg,object_presence,Are four courts visible?,Yes,sol,1,1,1,Four distinct elongated rectangular playing areas are visible inside the outer boundary.,
FBQ-0479,FBQ-0479-CANON-Q3,SkyScript,images/FBQ-0479_ir.jpg,images/FBQ-0479_rgb.jpg,spatial_structure,How are the courts arranged?,In a two-by-two grid,sol,1,1,1,Two court rectangles appear in each of two aligned rows.,
FBQ-0479,FBQ-0479-CANON-Q4,SkyScript,images/FBQ-0479_ir.jpg,images/FBQ-0479_rgb.jpg,intensity_contrast,"Which is darker, the courts or their surroundings?",The courts,sol,1,1,1,The rectangular court areas have lower intensity than the pale exterior surroundings.,
FBQ-0480,FBQ-0480-CANON-Q1,SkyScript,images/FBQ-0480_ir.jpg,images/FBQ-0480_rgb.jpg,scene_category,What type of landscape is shown?,Coastal landscape,sol,1,1,1,An irregular textured land boundary directly adjoins a broad smooth region.,
FBQ-0480,FBQ-0480-CANON-Q2,SkyScript,images/FBQ-0480_ir.jpg,images/FBQ-0480_rgb.jpg,object_presence,Is a curved shoreline visible?,Yes,sol,1,1,1,A continuous curved boundary separates textured terrain from the smooth upper region.,
FBQ-0480,FBQ-0480-CANON-Q3,SkyScript,images/FBQ-0480_ir.jpg,images/FBQ-0480_rgb.jpg,spatial_structure,Where is the smooth water area relative to the land?,Above the land,sol,1,1,1,The smooth low-texture region lies beyond the land boundary at the top.,
FBQ-0480,FBQ-0480-CANON-Q4,SkyScript,images/FBQ-0480_ir.jpg,images/FBQ-0480_rgb.jpg,intensity_contrast,"Which appears brighter, the land or water?",The land,sol,1,1,1,The textured landmass has higher grayscale intensity than the adjoining smooth region.,
FBQ-0481,FBQ-0481-CANON-Q1,SkyScript,images/FBQ-0481_ir.jpg,images/FBQ-0481_rgb.jpg,scene_category,What general setting is visible?,Built facility,rewrite,1,1,1,A large engineered circular feature is surrounded by angular built surfaces.,
FBQ-0481,FBQ-0481-CANON-Q2,SkyScript,images/FBQ-0481_ir.jpg,images/FBQ-0481_rgb.jpg,object_presence,Is a large circular structure visible?,Yes,sol,1,1,1,A prominent circular outline occupies the central area.,
FBQ-0481,FBQ-0481-CANON-Q3,SkyScript,images/FBQ-0481_ir.jpg,images/FBQ-0481_rgb.jpg,spatial_structure,Where is the opening within the circular structure?,Near the center,sol,1,1,1,A compact dark region lies inside the central portion of the circular outline.,
FBQ-0481,FBQ-0481-CANON-Q4,SkyScript,images/FBQ-0481_ir.jpg,images/FBQ-0481_rgb.jpg,intensity_contrast,"Which is darker, the opening or surrounding ring?",The opening,sol,1,1,1,The opening is nearly black while the surrounding curved ring is much brighter.,
FBQ-0482,FBQ-0482-CANON-Q1,SkyScript,images/FBQ-0482_ir.jpg,images/FBQ-0482_rgb.jpg,scene_category,What type of transport corridor is visible?,Railway corridor,sol,1,1,1,"Multiple long, evenly spaced track-like bands span the image.",
FBQ-0482,FBQ-0482-CANON-Q2,SkyScript,images/FBQ-0482_ir.jpg,images/FBQ-0482_rgb.jpg,object_presence,Are multiple parallel tracks present?,Yes,sol,1,1,1,Several repeated narrow linear bands are clearly visible across the upper area.,
FBQ-0482,FBQ-0482-CANON-Q3,SkyScript,images/FBQ-0482_ir.jpg,images/FBQ-0482_rgb.jpg,spatial_structure,Where are the tracks relative to the smooth path?,Above the path,rewrite,1,1,1,The repeated bands occupy the upper area above a broad smooth corridor.,
FBQ-0482,FBQ-0482-CANON-Q4,SkyScript,images/FBQ-0482_ir.jpg,images/FBQ-0482_rgb.jpg,intensity_contrast,Which area has stronger alternating contrast?,The tracks,sol,1,1,1,The track area contains repeated bright and dark bands unlike the smoother lower path.,
FBQ-0483,FBQ-0483-CANON-Q1,SkyScript,images/FBQ-0483_ir.jpg,images/FBQ-0483_rgb.jpg,scene_category,What type of outdoor area is shown?,Recreational area,rewrite_backfill,1,1,1,Several equipment-like outlines and a circular structure occupy open ground beside a building.,Scene category is not safely identifiable from IR.
FBQ-0483,FBQ-0483-CANON-Q2,SkyScript,images/FBQ-0483_ir.jpg,images/FBQ-0483_rgb.jpg,object_presence,Is a large building visible?,Yes,sol,1,1,1,A broad angular roof outline occupies the lower portion of the image.,Scene category is not safely identifiable from IR.
FBQ-0483,FBQ-0483-CANON-Q3,SkyScript,images/FBQ-0483_ir.jpg,images/FBQ-0483_rgb.jpg,spatial_structure,Where is the open area relative to the building?,Above the building,sol,1,1,1,The smooth open region extends above the angular building boundary.,Scene category is not safely identifiable from IR.
FBQ-0483,FBQ-0483-CANON-Q4,SkyScript,images/FBQ-0483_ir.jpg,images/FBQ-0483_rgb.jpg,intensity_contrast,"Which is darker, the building or open ground?",The building,sol,1,1,1,The building forms a dark angular band against the lighter open ground.,Scene category is not safely identifiable from IR.
FBQ-0484,FBQ-0484-CANON-Q1,SkyScript,images/FBQ-0484_ir.jpg,images/FBQ-0484_rgb.jpg,scene_category,What kind of setting is shown?,Building complex,luna,1,1,1,Large connected rectangular structures and roof boundaries occupy most of the image.,
FBQ-0484,FBQ-0484-CANON-Q2,SkyScript,images/FBQ-0484_ir.jpg,images/FBQ-0484_rgb.jpg,object_presence,Is a large rectangular panel visible?,Yes,luna,1,1,1,A textured rectangular panel with a sharp outline appears in the upper-left area.,
FBQ-0484,FBQ-0484-CANON-Q3,SkyScript,images/FBQ-0484_ir.jpg,images/FBQ-0484_rgb.jpg,spatial_structure,Where is the rectangular panel located?,In the upper left,luna,1,1,1,The outlined textured panel occupies the upper-left portion of the image.,
FBQ-0484,FBQ-0484-CANON-Q4,SkyScript,images/FBQ-0484_ir.jpg,images/FBQ-0484_rgb.jpg,intensity_contrast,How does the panel compare with nearby roof edges?,The panel is darker,luna,1,1,1,The panel has lower grayscale intensity than the adjacent linear roof edges.,
FBQ-0485,FBQ-0485-CANON-Q1,SkyScript,images/FBQ-0485_ir.jpg,images/FBQ-0485_rgb.jpg,scene_category,What type of site layout is visible?,Gridded-array site,rewrite,1,1,1,A large regular grid borders open ground and a sharply bounded rectangular basin.,
FBQ-0485,FBQ-0485-CANON-Q2,SkyScript,images/FBQ-0485_ir.jpg,images/FBQ-0485_rgb.jpg,object_presence,Is a rectangular basin visible?,Yes,rewrite,1,1,1,A large uniformly dark rectangle with a clear border appears in the lower-right area.,
FBQ-0485,FBQ-0485-CANON-Q3,SkyScript,images/FBQ-0485_ir.jpg,images/FBQ-0485_rgb.jpg,spatial_structure,Where is the basin relative to the gridded array?,Below and right,rewrite,1,1,1,The dark rectangular basin lies below and to the right of the gridded feature.,
FBQ-0485,FBQ-0485-CANON-Q4,SkyScript,images/FBQ-0485_ir.jpg,images/FBQ-0485_rgb.jpg,intensity_contrast,"Which is darker, the basin or surrounding ground?",The basin,rewrite,1,1,1,The basin interior is consistently darker than the surrounding midtone ground.,
FBQ-0486,FBQ-0486-CANON-Q1,SkyScript,images/FBQ-0486_ir.jpg,images/FBQ-0486_rgb.jpg,scene_category,What type of scene is shown?,Waterfront with piers,sol,1,1,1,Several narrow projections extend from a distinct shoreline into a broad textured field.,
FBQ-0486,FBQ-0486-CANON-Q2,SkyScript,images/FBQ-0486_ir.jpg,images/FBQ-0486_rgb.jpg,object_presence,Are four narrow piers visible?,Yes,sol,1,1,1,Four separate elongated rectangular projections can be counted.,
FBQ-0486,FBQ-0486-CANON-Q3,SkyScript,images/FBQ-0486_ir.jpg,images/FBQ-0486_rgb.jpg,spatial_structure,How are the piers arranged?,Parallel from the shoreline,sol,1,1,1,The four bars share a diagonal orientation and originate near the lower-right boundary.,
FBQ-0486,FBQ-0486-CANON-Q4,SkyScript,images/FBQ-0486_ir.jpg,images/FBQ-0486_rgb.jpg,intensity_contrast,"Which is brighter, the piers or water?",The piers,sol,1,1,1,The elongated piers are bright against the much darker surrounding water.,
FBQ-0487,FBQ-0487-CANON-Q1,SkyScript,images/FBQ-0487_ir.jpg,images/FBQ-0487_rgb.jpg,scene_category,What type of landscape occupies the image?,Forest clearing,sol,1,1,1,"A relatively open central region is enclosed by dense, highly textured vegetation.",
FBQ-0487,FBQ-0487-CANON-Q2,SkyScript,images/FBQ-0487_ir.jpg,images/FBQ-0487_rgb.jpg,object_presence,Are elongated objects visible in the clearing?,Yes,rewrite,1,1,1,Several distinct elongated forms appear within the smoother central opening.,
FBQ-0487,FBQ-0487-CANON-Q3,SkyScript,images/FBQ-0487_ir.jpg,images/FBQ-0487_rgb.jpg,spatial_structure,What surrounds the central clearing?,Dense vegetation,sol,1,1,1,Coarse clustered texture borders the clearing on most sides.,
FBQ-0487,FBQ-0487-CANON-Q4,SkyScript,images/FBQ-0487_ir.jpg,images/FBQ-0487_rgb.jpg,intensity_contrast,Which region has the coarser intensity texture?,The surrounding vegetation,sol,1,1,1,The surrounding area has dense bright-dark mottling unlike the smoother clearing.,
FBQ-0488,FBQ-0488-CANON-Q1,SkyScript,images/FBQ-0488_ir.jpg,images/FBQ-0488_rgb.jpg,scene_category,What type of structure dominates the scene?,Long rectangular building,sol,1,1,1,A sharply bounded elongated roof-like rectangle occupies most of the image.,
FBQ-0488,FBQ-0488-CANON-Q2,SkyScript,images/FBQ-0488_ir.jpg,images/FBQ-0488_rgb.jpg,object_presence,Is one long rectangular structure present?,Yes,sol,1,1,1,A single continuous elongated rectangular outline is clearly visible.,
FBQ-0488,FBQ-0488-CANON-Q3,SkyScript,images/FBQ-0488_ir.jpg,images/FBQ-0488_rgb.jpg,spatial_structure,How does the structure extend across the image?,Diagonally from left to right,sol,1,1,1,Its long edges slope across nearly the full width of the image.,
FBQ-0488,FBQ-0488-CANON-Q4,SkyScript,images/FBQ-0488_ir.jpg,images/FBQ-0488_rgb.jpg,intensity_contrast,"Which is brighter, the structure or adjacent ground?",The structure,sol,1,1,1,The rectangular structure is bright against darker regions on both sides.,
FBQ-0489,FBQ-0489-CANON-Q1,SkyScript,images/FBQ-0489_ir.jpg,images/FBQ-0489_rgb.jpg,scene_category,What type of site is visible?,Excavation site,rewrite,1,1,1,"Irregular disturbed ground, rough tracks, and two angular depressions occupy the right side.",
FBQ-0489,FBQ-0489-CANON-Q2,SkyScript,images/FBQ-0489_ir.jpg,images/FBQ-0489_rgb.jpg,object_presence,Are two dark basins visible?,Yes,rewrite,1,1,1,Two separate dark enclosed regions are clearly visible near the center-right.,
FBQ-0489,FBQ-0489-CANON-Q3,SkyScript,images/FBQ-0489_ir.jpg,images/FBQ-0489_rgb.jpg,spatial_structure,Where are the basins relative to the coarse region?,To the right,rewrite,1,1,1,Both basins lie immediately right of the densely textured region.,
FBQ-0489,FBQ-0489-CANON-Q4,SkyScript,images/FBQ-0489_ir.jpg,images/FBQ-0489_rgb.jpg,intensity_contrast,"Which is darker, the basins or surrounding ground?",The basins,rewrite,1,1,1,Both basin interiors are markedly darker than the surrounding rough ground.,
FBQ-0490,FBQ-0490-CANON-Q1,SkyScript,images/FBQ-0490_ir.jpg,images/FBQ-0490_rgb.jpg,scene_category,What type of setting is shown?,Building grounds,terra,1,1,1,A large structured roof is surrounded by paths and irregular textured patches.,
FBQ-0490,FBQ-0490-CANON-Q2,SkyScript,images/FBQ-0490_ir.jpg,images/FBQ-0490_rgb.jpg,object_presence,Is a geometric roof visible?,Yes,rewrite,1,1,1,Several angular roof sections meet near a central point.,
FBQ-0490,FBQ-0490-CANON-Q3,SkyScript,images/FBQ-0490_ir.jpg,images/FBQ-0490_rgb.jpg,spatial_structure,Where are the textured patches relative to the building?,Around the building,rewrite,1,1,1,Irregular clustered patches border multiple sides of the central angular structure.,
FBQ-0490,FBQ-0490-CANON-Q4,SkyScript,images/FBQ-0490_ir.jpg,images/FBQ-0490_rgb.jpg,intensity_contrast,What intensity pattern appears across the roof sections?,Alternating bright and dark,rewrite,1,1,1,Adjacent angular roof sections have strongly different grayscale intensities.,
FBQ-0491,FBQ-0491-CANON-Q1,SkyScript,images/FBQ-0491_ir.jpg,images/FBQ-0491_rgb.jpg,scene_category,What type of scene occupies the image?,A building complex,sol,1,1,1,Multiple connected angular roof outlines occupy the IR image.,
FBQ-0491,FBQ-0491-CANON-Q2,SkyScript,images/FBQ-0491_ir.jpg,images/FBQ-0491_rgb.jpg,object_presence,Are multiple pitched roof sections present?,Yes,sol,1,1,1,Several adjoining triangular and sloped roof shapes are visible in IR.,
FBQ-0491,FBQ-0491-CANON-Q3,SkyScript,images/FBQ-0491_ir.jpg,images/FBQ-0491_rgb.jpg,spatial_structure,How are the roof sections arranged?,Connected in a cluster,sol,1,1,1,The angular roof planes meet along shared edges near the image center.,
FBQ-0491,FBQ-0491-CANON-Q4,SkyScript,images/FBQ-0491_ir.jpg,images/FBQ-0491_rgb.jpg,intensity_contrast,Do adjacent roof planes have contrasting intensities?,Yes,sol,1,1,1,Bright roof faces directly border much darker roof faces.,
FBQ-0492,FBQ-0492-CANON-Q1,SkyScript,images/FBQ-0492_ir.jpg,images/FBQ-0492_rgb.jpg,scene_category,What broad structure dominates the scene?,A large circular structure,rewrite,1,1,1,A sharply bounded circular structure fills most of the IR frame.,
FBQ-0492,FBQ-0492-CANON-Q2,SkyScript,images/FBQ-0492_ir.jpg,images/FBQ-0492_rgb.jpg,object_presence,Are two small bright points visible near the center?,Yes,sol,1,1,1,Two distinct bright points appear within the circular region.,
FBQ-0492,FBQ-0492-CANON-Q3,SkyScript,images/FBQ-0492_ir.jpg,images/FBQ-0492_rgb.jpg,spatial_structure,Where are the smaller angular forms located?,Around the circular structure,sol,1,1,1,Irregular angular shapes border the circle on multiple sides.,
FBQ-0492,FBQ-0492-CANON-Q4,SkyScript,images/FBQ-0492_ir.jpg,images/FBQ-0492_rgb.jpg,intensity_contrast,Is the circular rim darker than its interior?,Yes,sol,1,1,1,A dark annular boundary surrounds the smoother mid-gray interior.,
FBQ-0493,FBQ-0493-CANON-Q2,SkyScript,images/FBQ-0493_ir.jpg,images/FBQ-0493_rgb.jpg,object_presence,Is an elongated dark feature visible?,Yes,sol,1,1,1,A continuous dark irregular feature extends through the central IR region.,Severe IR blur prevents reliable scene-category identification. Retry18 adjudication: Severe blur prevents a defensible scene category. Retry9 adjudication: 严重模糊，仅有不规则强度纹理，无法确定有意义的场景类别。
FBQ-0493,FBQ-0493-CANON-Q3,SkyScript,images/FBQ-0493_ir.jpg,images/FBQ-0493_rgb.jpg,spatial_structure,Where is the dark feature located?,Across the central area,sol,1,1,1,The feature runs from the upper center toward the lower central edge.,Severe IR blur prevents reliable scene-category identification. Retry18 adjudication: Severe blur prevents a defensible scene category. Retry9 adjudication: 严重模糊，仅有不规则强度纹理，无法确定有意义的场景类别。
FBQ-0493,FBQ-0493-CANON-Q4,SkyScript,images/FBQ-0493_ir.jpg,images/FBQ-0493_rgb.jpg,intensity_contrast,Is the central feature darker than its background?,Yes,sol,1,1,1,The feature has substantially lower grayscale intensity than the surrounding smooth field.,Severe IR blur prevents reliable scene-category identification. Retry18 adjudication: Severe blur prevents a defensible scene category. Retry9 adjudication: 严重模糊，仅有不规则强度纹理，无法确定有意义的场景类别。
FBQ-0494,FBQ-0494-CANON-Q1,SkyScript,images/FBQ-0494_ir.jpg,images/FBQ-0494_rgb.jpg,scene_category,What linear feature dominates the image?,A straight channel,rewrite,1,1,1,A broad uniform strip is enclosed by two long parallel borders.,
FBQ-0494,FBQ-0494-CANON-Q2,SkyScript,images/FBQ-0494_ir.jpg,images/FBQ-0494_rgb.jpg,object_presence,Are two parallel borders visible?,Yes,rewrite,1,1,1,Narrow linear boundaries run along both sides of the central strip.,
FBQ-0494,FBQ-0494-CANON-Q3,SkyScript,images/FBQ-0494_ir.jpg,images/FBQ-0494_rgb.jpg,spatial_structure,Which direction does the channel extend?,Top to bottom,rewrite,1,1,1,The central strip spans nearly the full vertical height of the IR image.,
FBQ-0494,FBQ-0494-CANON-Q4,SkyScript,images/FBQ-0494_ir.jpg,images/FBQ-0494_rgb.jpg,intensity_contrast,Is the channel darker than its borders?,Yes,rewrite,1,1,1,The central strip is dark gray while both bordering edges are much brighter.,
FBQ-0495,FBQ-0495-CANON-Q1,SkyScript,images/FBQ-0495_ir.jpg,images/FBQ-0495_rgb.jpg,scene_category,What type of site is shown?,A basin complex,rewrite,1,1,1,Multiple large enclosed basins with straight shared boundaries occupy the scene.,
FBQ-0495,FBQ-0495-CANON-Q2,SkyScript,images/FBQ-0495_ir.jpg,images/FBQ-0495_rgb.jpg,object_presence,Are multiple enclosed basins visible?,Yes,terra,1,1,1,Several separate dark enclosed polygonal regions are visible.,
FBQ-0495,FBQ-0495-CANON-Q3,SkyScript,images/FBQ-0495_ir.jpg,images/FBQ-0495_rgb.jpg,spatial_structure,How are the basins arranged?,As adjacent units,rewrite,1,1,1,The basins sit beside one another with narrow separating edges.,
FBQ-0495,FBQ-0495-CANON-Q4,SkyScript,images/FBQ-0495_ir.jpg,images/FBQ-0495_rgb.jpg,intensity_contrast,Are the basins darker than the embankments?,Yes,terra,1,1,1,The basin interiors are dark while their linear borders are bright.,
FBQ-0496,FBQ-0496-CANON-Q1,SkyScript,images/FBQ-0496_ir.jpg,images/FBQ-0496_rgb.jpg,scene_category,What type of scene is visible?,A courtyard building complex,sol,1,1,1,Large roof sections enclose a distinct open rectangular central space.,
FBQ-0496,FBQ-0496-CANON-Q2,SkyScript,images/FBQ-0496_ir.jpg,images/FBQ-0496_rgb.jpg,object_presence,Is an enclosed courtyard present?,Yes,sol,1,1,1,A bright open rectangular area is bounded by buildings on multiple sides.,
FBQ-0496,FBQ-0496-CANON-Q3,SkyScript,images/FBQ-0496_ir.jpg,images/FBQ-0496_rgb.jpg,spatial_structure,Where is the courtyard relative to the roofs?,Between the roof sections,sol,1,1,1,The open textured area lies centrally between broad roof bands.,
FBQ-0496,FBQ-0496-CANON-Q4,SkyScript,images/FBQ-0496_ir.jpg,images/FBQ-0496_rgb.jpg,intensity_contrast,Is the courtyard brighter than the dark roofs?,Yes,sol,1,1,1,The courtyard appears very bright beside the extensive dark roof surfaces.,
FBQ-0497,FBQ-0497-CANON-Q1,SkyScript,images/FBQ-0497_ir.jpg,images/FBQ-0497_rgb.jpg,scene_category,What landform occupies the center?,A pond,sol,1,1,1,A bounded dark region with an irregular shoreline-like outline dominates the center.,
FBQ-0497,FBQ-0497-CANON-Q2,SkyScript,images/FBQ-0497_ir.jpg,images/FBQ-0497_rgb.jpg,object_presence,Is a shoreline visible?,Yes,terra,1,1,1,An uneven bright boundary separates the dark region from surrounding terrain.,
FBQ-0497,FBQ-0497-CANON-Q3,SkyScript,images/FBQ-0497_ir.jpg,images/FBQ-0497_rgb.jpg,spatial_structure,Which direction does the narrow projection extend?,Downward,rewrite,1,1,1,A thin dark projection descends from the main dark region.,
FBQ-0497,FBQ-0497-CANON-Q4,SkyScript,images/FBQ-0497_ir.jpg,images/FBQ-0497_rgb.jpg,intensity_contrast,Is the pond darker than the surrounding ground?,Yes,sol,1,1,1,The pond interior is near-black while the surrounding terrain is light gray.,
FBQ-0498,FBQ-0498-CANON-Q1,SkyScript,images/FBQ-0498_ir.jpg,images/FBQ-0498_rgb.jpg,scene_category,What type of facility is visible?,Sports facility,rewrite_backfill,1,1,1,Multiple evenly spaced parallel track-like bands cross the lower part of the frame.,IR blur prevents reliable identification of the site category.
FBQ-0498,FBQ-0498-CANON-Q2,SkyScript,images/FBQ-0498_ir.jpg,images/FBQ-0498_rgb.jpg,object_presence,Are repeated rounded forms visible?,Yes,rewrite,1,1,1,Multiple rounded textured forms repeat across the upper and central IR areas.,IR blur prevents reliable identification of the site category.
FBQ-0498,FBQ-0498-CANON-Q3,SkyScript,images/FBQ-0498_ir.jpg,images/FBQ-0498_rgb.jpg,spatial_structure,Where are the rounded forms relative to the linear band?,Above the band,rewrite,1,1,1,The repeated rounded forms form rows directly above the broad horizontal band.,IR blur prevents reliable identification of the site category.
FBQ-0498,FBQ-0498-CANON-Q4,SkyScript,images/FBQ-0498_ir.jpg,images/FBQ-0498_rgb.jpg,intensity_contrast,Are the rounded forms brighter than the linear band?,Yes,rewrite,1,1,1,The rounded forms have higher intensity than the adjacent dark band.,IR blur prevents reliable identification of the site category.
FBQ-0499,FBQ-0499-CANON-Q1,SkyScript,images/FBQ-0499_ir.jpg,images/FBQ-0499_rgb.jpg,scene_category,What structure dominates the image?,A large roofed building,sol,1,1,1,A single extensive angular roof footprint occupies most of the IR frame.,
FBQ-0499,FBQ-0499-CANON-Q2,SkyScript,images/FBQ-0499_ir.jpg,images/FBQ-0499_rgb.jpg,object_presence,Is a triangular roof projection present?,Yes,sol,1,1,1,A distinct triangular roof section projects from the main roof on the right.,
FBQ-0499,FBQ-0499-CANON-Q3,SkyScript,images/FBQ-0499_ir.jpg,images/FBQ-0499_rgb.jpg,spatial_structure,Where is the triangular projection located?,On the right side,sol,1,1,1,The triangular outline adjoins the right portion of the long main roof.,
FBQ-0499,FBQ-0499-CANON-Q4,SkyScript,images/FBQ-0499_ir.jpg,images/FBQ-0499_rgb.jpg,intensity_contrast,Is the main roof brighter than the adjacent ground?,Yes,rewrite,1,1,1,The broad roof surface is light gray to bright while the area at right is darker.,
FBQ-0500,FBQ-0500-CANON-Q1,SkyScript,images/FBQ-0500_ir.jpg,images/FBQ-0500_rgb.jpg,scene_category,What type of built scene is shown?,Panel-covered rooftop,rewrite_backfill,1,1,1,A bounded planar roof-like surface contains organized rows of repeated dark panels.,IR blur prevents reliable scene-category identification.
FBQ-0500,FBQ-0500-CANON-Q2,SkyScript,images/FBQ-0500_ir.jpg,images/FBQ-0500_rgb.jpg,object_presence,Are repeated parallel strips visible?,Yes,sol,1,1,1,Several long dark strips repeat at regular spacing in the central IR area.,IR blur prevents reliable scene-category identification.
FBQ-0500,FBQ-0500-CANON-Q3,SkyScript,images/FBQ-0500_ir.jpg,images/FBQ-0500_rgb.jpg,spatial_structure,How are the dark strips arranged?,In parallel rows,sol,1,1,1,The strips share the same diagonal orientation and are evenly spaced.,IR blur prevents reliable scene-category identification.
FBQ-0500,FBQ-0500-CANON-Q4,SkyScript,images/FBQ-0500_ir.jpg,images/FBQ-0500_rgb.jpg,intensity_contrast,Are the strips darker than the surrounding surface?,Yes,sol,1,1,1,The repeated strips have lower grayscale intensity than the smooth background.,IR blur prevents reliable scene-category identification.
